[     467ms] [WARNING] Reflect is already polyfilled. @ https://sf16-website-login.neutral.ttwstatic.com/obj/tiktok_web_login_static/tiktok/webapp/main/react-v18/webapp-desktop/static/js/webapp-desktop.d69e4fd6.js:0
[     528ms] [ERROR] Consume appContext before init @ https://sf16-website-login.neutral.ttwstatic.com/obj/tiktok_web_login_static/tiktok/webapp/main/react-v18/webapp-desktop/static/js/webapp-desktop.d69e4fd6.js:0
[    1254ms] [LOG] %c %s color: yellow; background-color: black; [instance: default] appid: 1988, userInfo:{"user_unique_id":"7649786990460012039","user_type":12,"user_id":"7598222841687163921","user_is_login":true,"device_id":"7649786990460012039"} @ https://sf16-website-login.neutral.ttwstatic.com/obj/tiktok_web_login_static/tiktok/webapp/main/react-v18/webapp-desktop/static/js/npm-dp-byted-tea-sdk-oversea.f4e273c4.js:0
[    1255ms] [LOG] %c %s color: yellow; background-color: black; [instance: default] appid: 1988, sdk is ready, version is 5.3.17, you can report now !!! @ https://sf16-website-login.neutral.ttwstatic.com/obj/tiktok_web_login_static/tiktok/webapp/main/react-v18/webapp-desktop/static/js/npm-dp-byted-tea-sdk-oversea.f4e273c4.js:0
[    1334ms] Uncaught Error: Minified React error #418; visit https://reactjs.org/docs/error-decoder.html?invariant=418 for the full message or use the non-minified dev environment for full errors and additional helpful warnings.
    at ag (https://sf16-website-login.neutral.ttwstatic.com/obj/tiktok_web_login_static/tiktok/webapp/main/react-v18/webapp-desktop/static/js/npm-react.db934f16.js:1:122523)
    at u (https://sf16-website-login.neutral.ttwstatic.com/obj/tiktok_web_login_static/tiktok/webapp/main/react-v18/webapp-desktop/static/js/npm-react.db934f16.js:1:197146)
    at iI (https://sf16-website-login.neutral.ttwstatic.com/obj/tiktok_web_login_static/tiktok/webapp/main/react-v18/webapp-desktop/static/js/npm-react.db934f16.js:1:175130)
    at iD (https://sf16-website-login.neutral.ttwstatic.com/obj/tiktok_web_login_static/tiktok/webapp/main/react-v18/webapp-desktop/static/js/npm-react.db934f16.js:1:175000)
    at iE (https://sf16-website-login.neutral.ttwstatic.com/obj/tiktok_web_login_static/tiktok/webapp/main/react-v18/webapp-desktop/static/js/npm-react.db934f16.js:1:170073)
    at x (https://sf16-website-login.neutral.ttwstatic.com/obj/tiktok_web_login_static/tiktok/webapp/main/react-v18/webapp-desktop/static/js/npm-react.db934f16.js:1:265514)
    at N (https://sf16-website-login.neutral.ttwstatic.com/obj/tiktok_web_login_static/tiktok/webapp/main/react-v18/webapp-desktop/static/js/npm-react.db934f16.js:1:266044)
[    1334ms] Uncaught Error: Minified React error #418; visit https://reactjs.org/docs/error-decoder.html?invariant=418 for the full message or use the non-minified dev environment for full errors and additional helpful warnings.
    at ag (https://sf16-website-login.neutral.ttwstatic.com/obj/tiktok_web_login_static/tiktok/webapp/main/react-v18/webapp-desktop/static/js/npm-react.db934f16.js:1:122523)
    at u (https://sf16-website-login.neutral.ttwstatic.com/obj/tiktok_web_login_static/tiktok/webapp/main/react-v18/webapp-desktop/static/js/npm-react.db934f16.js:1:197146)
    at iI (https://sf16-website-login.neutral.ttwstatic.com/obj/tiktok_web_login_static/tiktok/webapp/main/react-v18/webapp-desktop/static/js/npm-react.db934f16.js:1:175130)
    at iD (https://sf16-website-login.neutral.ttwstatic.com/obj/tiktok_web_login_static/tiktok/webapp/main/react-v18/webapp-desktop/static/js/npm-react.db934f16.js:1:175000)
    at iE (https://sf16-website-login.neutral.ttwstatic.com/obj/tiktok_web_login_static/tiktok/webapp/main/react-v18/webapp-desktop/static/js/npm-react.db934f16.js:1:170073)
    at x (https://sf16-website-login.neutral.ttwstatic.com/obj/tiktok_web_login_static/tiktok/webapp/main/react-v18/webapp-desktop/static/js/npm-react.db934f16.js:1:265514)
    at N (https://sf16-website-login.neutral.ttwstatic.com/obj/tiktok_web_login_static/tiktok/webapp/main/react-v18/webapp-desktop/static/js/npm-react.db934f16.js:1:266044)
[    1334ms] Uncaught Error: Minified React error #418; visit https://reactjs.org/docs/error-decoder.html?invariant=418 for the full message or use the non-minified dev environment for full errors and additional helpful warnings.
    at ag (https://sf16-website-login.neutral.ttwstatic.com/obj/tiktok_web_login_static/tiktok/webapp/main/react-v18/webapp-desktop/static/js/npm-react.db934f16.js:1:122523)
    at u (https://sf16-website-login.neutral.ttwstatic.com/obj/tiktok_web_login_static/tiktok/webapp/main/react-v18/webapp-desktop/static/js/npm-react.db934f16.js:1:197146)
    at iI (https://sf16-website-login.neutral.ttwstatic.com/obj/tiktok_web_login_static/tiktok/webapp/main/react-v18/webapp-desktop/static/js/npm-react.db934f16.js:1:175130)
    at iD (https://sf16-website-login.neutral.ttwstatic.com/obj/tiktok_web_login_static/tiktok/webapp/main/react-v18/webapp-desktop/static/js/npm-react.db934f16.js:1:175000)
    at iE (https://sf16-website-login.neutral.ttwstatic.com/obj/tiktok_web_login_static/tiktok/webapp/main/react-v18/webapp-desktop/static/js/npm-react.db934f16.js:1:170073)
    at x (https://sf16-website-login.neutral.ttwstatic.com/obj/tiktok_web_login_static/tiktok/webapp/main/react-v18/webapp-desktop/static/js/npm-react.db934f16.js:1:265514)
    at N (https://sf16-website-login.neutral.ttwstatic.com/obj/tiktok_web_login_static/tiktok/webapp/main/react-v18/webapp-desktop/static/js/npm-react.db934f16.js:1:266044)
[    1335ms] Uncaught Error: Minified React error #418; visit https://reactjs.org/docs/error-decoder.html?invariant=418 for the full message or use the non-minified dev environment for full errors and additional helpful warnings.
    at ag (https://sf16-website-login.neutral.ttwstatic.com/obj/tiktok_web_login_static/tiktok/webapp/main/react-v18/webapp-desktop/static/js/npm-react.db934f16.js:1:122523)
    at u (https://sf16-website-login.neutral.ttwstatic.com/obj/tiktok_web_login_static/tiktok/webapp/main/react-v18/webapp-desktop/static/js/npm-react.db934f16.js:1:197146)
    at iI (https://sf16-website-login.neutral.ttwstatic.com/obj/tiktok_web_login_static/tiktok/webapp/main/react-v18/webapp-desktop/static/js/npm-react.db934f16.js:1:175130)
    at iD (https://sf16-website-login.neutral.ttwstatic.com/obj/tiktok_web_login_static/tiktok/webapp/main/react-v18/webapp-desktop/static/js/npm-react.db934f16.js:1:175000)
    at iE (https://sf16-website-login.neutral.ttwstatic.com/obj/tiktok_web_login_static/tiktok/webapp/main/react-v18/webapp-desktop/static/js/npm-react.db934f16.js:1:170073)
    at x (https://sf16-website-login.neutral.ttwstatic.com/obj/tiktok_web_login_static/tiktok/webapp/main/react-v18/webapp-desktop/static/js/npm-react.db934f16.js:1:265514)
    at N (https://sf16-website-login.neutral.ttwstatic.com/obj/tiktok_web_login_static/tiktok/webapp/main/react-v18/webapp-desktop/static/js/npm-react.db934f16.js:1:266044)
[    1335ms] Uncaught Error: Minified React error #418; visit https://reactjs.org/docs/error-decoder.html?invariant=418 for the full message or use the non-minified dev environment for full errors and additional helpful warnings.
    at ag (https://sf16-website-login.neutral.ttwstatic.com/obj/tiktok_web_login_static/tiktok/webapp/main/react-v18/webapp-desktop/static/js/npm-react.db934f16.js:1:122523)
    at u (https://sf16-website-login.neutral.ttwstatic.com/obj/tiktok_web_login_static/tiktok/webapp/main/react-v18/webapp-desktop/static/js/npm-react.db934f16.js:1:197146)
    at iI (https://sf16-website-login.neutral.ttwstatic.com/obj/tiktok_web_login_static/tiktok/webapp/main/react-v18/webapp-desktop/static/js/npm-react.db934f16.js:1:175130)
    at iD (https://sf16-website-login.neutral.ttwstatic.com/obj/tiktok_web_login_static/tiktok/webapp/main/react-v18/webapp-desktop/static/js/npm-react.db934f16.js:1:175000)
    at iE (https://sf16-website-login.neutral.ttwstatic.com/obj/tiktok_web_login_static/tiktok/webapp/main/react-v18/webapp-desktop/static/js/npm-react.db934f16.js:1:170073)
    at x (https://sf16-website-login.neutral.ttwstatic.com/obj/tiktok_web_login_static/tiktok/webapp/main/react-v18/webapp-desktop/static/js/npm-react.db934f16.js:1:265514)
    at N (https://sf16-website-login.neutral.ttwstatic.com/obj/tiktok_web_login_static/tiktok/webapp/main/react-v18/webapp-desktop/static/js/npm-react.db934f16.js:1:266044)
[    1335ms] Uncaught Error: Minified React error #418; visit https://reactjs.org/docs/error-decoder.html?invariant=418 for the full message or use the non-minified dev environment for full errors and additional helpful warnings.
    at ag (https://sf16-website-login.neutral.ttwstatic.com/obj/tiktok_web_login_static/tiktok/webapp/main/react-v18/webapp-desktop/static/js/npm-react.db934f16.js:1:122523)
    at u (https://sf16-website-login.neutral.ttwstatic.com/obj/tiktok_web_login_static/tiktok/webapp/main/react-v18/webapp-desktop/static/js/npm-react.db934f16.js:1:197323)
    at iI (https://sf16-website-login.neutral.ttwstatic.com/obj/tiktok_web_login_static/tiktok/webapp/main/react-v18/webapp-desktop/static/js/npm-react.db934f16.js:1:175130)
    at iD (https://sf16-website-login.neutral.ttwstatic.com/obj/tiktok_web_login_static/tiktok/webapp/main/react-v18/webapp-desktop/static/js/npm-react.db934f16.js:1:175000)
    at iE (https://sf16-website-login.neutral.ttwstatic.com/obj/tiktok_web_login_static/tiktok/webapp/main/react-v18/webapp-desktop/static/js/npm-react.db934f16.js:1:170073)
    at x (https://sf16-website-login.neutral.ttwstatic.com/obj/tiktok_web_login_static/tiktok/webapp/main/react-v18/webapp-desktop/static/js/npm-react.db934f16.js:1:265514)
    at N (https://sf16-website-login.neutral.ttwstatic.com/obj/tiktok_web_login_static/tiktok/webapp/main/react-v18/webapp-desktop/static/js/npm-react.db934f16.js:1:266044)
[    1335ms] Uncaught Error: Minified React error #423; visit https://reactjs.org/docs/error-decoder.html?invariant=423 for the full message or use the non-minified dev environment for full errors and additional helpful warnings.
    at u (https://sf16-website-login.neutral.ttwstatic.com/obj/tiktok_web_login_static/tiktok/webapp/main/react-v18/webapp-desktop/static/js/npm-react.db934f16.js:1:196805)
    at iI (https://sf16-website-login.neutral.ttwstatic.com/obj/tiktok_web_login_static/tiktok/webapp/main/react-v18/webapp-desktop/static/js/npm-react.db934f16.js:1:175130)
    at iD (https://sf16-website-login.neutral.ttwstatic.com/obj/tiktok_web_login_static/tiktok/webapp/main/react-v18/webapp-desktop/static/js/npm-react.db934f16.js:1:175000)
    at iC (https://sf16-website-login.neutral.ttwstatic.com/obj/tiktok_web_login_static/tiktok/webapp/main/react-v18/webapp-desktop/static/js/npm-react.db934f16.js:1:171771)
    at iE (https://sf16-website-login.neutral.ttwstatic.com/obj/tiktok_web_login_static/tiktok/webapp/main/react-v18/webapp-desktop/static/js/npm-react.db934f16.js:1:170326)
    at x (https://sf16-website-login.neutral.ttwstatic.com/obj/tiktok_web_login_static/tiktok/webapp/main/react-v18/webapp-desktop/static/js/npm-react.db934f16.js:1:265514)
    at N (https://sf16-website-login.neutral.ttwstatic.com/obj/tiktok_web_login_static/tiktok/webapp/main/react-v18/webapp-desktop/static/js/npm-react.db934f16.js:1:266044)
[    1596ms] [INFO] . @ https://sf16-website-login.neutral.ttwstatic.com/obj/tiktok_web_login_static/webmssdk/1.0.0.374/webmssdk.js:0
[    1939ms] [WARNING] filter merge event: sibyl_sdk_collector_init_result error, pls check Converting circular structure to JSON
    --> starting at object with constructor 'e'
    |     property 'pluginInstances' -> object with constructor 'Array'
    |     index 0 -> object with constructor 'e'
    --- property 'collect' closes the circle @ https://sf16-website-login.neutral.ttwstatic.com/obj/tiktok_web_login_static/tiktok/webapp/main/react-v18/webapp-desktop/static/js/npm-dp-byted-tea-sdk-oversea.f4e273c4.js:0
[    1939ms] [LOG] %c %s color: yellow; background-color: black; [instance: sibylSdkTea] appid: 594856, userInfo:{"user_unique_id":"7649796668971861512","web_id":"7649796668971861512"} @ https://sf16-website-login.neutral.ttwstatic.com/obj/tiktok_web_login_static/webmssdk/1.0.0.374/webmssdk.js:0
[    1939ms] [LOG] %c %s color: yellow; background-color: black; [instance: sibylSdkTea] appid: 594856, sdk is ready, version is 5.3.17, you can report now !!! @ https://sf16-website-login.neutral.ttwstatic.com/obj/tiktok_web_login_static/webmssdk/1.0.0.374/webmssdk.js:0
[    2053ms] [LOG] ws.opened @ https://sf16-website-login.neutral.ttwstatic.com/obj/tiktok_web_login_static/webmssdk/1.0.0.374/webmssdk.js:0
[    2054ms] [WARNING] [SDK] 1781107814030        0 already inited @ https://sf16-website-login.neutral.ttwstatic.com/obj/tiktok_web_login_static/slardar/fe/sdk-web/browser.sg.js?bid=tiktok_webapp&globalName=SlardarClient:0
[    2150ms] [WARNING] [i18n] missing key [en] Webapp Close_button Close_button @ https://sf16-website-login.neutral.ttwstatic.com/obj/tiktok_web_login_static/tiktok/webapp/main/react-v18/webapp-desktop/static/js/biz.common.lib.7eac74a6.js:0
[    2960ms] [WARNING] [TikTok desktop app SDK Monitor]:   WARN:[printFirstFeedShow]The current environment is not inside the client. @ https://sf16-website-login.neutral.ttwstatic.com/obj/tiktok_web_login_static/tiktok/webapp/main/react-v18/webapp-desktop/static/js/webapp-desktop.d69e4fd6.js:0
[    3613ms] [LOG] %c %s color: yellow; background-color: black; [instance: cookie_banner_tea_sdk] appid: 345918, userInfo:{"user_unique_id":"7649787001097504274","web_id":"7649787001097504274"} @ https://sf16-website-login.neutral.ttwstatic.com/obj/tiktok_web_login_static/webmssdk/1.0.0.374/webmssdk.js:0
[    3613ms] [LOG] %c %s color: yellow; background-color: black; [instance: cookie_banner_tea_sdk] appid: 345918, sdk is ready, version is 5.3.17, you can report now !!! @ https://sf16-website-login.neutral.ttwstatic.com/obj/tiktok_web_login_static/webmssdk/1.0.0.374/webmssdk.js:0
[    4781ms] [ERROR] Access to XMLHttpRequest at 'https://starling-sg.tiktokv.com/check_and_get_text/2e1fcc60aeaa11e99ef535aeebd27c9b/normal/account_server?lang=en,zh&version=1776234977523551000' from origin 'https://www.tiktok.com' has been blocked by CORS policy: No 'Access-Control-Allow-Origin' header is present on the requested resource. @ https://www.tiktok.com/@elhegawyeditor?lang=en:0
[    4782ms] [ERROR] [I18nContext] load starling error Error: Network Error
    at new t (https://sf16-website-login.neutral.ttwstatic.com/obj/tiktok_web_login_static/tiktok/webapp/main/react-v18/webapp-desktop/static/js/i18n.c716e814.js:2:15705)
    at i.onerror (https://sf16-website-login.neutral.ttwstatic.com/obj/tiktok_web_login_static/tiktok/webapp/main/react-v18/webapp-desktop/static/js/i18n.c716e814.js:2:16590) @ https://sf16-website-login.neutral.ttwstatic.com/obj/tiktok_web_login_static/tiktok/webapp/main/react-v18/webapp-desktop/static/js/webapp-desktop.d69e4fd6.js:0
[    4783ms] [ERROR] Failed to load resource: net::ERR_FAILED @ https://starling-sg.tiktokv.com/check_and_get_text/2e1fcc60aeaa11e99ef535aeebd27c9b/normal/account_server?lang=en,zh&version=1776234977523551000:0
[   17875ms] [WARNING] The resource https://sf16-website-login.neutral.ttwstatic.com/obj/tiktok_web_login_static/tiktok/web/tiktok_fe_login_vmok/static/js/async/__federation_expose_pure.7bb71833.js was preloaded using link preload but not used within a few seconds from the window's load event. Please make sure it has an appropriate `as` value and it is preloaded intentionally. @ https://www.tiktok.com/@elhegawyeditor?lang=en:0
[   17875ms] [WARNING] The resource https://sf16-website-login.neutral.ttwstatic.com/obj/tiktok_web_login_static/tiktok/web/tiktok_fe_login_vmok/static/js/async/3911.77069edd.js was preloaded using link preload but not used within a few seconds from the window's load event. Please make sure it has an appropriate `as` value and it is preloaded intentionally. @ https://www.tiktok.com/@elhegawyeditor?lang=en:0
[   17884ms] [WARNING] The resource https://sf16-website-login.neutral.ttwstatic.com/obj/tiktok_web_login_static/tiktok/web/tiktok_fe_login_vmok/static/js/async/1265.abf06e8b.js was preloaded using link preload but not used within a few seconds from the window's load event. Please make sure it has an appropriate `as` value and it is preloaded intentionally. @ https://www.tiktok.com/@elhegawyeditor?lang=en:0
[   17885ms] [WARNING] The resource https://sf16-website-login.neutral.ttwstatic.com/obj/tiktok_web_login_static/tiktok/web/tiktok_fe_login_vmok/static/js/async/5613.8d5871a3.js was preloaded using link preload but not used within a few seconds from the window's load event. Please make sure it has an appropriate `as` value and it is preloaded intentionally. @ https://www.tiktok.com/@elhegawyeditor?lang=en:0
[   17885ms] [WARNING] The resource https://sf16-website-login.neutral.ttwstatic.com/obj/tiktok_web_login_static/tiktok/web/tiktok_fe_login_vmok/static/js/async/1775.2141490f.js was preloaded using link preload but not used within a few seconds from the window's load event. Please make sure it has an appropriate `as` value and it is preloaded intentionally. @ https://www.tiktok.com/@elhegawyeditor?lang=en:0
[   17886ms] [WARNING] The resource https://sf16-website-login.neutral.ttwstatic.com/obj/tiktok_web_login_static/tiktok/web/tiktok_fe_login_vmok/static/js/async/argus-builder-strategy.3e97a26f.js was preloaded using link preload but not used within a few seconds from the window's load event. Please make sure it has an appropriate `as` value and it is preloaded intentionally. @ https://www.tiktok.com/@elhegawyeditor?lang=en:0
[   17886ms] [WARNING] The resource https://sf16-website-login.neutral.ttwstatic.com/obj/tiktok_web_login_static/tiktok/web/tiktok_fe_login_vmok/static/js/async/6869.bf0826a7.js was preloaded using link preload but not used within a few seconds from the window's load event. Please make sure it has an appropriate `as` value and it is preloaded intentionally. @ https://www.tiktok.com/@elhegawyeditor?lang=en:0
[   17886ms] [WARNING] The resource https://sf16-website-login.neutral.ttwstatic.com/obj/tiktok_web_login_static/tiktok/web/tiktok_fe_login_vmok/static/js/async/6552.fd94ddd5.js was preloaded using link preload but not used within a few seconds from the window's load event. Please make sure it has an appropriate `as` value and it is preloaded intentionally. @ https://www.tiktok.com/@elhegawyeditor?lang=en:0
[   17886ms] [WARNING] The resource https://sf16-website-login.neutral.ttwstatic.com/obj/tiktok_web_login_static/tiktok/web/tiktok_fe_login_vmok/static/js/async/lib-axios.68812c5b.js was preloaded using link preload but not used within a few seconds from the window's load event. Please make sure it has an appropriate `as` value and it is preloaded intentionally. @ https://www.tiktok.com/@elhegawyeditor?lang=en:0
[   39193ms] [WARNING] The resource https://sf16-website-login.neutral.ttwstatic.com/obj/tiktok_web_login_static/tiktok/web/tiktok_fe_login_vmok/static/js/async/__federation_expose_pure.7bb71833.js was preloaded using link preload but not used within a few seconds from the window's load event. Please make sure it has an appropriate `as` value and it is preloaded intentionally. @ https://www.tiktok.com/@elhegawyeditor?lang=en:0
[   39193ms] [WARNING] The resource https://sf16-website-login.neutral.ttwstatic.com/obj/tiktok_web_login_static/tiktok/web/tiktok_fe_login_vmok/static/js/async/3911.77069edd.js was preloaded using link preload but not used within a few seconds from the window's load event. Please make sure it has an appropriate `as` value and it is preloaded intentionally. @ https://www.tiktok.com/@elhegawyeditor?lang=en:0
[   39193ms] [WARNING] The resource https://sf16-website-login.neutral.ttwstatic.com/obj/tiktok_web_login_static/tiktok/web/tiktok_fe_login_vmok/static/js/async/1265.abf06e8b.js was preloaded using link preload but not used within a few seconds from the window's load event. Please make sure it has an appropriate `as` value and it is preloaded intentionally. @ https://www.tiktok.com/@elhegawyeditor?lang=en:0
[   39193ms] [WARNING] The resource https://sf16-website-login.neutral.ttwstatic.com/obj/tiktok_web_login_static/tiktok/web/tiktok_fe_login_vmok/static/js/async/5613.8d5871a3.js was preloaded using link preload but not used within a few seconds from the window's load event. Please make sure it has an appropriate `as` value and it is preloaded intentionally. @ https://www.tiktok.com/@elhegawyeditor?lang=en:0
[   39194ms] [WARNING] The resource https://sf16-website-login.neutral.ttwstatic.com/obj/tiktok_web_login_static/tiktok/web/tiktok_fe_login_vmok/static/js/async/1775.2141490f.js was preloaded using link preload but not used within a few seconds from the window's load event. Please make sure it has an appropriate `as` value and it is preloaded intentionally. @ https://www.tiktok.com/@elhegawyeditor?lang=en:0
[   39194ms] [WARNING] The resource https://sf16-website-login.neutral.ttwstatic.com/obj/tiktok_web_login_static/tiktok/web/tiktok_fe_login_vmok/static/js/async/argus-builder-strategy.3e97a26f.js was preloaded using link preload but not used within a few seconds from the window's load event. Please make sure it has an appropriate `as` value and it is preloaded intentionally. @ https://www.tiktok.com/@elhegawyeditor?lang=en:0
[   39194ms] [WARNING] The resource https://sf16-website-login.neutral.ttwstatic.com/obj/tiktok_web_login_static/tiktok/web/tiktok_fe_login_vmok/static/js/async/6869.bf0826a7.js was preloaded using link preload but not used within a few seconds from the window's load event. Please make sure it has an appropriate `as` value and it is preloaded intentionally. @ https://www.tiktok.com/@elhegawyeditor?lang=en:0
[   39194ms] [WARNING] The resource https://sf16-website-login.neutral.ttwstatic.com/obj/tiktok_web_login_static/tiktok/web/tiktok_fe_login_vmok/static/js/async/6552.fd94ddd5.js was preloaded using link preload but not used within a few seconds from the window's load event. Please make sure it has an appropriate `as` value and it is preloaded intentionally. @ https://www.tiktok.com/@elhegawyeditor?lang=en:0
[   39194ms] [WARNING] The resource https://sf16-website-login.neutral.ttwstatic.com/obj/tiktok_web_login_static/tiktok/web/tiktok_fe_login_vmok/static/js/async/lib-axios.68812c5b.js was preloaded using link preload but not used within a few seconds from the window's load event. Please make sure it has an appropriate `as` value and it is preloaded intentionally. @ https://www.tiktok.com/@elhegawyeditor?lang=en:0
[   44714ms] [WARNING] The resource https://sf16-website-login.neutral.ttwstatic.com/obj/tiktok_web_login_static/tiktok/web/tiktok_fe_login_vmok/static/js/async/__federation_expose_pure.7bb71833.js was preloaded using link preload but not used within a few seconds from the window's load event. Please make sure it has an appropriate `as` value and it is preloaded intentionally. @ https://www.tiktok.com/@elhegawyeditor?lang=en:0
[   44714ms] [WARNING] The resource https://sf16-website-login.neutral.ttwstatic.com/obj/tiktok_web_login_static/tiktok/web/tiktok_fe_login_vmok/static/js/async/3911.77069edd.js was preloaded using link preload but not used within a few seconds from the window's load event. Please make sure it has an appropriate `as` value and it is preloaded intentionally. @ https://www.tiktok.com/@elhegawyeditor?lang=en:0
[   44714ms] [WARNING] The resource https://sf16-website-login.neutral.ttwstatic.com/obj/tiktok_web_login_static/tiktok/web/tiktok_fe_login_vmok/static/js/async/1265.abf06e8b.js was preloaded using link preload but not used within a few seconds from the window's load event. Please make sure it has an appropriate `as` value and it is preloaded intentionally. @ https://www.tiktok.com/@elhegawyeditor?lang=en:0
[   44714ms] [WARNING] The resource https://sf16-website-login.neutral.ttwstatic.com/obj/tiktok_web_login_static/tiktok/web/tiktok_fe_login_vmok/static/js/async/5613.8d5871a3.js was preloaded using link preload but not used within a few seconds from the window's load event. Please make sure it has an appropriate `as` value and it is preloaded intentionally. @ https://www.tiktok.com/@elhegawyeditor?lang=en:0
[   44714ms] [WARNING] The resource https://sf16-website-login.neutral.ttwstatic.com/obj/tiktok_web_login_static/tiktok/web/tiktok_fe_login_vmok/static/js/async/1775.2141490f.js was preloaded using link preload but not used within a few seconds from the window's load event. Please make sure it has an appropriate `as` value and it is preloaded intentionally. @ https://www.tiktok.com/@elhegawyeditor?lang=en:0
[   44715ms] [WARNING] The resource https://sf16-website-login.neutral.ttwstatic.com/obj/tiktok_web_login_static/tiktok/web/tiktok_fe_login_vmok/static/js/async/argus-builder-strategy.3e97a26f.js was preloaded using link preload but not used within a few seconds from the window's load event. Please make sure it has an appropriate `as` value and it is preloaded intentionally. @ https://www.tiktok.com/@elhegawyeditor?lang=en:0
[   44715ms] [WARNING] The resource https://sf16-website-login.neutral.ttwstatic.com/obj/tiktok_web_login_static/tiktok/web/tiktok_fe_login_vmok/static/js/async/6869.bf0826a7.js was preloaded using link preload but not used within a few seconds from the window's load event. Please make sure it has an appropriate `as` value and it is preloaded intentionally. @ https://www.tiktok.com/@elhegawyeditor?lang=en:0
[   44715ms] [WARNING] The resource https://sf16-website-login.neutral.ttwstatic.com/obj/tiktok_web_login_static/tiktok/web/tiktok_fe_login_vmok/static/js/async/6552.fd94ddd5.js was preloaded using link preload but not used within a few seconds from the window's load event. Please make sure it has an appropriate `as` value and it is preloaded intentionally. @ https://www.tiktok.com/@elhegawyeditor?lang=en:0
[   44716ms] [WARNING] The resource https://sf16-website-login.neutral.ttwstatic.com/obj/tiktok_web_login_static/tiktok/web/tiktok_fe_login_vmok/static/js/async/lib-axios.68812c5b.js was preloaded using link preload but not used within a few seconds from the window's load event. Please make sure it has an appropriate `as` value and it is preloaded intentionally. @ https://www.tiktok.com/@elhegawyeditor?lang=en:0
[   49930ms] [WARNING] The resource https://sf16-website-login.neutral.ttwstatic.com/obj/tiktok_web_login_static/tiktok/web/tiktok_fe_login_vmok/static/js/async/__federation_expose_pure.7bb71833.js was preloaded using link preload but not used within a few seconds from the window's load event. Please make sure it has an appropriate `as` value and it is preloaded intentionally. @ https://www.tiktok.com/@elhegawyeditor?lang=en:0
[   49930ms] [WARNING] The resource https://sf16-website-login.neutral.ttwstatic.com/obj/tiktok_web_login_static/tiktok/web/tiktok_fe_login_vmok/static/js/async/3911.77069edd.js was preloaded using link preload but not used within a few seconds from the window's load event. Please make sure it has an appropriate `as` value and it is preloaded intentionally. @ https://www.tiktok.com/@elhegawyeditor?lang=en:0
[   49930ms] [WARNING] The resource https://sf16-website-login.neutral.ttwstatic.com/obj/tiktok_web_login_static/tiktok/web/tiktok_fe_login_vmok/static/js/async/1265.abf06e8b.js was preloaded using link preload but not used within a few seconds from the window's load event. Please make sure it has an appropriate `as` value and it is preloaded intentionally. @ https://www.tiktok.com/@elhegawyeditor?lang=en:0
[   49930ms] [WARNING] The resource https://sf16-website-login.neutral.ttwstatic.com/obj/tiktok_web_login_static/tiktok/web/tiktok_fe_login_vmok/static/js/async/5613.8d5871a3.js was preloaded using link preload but not used within a few seconds from the window's load event. Please make sure it has an appropriate `as` value and it is preloaded intentionally. @ https://www.tiktok.com/@elhegawyeditor?lang=en:0
[   49930ms] [WARNING] The resource https://sf16-website-login.neutral.ttwstatic.com/obj/tiktok_web_login_static/tiktok/web/tiktok_fe_login_vmok/static/js/async/1775.2141490f.js was preloaded using link preload but not used within a few seconds from the window's load event. Please make sure it has an appropriate `as` value and it is preloaded intentionally. @ https://www.tiktok.com/@elhegawyeditor?lang=en:0
[   49930ms] [WARNING] The resource https://sf16-website-login.neutral.ttwstatic.com/obj/tiktok_web_login_static/tiktok/web/tiktok_fe_login_vmok/static/js/async/argus-builder-strategy.3e97a26f.js was preloaded using link preload but not used within a few seconds from the window's load event. Please make sure it has an appropriate `as` value and it is preloaded intentionally. @ https://www.tiktok.com/@elhegawyeditor?lang=en:0
[   49930ms] [WARNING] The resource https://sf16-website-login.neutral.ttwstatic.com/obj/tiktok_web_login_static/tiktok/web/tiktok_fe_login_vmok/static/js/async/6869.bf0826a7.js was preloaded using link preload but not used within a few seconds from the window's load event. Please make sure it has an appropriate `as` value and it is preloaded intentionally. @ https://www.tiktok.com/@elhegawyeditor?lang=en:0
[   49930ms] [WARNING] The resource https://sf16-website-login.neutral.ttwstatic.com/obj/tiktok_web_login_static/tiktok/web/tiktok_fe_login_vmok/static/js/async/6552.fd94ddd5.js was preloaded using link preload but not used within a few seconds from the window's load event. Please make sure it has an appropriate `as` value and it is preloaded intentionally. @ https://www.tiktok.com/@elhegawyeditor?lang=en:0
[   49930ms] [WARNING] The resource https://sf16-website-login.neutral.ttwstatic.com/obj/tiktok_web_login_static/tiktok/web/tiktok_fe_login_vmok/static/js/async/lib-axios.68812c5b.js was preloaded using link preload but not used within a few seconds from the window's load event. Please make sure it has an appropriate `as` value and it is preloaded intentionally. @ https://www.tiktok.com/@elhegawyeditor?lang=en:0
[   61456ms] [WARNING] Reflect is already polyfilled. @ https://sf16-website-login.neutral.ttwstatic.com/obj/tiktok_web_login_static/tiktok/webapp/main/react-v18/webapp-desktop/static/js/webapp-desktop.d69e4fd6.js:0
[   61532ms] [ERROR] Consume appContext before init @ https://sf16-website-login.neutral.ttwstatic.com/obj/tiktok_web_login_static/tiktok/webapp/main/react-v18/webapp-desktop/static/js/webapp-desktop.d69e4fd6.js:0
[   62321ms] [LOG] %c %s color: yellow; background-color: black; [instance: default] appid: 1988, userInfo:{"user_unique_id":"7649786990460012039","user_type":12,"user_id":"7598222841687163921","user_is_login":true,"device_id":"7649786990460012039"} @ https://sf16-website-login.neutral.ttwstatic.com/obj/tiktok_web_login_static/tiktok/webapp/main/react-v18/webapp-desktop/static/js/npm-dp-byted-tea-sdk-oversea.f4e273c4.js:0
[   62322ms] [LOG] %c %s color: yellow; background-color: black; [instance: default] appid: 1988, sdk is ready, version is 5.3.17, you can report now !!! @ https://sf16-website-login.neutral.ttwstatic.com/obj/tiktok_web_login_static/tiktok/webapp/main/react-v18/webapp-desktop/static/js/npm-dp-byted-tea-sdk-oversea.f4e273c4.js:0
[   62438ms] Uncaught Error: Minified React error #418; visit https://reactjs.org/docs/error-decoder.html?invariant=418 for the full message or use the non-minified dev environment for full errors and additional helpful warnings.
    at ag (https://sf16-website-login.neutral.ttwstatic.com/obj/tiktok_web_login_static/tiktok/webapp/main/react-v18/webapp-desktop/static/js/npm-react.db934f16.js:1:122523)
    at u (https://sf16-website-login.neutral.ttwstatic.com/obj/tiktok_web_login_static/tiktok/webapp/main/react-v18/webapp-desktop/static/js/npm-react.db934f16.js:1:197146)
    at iI (https://sf16-website-login.neutral.ttwstatic.com/obj/tiktok_web_login_static/tiktok/webapp/main/react-v18/webapp-desktop/static/js/npm-react.db934f16.js:1:175130)
    at iD (https://sf16-website-login.neutral.ttwstatic.com/obj/tiktok_web_login_static/tiktok/webapp/main/react-v18/webapp-desktop/static/js/npm-react.db934f16.js:1:175000)
    at iE (https://sf16-website-login.neutral.ttwstatic.com/obj/tiktok_web_login_static/tiktok/webapp/main/react-v18/webapp-desktop/static/js/npm-react.db934f16.js:1:170073)
    at x (https://sf16-website-login.neutral.ttwstatic.com/obj/tiktok_web_login_static/tiktok/webapp/main/react-v18/webapp-desktop/static/js/npm-react.db934f16.js:1:265514)
    at N (https://sf16-website-login.neutral.ttwstatic.com/obj/tiktok_web_login_static/tiktok/webapp/main/react-v18/webapp-desktop/static/js/npm-react.db934f16.js:1:266044)
[   62439ms] Uncaught Error: Minified React error #418; visit https://reactjs.org/docs/error-decoder.html?invariant=418 for the full message or use the non-minified dev environment for full errors and additional helpful warnings.
    at ag (https://sf16-website-login.neutral.ttwstatic.com/obj/tiktok_web_login_static/tiktok/webapp/main/react-v18/webapp-desktop/static/js/npm-react.db934f16.js:1:122523)
    at u (https://sf16-website-login.neutral.ttwstatic.com/obj/tiktok_web_login_static/tiktok/webapp/main/react-v18/webapp-desktop/static/js/npm-react.db934f16.js:1:197146)
    at iI (https://sf16-website-login.neutral.ttwstatic.com/obj/tiktok_web_login_static/tiktok/webapp/main/react-v18/webapp-desktop/static/js/npm-react.db934f16.js:1:175130)
    at iD (https://sf16-website-login.neutral.ttwstatic.com/obj/tiktok_web_login_static/tiktok/webapp/main/react-v18/webapp-desktop/static/js/npm-react.db934f16.js:1:175000)
    at iE (https://sf16-website-login.neutral.ttwstatic.com/obj/tiktok_web_login_static/tiktok/webapp/main/react-v18/webapp-desktop/static/js/npm-react.db934f16.js:1:170073)
    at x (https://sf16-website-login.neutral.ttwstatic.com/obj/tiktok_web_login_static/tiktok/webapp/main/react-v18/webapp-desktop/static/js/npm-react.db934f16.js:1:265514)
    at N (https://sf16-website-login.neutral.ttwstatic.com/obj/tiktok_web_login_static/tiktok/webapp/main/react-v18/webapp-desktop/static/js/npm-react.db934f16.js:1:266044)
[   62439ms] Uncaught Error: Minified React error #418; visit https://reactjs.org/docs/error-decoder.html?invariant=418 for the full message or use the non-minified dev environment for full errors and additional helpful warnings.
    at ag (https://sf16-website-login.neutral.ttwstatic.com/obj/tiktok_web_login_static/tiktok/webapp/main/react-v18/webapp-desktop/static/js/npm-react.db934f16.js:1:122523)
    at u (https://sf16-website-login.neutral.ttwstatic.com/obj/tiktok_web_login_static/tiktok/webapp/main/react-v18/webapp-desktop/static/js/npm-react.db934f16.js:1:197146)
    at iI (https://sf16-website-login.neutral.ttwstatic.com/obj/tiktok_web_login_static/tiktok/webapp/main/react-v18/webapp-desktop/static/js/npm-react.db934f16.js:1:175130)
    at iD (https://sf16-website-login.neutral.ttwstatic.com/obj/tiktok_web_login_static/tiktok/webapp/main/react-v18/webapp-desktop/static/js/npm-react.db934f16.js:1:175000)
    at iE (https://sf16-website-login.neutral.ttwstatic.com/obj/tiktok_web_login_static/tiktok/webapp/main/react-v18/webapp-desktop/static/js/npm-react.db934f16.js:1:170073)
    at x (https://sf16-website-login.neutral.ttwstatic.com/obj/tiktok_web_login_static/tiktok/webapp/main/react-v18/webapp-desktop/static/js/npm-react.db934f16.js:1:265514)
    at N (https://sf16-website-login.neutral.ttwstatic.com/obj/tiktok_web_login_static/tiktok/webapp/main/react-v18/webapp-desktop/static/js/npm-react.db934f16.js:1:266044)
[   62439ms] Uncaught Error: Minified React error #418; visit https://reactjs.org/docs/error-decoder.html?invariant=418 for the full message or use the non-minified dev environment for full errors and additional helpful warnings.
    at ag (https://sf16-website-login.neutral.ttwstatic.com/obj/tiktok_web_login_static/tiktok/webapp/main/react-v18/webapp-desktop/static/js/npm-react.db934f16.js:1:122523)
    at u (https://sf16-website-login.neutral.ttwstatic.com/obj/tiktok_web_login_static/tiktok/webapp/main/react-v18/webapp-desktop/static/js/npm-react.db934f16.js:1:197146)
    at iI (https://sf16-website-login.neutral.ttwstatic.com/obj/tiktok_web_login_static/tiktok/webapp/main/react-v18/webapp-desktop/static/js/npm-react.db934f16.js:1:175130)
    at iD (https://sf16-website-login.neutral.ttwstatic.com/obj/tiktok_web_login_static/tiktok/webapp/main/react-v18/webapp-desktop/static/js/npm-react.db934f16.js:1:175000)
    at iE (https://sf16-website-login.neutral.ttwstatic.com/obj/tiktok_web_login_static/tiktok/webapp/main/react-v18/webapp-desktop/static/js/npm-react.db934f16.js:1:170073)
    at x (https://sf16-website-login.neutral.ttwstatic.com/obj/tiktok_web_login_static/tiktok/webapp/main/react-v18/webapp-desktop/static/js/npm-react.db934f16.js:1:265514)
    at N (https://sf16-website-login.neutral.ttwstatic.com/obj/tiktok_web_login_static/tiktok/webapp/main/react-v18/webapp-desktop/static/js/npm-react.db934f16.js:1:266044)
[   62439ms] Uncaught Error: Minified React error #418; visit https://reactjs.org/docs/error-decoder.html?invariant=418 for the full message or use the non-minified dev environment for full errors and additional helpful warnings.
    at ag (https://sf16-website-login.neutral.ttwstatic.com/obj/tiktok_web_login_static/tiktok/webapp/main/react-v18/webapp-desktop/static/js/npm-react.db934f16.js:1:122523)
    at u (https://sf16-website-login.neutral.ttwstatic.com/obj/tiktok_web_login_static/tiktok/webapp/main/react-v18/webapp-desktop/static/js/npm-react.db934f16.js:1:197146)
    at iI (https://sf16-website-login.neutral.ttwstatic.com/obj/tiktok_web_login_static/tiktok/webapp/main/react-v18/webapp-desktop/static/js/npm-react.db934f16.js:1:175130)
    at iD (https://sf16-website-login.neutral.ttwstatic.com/obj/tiktok_web_login_static/tiktok/webapp/main/react-v18/webapp-desktop/static/js/npm-react.db934f16.js:1:175000)
    at iE (https://sf16-website-login.neutral.ttwstatic.com/obj/tiktok_web_login_static/tiktok/webapp/main/react-v18/webapp-desktop/static/js/npm-react.db934f16.js:1:170073)
    at x (https://sf16-website-login.neutral.ttwstatic.com/obj/tiktok_web_login_static/tiktok/webapp/main/react-v18/webapp-desktop/static/js/npm-react.db934f16.js:1:265514)
    at N (https://sf16-website-login.neutral.ttwstatic.com/obj/tiktok_web_login_static/tiktok/webapp/main/react-v18/webapp-desktop/static/js/npm-react.db934f16.js:1:266044)
[   62439ms] Uncaught Error: Minified React error #418; visit https://reactjs.org/docs/error-decoder.html?invariant=418 for the full message or use the non-minified dev environment for full errors and additional helpful warnings.
    at ag (https://sf16-website-login.neutral.ttwstatic.com/obj/tiktok_web_login_static/tiktok/webapp/main/react-v18/webapp-desktop/static/js/npm-react.db934f16.js:1:122523)
    at u (https://sf16-website-login.neutral.ttwstatic.com/obj/tiktok_web_login_static/tiktok/webapp/main/react-v18/webapp-desktop/static/js/npm-react.db934f16.js:1:197323)
    at iI (https://sf16-website-login.neutral.ttwstatic.com/obj/tiktok_web_login_static/tiktok/webapp/main/react-v18/webapp-desktop/static/js/npm-react.db934f16.js:1:175130)
    at iD (https://sf16-website-login.neutral.ttwstatic.com/obj/tiktok_web_login_static/tiktok/webapp/main/react-v18/webapp-desktop/static/js/npm-react.db934f16.js:1:175000)
    at iE (https://sf16-website-login.neutral.ttwstatic.com/obj/tiktok_web_login_static/tiktok/webapp/main/react-v18/webapp-desktop/static/js/npm-react.db934f16.js:1:170073)
    at x (https://sf16-website-login.neutral.ttwstatic.com/obj/tiktok_web_login_static/tiktok/webapp/main/react-v18/webapp-desktop/static/js/npm-react.db934f16.js:1:265514)
    at N (https://sf16-website-login.neutral.ttwstatic.com/obj/tiktok_web_login_static/tiktok/webapp/main/react-v18/webapp-desktop/static/js/npm-react.db934f16.js:1:266044)
[   62439ms] Uncaught Error: Minified React error #423; visit https://reactjs.org/docs/error-decoder.html?invariant=423 for the full message or use the non-minified dev environment for full errors and additional helpful warnings.
    at u (https://sf16-website-login.neutral.ttwstatic.com/obj/tiktok_web_login_static/tiktok/webapp/main/react-v18/webapp-desktop/static/js/npm-react.db934f16.js:1:196805)
    at iI (https://sf16-website-login.neutral.ttwstatic.com/obj/tiktok_web_login_static/tiktok/webapp/main/react-v18/webapp-desktop/static/js/npm-react.db934f16.js:1:175130)
    at iD (https://sf16-website-login.neutral.ttwstatic.com/obj/tiktok_web_login_static/tiktok/webapp/main/react-v18/webapp-desktop/static/js/npm-react.db934f16.js:1:175000)
    at iC (https://sf16-website-login.neutral.ttwstatic.com/obj/tiktok_web_login_static/tiktok/webapp/main/react-v18/webapp-desktop/static/js/npm-react.db934f16.js:1:171771)
    at iE (https://sf16-website-login.neutral.ttwstatic.com/obj/tiktok_web_login_static/tiktok/webapp/main/react-v18/webapp-desktop/static/js/npm-react.db934f16.js:1:170326)
    at x (https://sf16-website-login.neutral.ttwstatic.com/obj/tiktok_web_login_static/tiktok/webapp/main/react-v18/webapp-desktop/static/js/npm-react.db934f16.js:1:265514)
    at N (https://sf16-website-login.neutral.ttwstatic.com/obj/tiktok_web_login_static/tiktok/webapp/main/react-v18/webapp-desktop/static/js/npm-react.db934f16.js:1:266044)
[   62745ms] [INFO] . @ https://sf16-website-login.neutral.ttwstatic.com/obj/tiktok_web_login_static/webmssdk/1.0.0.374/webmssdk.js:0
[   62917ms] [WARNING] filter merge event: sibyl_sdk_collector_init_result error, pls check Converting circular structure to JSON
    --> starting at object with constructor 'e'
    |     property 'pluginInstances' -> object with constructor 'Array'
    |     index 0 -> object with constructor 'e'
    --- property 'collect' closes the circle @ https://sf16-website-login.neutral.ttwstatic.com/obj/tiktok_web_login_static/tiktok/webapp/main/react-v18/webapp-desktop/static/js/npm-dp-byted-tea-sdk-oversea.f4e273c4.js:0
[   62917ms] [LOG] %c %s color: yellow; background-color: black; [instance: sibylSdkTea] appid: 594856, userInfo:{"user_unique_id":"7649796668971861512","web_id":"7649796668971861512"} @ https://sf16-website-login.neutral.ttwstatic.com/obj/tiktok_web_login_static/webmssdk/1.0.0.374/webmssdk.js:0
[   62917ms] [LOG] %c %s color: yellow; background-color: black; [instance: sibylSdkTea] appid: 594856, sdk is ready, version is 5.3.17, you can report now !!! @ https://sf16-website-login.neutral.ttwstatic.com/obj/tiktok_web_login_static/webmssdk/1.0.0.374/webmssdk.js:0
[   63181ms] [LOG] ws.opened @ https://sf16-website-login.neutral.ttwstatic.com/obj/tiktok_web_login_static/webmssdk/1.0.0.374/webmssdk.js:0
[   63183ms] [WARNING] [SDK] 1781107875159        0 already inited @ https://sf16-website-login.neutral.ttwstatic.com/obj/tiktok_web_login_static/slardar/fe/sdk-web/browser.sg.js?bid=tiktok_webapp&globalName=SlardarClient:0
[   63283ms] [WARNING] [i18n] missing key [en] Webapp Close_button Close_button @ https://sf16-website-login.neutral.ttwstatic.com/obj/tiktok_web_login_static/tiktok/webapp/main/react-v18/webapp-desktop/static/js/biz.common.lib.7eac74a6.js:0
[   64105ms] [WARNING] [TikTok desktop app SDK Monitor]:   WARN:[printFirstFeedShow]The current environment is not inside the client. @ https://sf16-website-login.neutral.ttwstatic.com/obj/tiktok_web_login_static/tiktok/webapp/main/react-v18/webapp-desktop/static/js/webapp-desktop.d69e4fd6.js:0
[   64746ms] [LOG] %c %s color: yellow; background-color: black; [instance: cookie_banner_tea_sdk] appid: 345918, userInfo:{"user_unique_id":"7649787001097504274","web_id":"7649787001097504274"} @ https://sf16-website-login.neutral.ttwstatic.com/obj/tiktok_web_login_static/webmssdk/1.0.0.374/webmssdk.js:0
[   64746ms] [LOG] %c %s color: yellow; background-color: black; [instance: cookie_banner_tea_sdk] appid: 345918, sdk is ready, version is 5.3.17, you can report now !!! @ https://sf16-website-login.neutral.ttwstatic.com/obj/tiktok_web_login_static/webmssdk/1.0.0.374/webmssdk.js:0
[   75648ms] [WARNING] The resource https://sf16-website-login.neutral.ttwstatic.com/obj/tiktok_web_login_static/tiktok/web/tiktok_fe_login_vmok/static/js/async/__federation_expose_pure.7bb71833.js was preloaded using link preload but not used within a few seconds from the window's load event. Please make sure it has an appropriate `as` value and it is preloaded intentionally. @ https://www.tiktok.com/@hegawystores?lang=en:0
[   75648ms] [WARNING] The resource https://sf16-website-login.neutral.ttwstatic.com/obj/tiktok_web_login_static/tiktok/web/tiktok_fe_login_vmok/static/js/async/3911.77069edd.js was preloaded using link preload but not used within a few seconds from the window's load event. Please make sure it has an appropriate `as` value and it is preloaded intentionally. @ https://www.tiktok.com/@hegawystores?lang=en:0
[   75649ms] [WARNING] The resource https://sf16-website-login.neutral.ttwstatic.com/obj/tiktok_web_login_static/tiktok/web/tiktok_fe_login_vmok/static/js/async/1265.abf06e8b.js was preloaded using link preload but not used within a few seconds from the window's load event. Please make sure it has an appropriate `as` value and it is preloaded intentionally. @ https://www.tiktok.com/@hegawystores?lang=en:0
[   75649ms] [WARNING] The resource https://sf16-website-login.neutral.ttwstatic.com/obj/tiktok_web_login_static/tiktok/web/tiktok_fe_login_vmok/static/js/async/5613.8d5871a3.js was preloaded using link preload but not used within a few seconds from the window's load event. Please make sure it has an appropriate `as` value and it is preloaded intentionally. @ https://www.tiktok.com/@hegawystores?lang=en:0
[   75649ms] [WARNING] The resource https://sf16-website-login.neutral.ttwstatic.com/obj/tiktok_web_login_static/tiktok/web/tiktok_fe_login_vmok/static/js/async/1775.2141490f.js was preloaded using link preload but not used within a few seconds from the window's load event. Please make sure it has an appropriate `as` value and it is preloaded intentionally. @ https://www.tiktok.com/@hegawystores?lang=en:0
[   75649ms] [WARNING] The resource https://sf16-website-login.neutral.ttwstatic.com/obj/tiktok_web_login_static/tiktok/web/tiktok_fe_login_vmok/static/js/async/argus-builder-strategy.3e97a26f.js was preloaded using link preload but not used within a few seconds from the window's load event. Please make sure it has an appropriate `as` value and it is preloaded intentionally. @ https://www.tiktok.com/@hegawystores?lang=en:0
[   75649ms] [WARNING] The resource https://sf16-website-login.neutral.ttwstatic.com/obj/tiktok_web_login_static/tiktok/web/tiktok_fe_login_vmok/static/js/async/6869.bf0826a7.js was preloaded using link preload but not used within a few seconds from the window's load event. Please make sure it has an appropriate `as` value and it is preloaded intentionally. @ https://www.tiktok.com/@hegawystores?lang=en:0
[   75649ms] [WARNING] The resource https://sf16-website-login.neutral.ttwstatic.com/obj/tiktok_web_login_static/tiktok/web/tiktok_fe_login_vmok/static/js/async/6552.fd94ddd5.js was preloaded using link preload but not used within a few seconds from the window's load event. Please make sure it has an appropriate `as` value and it is preloaded intentionally. @ https://www.tiktok.com/@hegawystores?lang=en:0
[   75649ms] [WARNING] The resource https://sf16-website-login.neutral.ttwstatic.com/obj/tiktok_web_login_static/tiktok/web/tiktok_fe_login_vmok/static/js/async/lib-axios.68812c5b.js was preloaded using link preload but not used within a few seconds from the window's load event. Please make sure it has an appropriate `as` value and it is preloaded intentionally. @ https://www.tiktok.com/@hegawystores?lang=en:0
[   79001ms] [WARNING] The resource https://sf16-website-login.neutral.ttwstatic.com/obj/tiktok_web_login_static/tiktok/web/tiktok_fe_login_vmok/static/js/async/__federation_expose_pure.7bb71833.js was preloaded using link preload but not used within a few seconds from the window's load event. Please make sure it has an appropriate `as` value and it is preloaded intentionally. @ https://www.tiktok.com/@hegawystores?lang=en:0
[   79001ms] [WARNING] The resource https://sf16-website-login.neutral.ttwstatic.com/obj/tiktok_web_login_static/tiktok/web/tiktok_fe_login_vmok/static/js/async/3911.77069edd.js was preloaded using link preload but not used within a few seconds from the window's load event. Please make sure it has an appropriate `as` value and it is preloaded intentionally. @ https://www.tiktok.com/@hegawystores?lang=en:0
[   79001ms] [WARNING] The resource https://sf16-website-login.neutral.ttwstatic.com/obj/tiktok_web_login_static/tiktok/web/tiktok_fe_login_vmok/static/js/async/1265.abf06e8b.js was preloaded using link preload but not used within a few seconds from the window's load event. Please make sure it has an appropriate `as` value and it is preloaded intentionally. @ https://www.tiktok.com/@hegawystores?lang=en:0
[   79001ms] [WARNING] The resource https://sf16-website-login.neutral.ttwstatic.com/obj/tiktok_web_login_static/tiktok/web/tiktok_fe_login_vmok/static/js/async/5613.8d5871a3.js was preloaded using link preload but not used within a few seconds from the window's load event. Please make sure it has an appropriate `as` value and it is preloaded intentionally. @ https://www.tiktok.com/@hegawystores?lang=en:0
[   79001ms] [WARNING] The resource https://sf16-website-login.neutral.ttwstatic.com/obj/tiktok_web_login_static/tiktok/web/tiktok_fe_login_vmok/static/js/async/1775.2141490f.js was preloaded using link preload but not used within a few seconds from the window's load event. Please make sure it has an appropriate `as` value and it is preloaded intentionally. @ https://www.tiktok.com/@hegawystores?lang=en:0
[   79001ms] [WARNING] The resource https://sf16-website-login.neutral.ttwstatic.com/obj/tiktok_web_login_static/tiktok/web/tiktok_fe_login_vmok/static/js/async/argus-builder-strategy.3e97a26f.js was preloaded using link preload but not used within a few seconds from the window's load event. Please make sure it has an appropriate `as` value and it is preloaded intentionally. @ https://www.tiktok.com/@hegawystores?lang=en:0
[   79001ms] [WARNING] The resource https://sf16-website-login.neutral.ttwstatic.com/obj/tiktok_web_login_static/tiktok/web/tiktok_fe_login_vmok/static/js/async/6869.bf0826a7.js was preloaded using link preload but not used within a few seconds from the window's load event. Please make sure it has an appropriate `as` value and it is preloaded intentionally. @ https://www.tiktok.com/@hegawystores?lang=en:0
[   79001ms] [WARNING] The resource https://sf16-website-login.neutral.ttwstatic.com/obj/tiktok_web_login_static/tiktok/web/tiktok_fe_login_vmok/static/js/async/6552.fd94ddd5.js was preloaded using link preload but not used within a few seconds from the window's load event. Please make sure it has an appropriate `as` value and it is preloaded intentionally. @ https://www.tiktok.com/@hegawystores?lang=en:0
[   79001ms] [WARNING] The resource https://sf16-website-login.neutral.ttwstatic.com/obj/tiktok_web_login_static/tiktok/web/tiktok_fe_login_vmok/static/js/async/lib-axios.68812c5b.js was preloaded using link preload but not used within a few seconds from the window's load event. Please make sure it has an appropriate `as` value and it is preloaded intentionally. @ https://www.tiktok.com/@hegawystores?lang=en:0
[   93180ms] [WARNING] The resource https://sf16-website-login.neutral.ttwstatic.com/obj/tiktok_web_login_static/tiktok/web/tiktok_fe_login_vmok/static/js/async/__federation_expose_pure.7bb71833.js was preloaded using link preload but not used within a few seconds from the window's load event. Please make sure it has an appropriate `as` value and it is preloaded intentionally. @ https://www.tiktok.com/@hegawystores?lang=en:0
[   93180ms] [WARNING] The resource https://sf16-website-login.neutral.ttwstatic.com/obj/tiktok_web_login_static/tiktok/web/tiktok_fe_login_vmok/static/js/async/3911.77069edd.js was preloaded using link preload but not used within a few seconds from the window's load event. Please make sure it has an appropriate `as` value and it is preloaded intentionally. @ https://www.tiktok.com/@hegawystores?lang=en:0
[   93180ms] [WARNING] The resource https://sf16-website-login.neutral.ttwstatic.com/obj/tiktok_web_login_static/tiktok/web/tiktok_fe_login_vmok/static/js/async/1265.abf06e8b.js was preloaded using link preload but not used within a few seconds from the window's load event. Please make sure it has an appropriate `as` value and it is preloaded intentionally. @ https://www.tiktok.com/@hegawystores?lang=en:0
[   93180ms] [WARNING] The resource https://sf16-website-login.neutral.ttwstatic.com/obj/tiktok_web_login_static/tiktok/web/tiktok_fe_login_vmok/static/js/async/5613.8d5871a3.js was preloaded using link preload but not used within a few seconds from the window's load event. Please make sure it has an appropriate `as` value and it is preloaded intentionally. @ https://www.tiktok.com/@hegawystores?lang=en:0
[   93180ms] [WARNING] The resource https://sf16-website-login.neutral.ttwstatic.com/obj/tiktok_web_login_static/tiktok/web/tiktok_fe_login_vmok/static/js/async/1775.2141490f.js was preloaded using link preload but not used within a few seconds from the window's load event. Please make sure it has an appropriate `as` value and it is preloaded intentionally. @ https://www.tiktok.com/@hegawystores?lang=en:0
[   93180ms] [WARNING] The resource https://sf16-website-login.neutral.ttwstatic.com/obj/tiktok_web_login_static/tiktok/web/tiktok_fe_login_vmok/static/js/async/argus-builder-strategy.3e97a26f.js was preloaded using link preload but not used within a few seconds from the window's load event. Please make sure it has an appropriate `as` value and it is preloaded intentionally. @ https://www.tiktok.com/@hegawystores?lang=en:0
[   93180ms] [WARNING] The resource https://sf16-website-login.neutral.ttwstatic.com/obj/tiktok_web_login_static/tiktok/web/tiktok_fe_login_vmok/static/js/async/6869.bf0826a7.js was preloaded using link preload but not used within a few seconds from the window's load event. Please make sure it has an appropriate `as` value and it is preloaded intentionally. @ https://www.tiktok.com/@hegawystores?lang=en:0
[   93180ms] [WARNING] The resource https://sf16-website-login.neutral.ttwstatic.com/obj/tiktok_web_login_static/tiktok/web/tiktok_fe_login_vmok/static/js/async/6552.fd94ddd5.js was preloaded using link preload but not used within a few seconds from the window's load event. Please make sure it has an appropriate `as` value and it is preloaded intentionally. @ https://www.tiktok.com/@hegawystores?lang=en:0
[   93180ms] [WARNING] The resource https://sf16-website-login.neutral.ttwstatic.com/obj/tiktok_web_login_static/tiktok/web/tiktok_fe_login_vmok/static/js/async/lib-axios.68812c5b.js was preloaded using link preload but not used within a few seconds from the window's load event. Please make sure it has an appropriate `as` value and it is preloaded intentionally. @ https://www.tiktok.com/@hegawystores?lang=en:0
[  100286ms] [WARNING] The resource https://sf16-website-login.neutral.ttwstatic.com/obj/tiktok_web_login_static/tiktok/web/tiktok_fe_login_vmok/static/js/async/__federation_expose_pure.7bb71833.js was preloaded using link preload but not used within a few seconds from the window's load event. Please make sure it has an appropriate `as` value and it is preloaded intentionally. @ https://www.tiktok.com/@hegawystores?lang=en:0
[  100286ms] [WARNING] The resource https://sf16-website-login.neutral.ttwstatic.com/obj/tiktok_web_login_static/tiktok/web/tiktok_fe_login_vmok/static/js/async/3911.77069edd.js was preloaded using link preload but not used within a few seconds from the window's load event. Please make sure it has an appropriate `as` value and it is preloaded intentionally. @ https://www.tiktok.com/@hegawystores?lang=en:0
[  100286ms] [WARNING] The resource https://sf16-website-login.neutral.ttwstatic.com/obj/tiktok_web_login_static/tiktok/web/tiktok_fe_login_vmok/static/js/async/1265.abf06e8b.js was preloaded using link preload but not used within a few seconds from the window's load event. Please make sure it has an appropriate `as` value and it is preloaded intentionally. @ https://www.tiktok.com/@hegawystores?lang=en:0
[  100286ms] [WARNING] The resource https://sf16-website-login.neutral.ttwstatic.com/obj/tiktok_web_login_static/tiktok/web/tiktok_fe_login_vmok/static/js/async/5613.8d5871a3.js was preloaded using link preload but not used within a few seconds from the window's load event. Please make sure it has an appropriate `as` value and it is preloaded intentionally. @ https://www.tiktok.com/@hegawystores?lang=en:0
[  100286ms] [WARNING] The resource https://sf16-website-login.neutral.ttwstatic.com/obj/tiktok_web_login_static/tiktok/web/tiktok_fe_login_vmok/static/js/async/1775.2141490f.js was preloaded using link preload but not used within a few seconds from the window's load event. Please make sure it has an appropriate `as` value and it is preloaded intentionally. @ https://www.tiktok.com/@hegawystores?lang=en:0
[  100286ms] [WARNING] The resource https://sf16-website-login.neutral.ttwstatic.com/obj/tiktok_web_login_static/tiktok/web/tiktok_fe_login_vmok/static/js/async/argus-builder-strategy.3e97a26f.js was preloaded using link preload but not used within a few seconds from the window's load event. Please make sure it has an appropriate `as` value and it is preloaded intentionally. @ https://www.tiktok.com/@hegawystores?lang=en:0
[  100286ms] [WARNING] The resource https://sf16-website-login.neutral.ttwstatic.com/obj/tiktok_web_login_static/tiktok/web/tiktok_fe_login_vmok/static/js/async/6869.bf0826a7.js was preloaded using link preload but not used within a few seconds from the window's load event. Please make sure it has an appropriate `as` value and it is preloaded intentionally. @ https://www.tiktok.com/@hegawystores?lang=en:0
[  100286ms] [WARNING] The resource https://sf16-website-login.neutral.ttwstatic.com/obj/tiktok_web_login_static/tiktok/web/tiktok_fe_login_vmok/static/js/async/6552.fd94ddd5.js was preloaded using link preload but not used within a few seconds from the window's load event. Please make sure it has an appropriate `as` value and it is preloaded intentionally. @ https://www.tiktok.com/@hegawystores?lang=en:0
[  100286ms] [WARNING] The resource https://sf16-website-login.neutral.ttwstatic.com/obj/tiktok_web_login_static/tiktok/web/tiktok_fe_login_vmok/static/js/async/lib-axios.68812c5b.js was preloaded using link preload but not used within a few seconds from the window's load event. Please make sure it has an appropriate `as` value and it is preloaded intentionally. @ https://www.tiktok.com/@hegawystores?lang=en:0
[  110884ms] [WARNING] The resource https://sf16-website-login.neutral.ttwstatic.com/obj/tiktok_web_login_static/tiktok/web/tiktok_fe_login_vmok/static/js/async/__federation_expose_pure.7bb71833.js was preloaded using link preload but not used within a few seconds from the window's load event. Please make sure it has an appropriate `as` value and it is preloaded intentionally. @ https://www.tiktok.com/@hegawystores?lang=en:0
[  110884ms] [WARNING] The resource https://sf16-website-login.neutral.ttwstatic.com/obj/tiktok_web_login_static/tiktok/web/tiktok_fe_login_vmok/static/js/async/3911.77069edd.js was preloaded using link preload but not used within a few seconds from the window's load event. Please make sure it has an appropriate `as` value and it is preloaded intentionally. @ https://www.tiktok.com/@hegawystores?lang=en:0
[  110884ms] [WARNING] The resource https://sf16-website-login.neutral.ttwstatic.com/obj/tiktok_web_login_static/tiktok/web/tiktok_fe_login_vmok/static/js/async/1265.abf06e8b.js was preloaded using link preload but not used within a few seconds from the window's load event. Please make sure it has an appropriate `as` value and it is preloaded intentionally. @ https://www.tiktok.com/@hegawystores?lang=en:0
[  110884ms] [WARNING] The resource https://sf16-website-login.neutral.ttwstatic.com/obj/tiktok_web_login_static/tiktok/web/tiktok_fe_login_vmok/static/js/async/5613.8d5871a3.js was preloaded using link preload but not used within a few seconds from the window's load event. Please make sure it has an appropriate `as` value and it is preloaded intentionally. @ https://www.tiktok.com/@hegawystores?lang=en:0
[  110884ms] [WARNING] The resource https://sf16-website-login.neutral.ttwstatic.com/obj/tiktok_web_login_static/tiktok/web/tiktok_fe_login_vmok/static/js/async/1775.2141490f.js was preloaded using link preload but not used within a few seconds from the window's load event. Please make sure it has an appropriate `as` value and it is preloaded intentionally. @ https://www.tiktok.com/@hegawystores?lang=en:0
[  110884ms] [WARNING] The resource https://sf16-website-login.neutral.ttwstatic.com/obj/tiktok_web_login_static/tiktok/web/tiktok_fe_login_vmok/static/js/async/argus-builder-strategy.3e97a26f.js was preloaded using link preload but not used within a few seconds from the window's load event. Please make sure it has an appropriate `as` value and it is preloaded intentionally. @ https://www.tiktok.com/@hegawystores?lang=en:0
[  110884ms] [WARNING] The resource https://sf16-website-login.neutral.ttwstatic.com/obj/tiktok_web_login_static/tiktok/web/tiktok_fe_login_vmok/static/js/async/6869.bf0826a7.js was preloaded using link preload but not used within a few seconds from the window's load event. Please make sure it has an appropriate `as` value and it is preloaded intentionally. @ https://www.tiktok.com/@hegawystores?lang=en:0
[  110884ms] [WARNING] The resource https://sf16-website-login.neutral.ttwstatic.com/obj/tiktok_web_login_static/tiktok/web/tiktok_fe_login_vmok/static/js/async/6552.fd94ddd5.js was preloaded using link preload but not used within a few seconds from the window's load event. Please make sure it has an appropriate `as` value and it is preloaded intentionally. @ https://www.tiktok.com/@hegawystores?lang=en:0
[  110884ms] [WARNING] The resource https://sf16-website-login.neutral.ttwstatic.com/obj/tiktok_web_login_static/tiktok/web/tiktok_fe_login_vmok/static/js/async/lib-axios.68812c5b.js was preloaded using link preload but not used within a few seconds from the window's load event. Please make sure it has an appropriate `as` value and it is preloaded intentionally. @ https://www.tiktok.com/@hegawystores?lang=en:0
[  114168ms] [WARNING] The resource https://sf16-website-login.neutral.ttwstatic.com/obj/tiktok_web_login_static/tiktok/web/tiktok_fe_login_vmok/static/js/async/__federation_expose_pure.7bb71833.js was preloaded using link preload but not used within a few seconds from the window's load event. Please make sure it has an appropriate `as` value and it is preloaded intentionally. @ https://www.tiktok.com/@hegawystores?lang=en:0
[  114168ms] [WARNING] The resource https://sf16-website-login.neutral.ttwstatic.com/obj/tiktok_web_login_static/tiktok/web/tiktok_fe_login_vmok/static/js/async/3911.77069edd.js was preloaded using link preload but not used within a few seconds from the window's load event. Please make sure it has an appropriate `as` value and it is preloaded intentionally. @ https://www.tiktok.com/@hegawystores?lang=en:0
[  114168ms] [WARNING] The resource https://sf16-website-login.neutral.ttwstatic.com/obj/tiktok_web_login_static/tiktok/web/tiktok_fe_login_vmok/static/js/async/1265.abf06e8b.js was preloaded using link preload but not used within a few seconds from the window's load event. Please make sure it has an appropriate `as` value and it is preloaded intentionally. @ https://www.tiktok.com/@hegawystores?lang=en:0
[  114168ms] [WARNING] The resource https://sf16-website-login.neutral.ttwstatic.com/obj/tiktok_web_login_static/tiktok/web/tiktok_fe_login_vmok/static/js/async/5613.8d5871a3.js was preloaded using link preload but not used within a few seconds from the window's load event. Please make sure it has an appropriate `as` value and it is preloaded intentionally. @ https://www.tiktok.com/@hegawystores?lang=en:0
[  114168ms] [WARNING] The resource https://sf16-website-login.neutral.ttwstatic.com/obj/tiktok_web_login_static/tiktok/web/tiktok_fe_login_vmok/static/js/async/1775.2141490f.js was preloaded using link preload but not used within a few seconds from the window's load event. Please make sure it has an appropriate `as` value and it is preloaded intentionally. @ https://www.tiktok.com/@hegawystores?lang=en:0
[  114168ms] [WARNING] The resource https://sf16-website-login.neutral.ttwstatic.com/obj/tiktok_web_login_static/tiktok/web/tiktok_fe_login_vmok/static/js/async/argus-builder-strategy.3e97a26f.js was preloaded using link preload but not used within a few seconds from the window's load event. Please make sure it has an appropriate `as` value and it is preloaded intentionally. @ https://www.tiktok.com/@hegawystores?lang=en:0
[  114168ms] [WARNING] The resource https://sf16-website-login.neutral.ttwstatic.com/obj/tiktok_web_login_static/tiktok/web/tiktok_fe_login_vmok/static/js/async/6869.bf0826a7.js was preloaded using link preload but not used within a few seconds from the window's load event. Please make sure it has an appropriate `as` value and it is preloaded intentionally. @ https://www.tiktok.com/@hegawystores?lang=en:0
[  114168ms] [WARNING] The resource https://sf16-website-login.neutral.ttwstatic.com/obj/tiktok_web_login_static/tiktok/web/tiktok_fe_login_vmok/static/js/async/6552.fd94ddd5.js was preloaded using link preload but not used within a few seconds from the window's load event. Please make sure it has an appropriate `as` value and it is preloaded intentionally. @ https://www.tiktok.com/@hegawystores?lang=en:0
[  114168ms] [WARNING] The resource https://sf16-website-login.neutral.ttwstatic.com/obj/tiktok_web_login_static/tiktok/web/tiktok_fe_login_vmok/static/js/async/lib-axios.68812c5b.js was preloaded using link preload but not used within a few seconds from the window's load event. Please make sure it has an appropriate `as` value and it is preloaded intentionally. @ https://www.tiktok.com/@hegawystores?lang=en:0
[  119440ms] [WARNING] Reflect is already polyfilled. @ https://sf16-website-login.neutral.ttwstatic.com/obj/tiktok_web_login_static/tiktok/webapp/main/react-v18/webapp-desktop/static/js/webapp-desktop.d69e4fd6.js:0
[  119501ms] [ERROR] Consume appContext before init @ https://sf16-website-login.neutral.ttwstatic.com/obj/tiktok_web_login_static/tiktok/webapp/main/react-v18/webapp-desktop/static/js/webapp-desktop.d69e4fd6.js:0
[  120818ms] [LOG] %c %s color: yellow; background-color: black; [instance: default] appid: 1988, userInfo:{"user_unique_id":"7649786990460012039","user_type":12,"user_id":"7598222841687163921","user_is_login":true,"device_id":"7649786990460012039"} @ https://sf16-website-login.neutral.ttwstatic.com/obj/tiktok_web_login_static/tiktok/webapp/main/react-v18/webapp-desktop/static/js/npm-dp-byted-tea-sdk-oversea.f4e273c4.js:0
[  120818ms] [LOG] %c %s color: yellow; background-color: black; [instance: default] appid: 1988, sdk is ready, version is 5.3.17, you can report now !!! @ https://sf16-website-login.neutral.ttwstatic.com/obj/tiktok_web_login_static/tiktok/webapp/main/react-v18/webapp-desktop/static/js/npm-dp-byted-tea-sdk-oversea.f4e273c4.js:0
[  120904ms] Uncaught Error: Minified React error #418; visit https://reactjs.org/docs/error-decoder.html?invariant=418 for the full message or use the non-minified dev environment for full errors and additional helpful warnings.
    at ag (https://sf16-website-login.neutral.ttwstatic.com/obj/tiktok_web_login_static/tiktok/webapp/main/react-v18/webapp-desktop/static/js/npm-react.db934f16.js:1:122523)
    at u (https://sf16-website-login.neutral.ttwstatic.com/obj/tiktok_web_login_static/tiktok/webapp/main/react-v18/webapp-desktop/static/js/npm-react.db934f16.js:1:197146)
    at iI (https://sf16-website-login.neutral.ttwstatic.com/obj/tiktok_web_login_static/tiktok/webapp/main/react-v18/webapp-desktop/static/js/npm-react.db934f16.js:1:175130)
    at iD (https://sf16-website-login.neutral.ttwstatic.com/obj/tiktok_web_login_static/tiktok/webapp/main/react-v18/webapp-desktop/static/js/npm-react.db934f16.js:1:175000)
    at iE (https://sf16-website-login.neutral.ttwstatic.com/obj/tiktok_web_login_static/tiktok/webapp/main/react-v18/webapp-desktop/static/js/npm-react.db934f16.js:1:170073)
    at x (https://sf16-website-login.neutral.ttwstatic.com/obj/tiktok_web_login_static/tiktok/webapp/main/react-v18/webapp-desktop/static/js/npm-react.db934f16.js:1:265514)
    at N (https://sf16-website-login.neutral.ttwstatic.com/obj/tiktok_web_login_static/tiktok/webapp/main/react-v18/webapp-desktop/static/js/npm-react.db934f16.js:1:266044)
[  120904ms] Uncaught Error: Minified React error #418; visit https://reactjs.org/docs/error-decoder.html?invariant=418 for the full message or use the non-minified dev environment for full errors and additional helpful warnings.
    at ag (https://sf16-website-login.neutral.ttwstatic.com/obj/tiktok_web_login_static/tiktok/webapp/main/react-v18/webapp-desktop/static/js/npm-react.db934f16.js:1:122523)
    at u (https://sf16-website-login.neutral.ttwstatic.com/obj/tiktok_web_login_static/tiktok/webapp/main/react-v18/webapp-desktop/static/js/npm-react.db934f16.js:1:197146)
    at iI (https://sf16-website-login.neutral.ttwstatic.com/obj/tiktok_web_login_static/tiktok/webapp/main/react-v18/webapp-desktop/static/js/npm-react.db934f16.js:1:175130)
    at iD (https://sf16-website-login.neutral.ttwstatic.com/obj/tiktok_web_login_static/tiktok/webapp/main/react-v18/webapp-desktop/static/js/npm-react.db934f16.js:1:175000)
    at iE (https://sf16-website-login.neutral.ttwstatic.com/obj/tiktok_web_login_static/tiktok/webapp/main/react-v18/webapp-desktop/static/js/npm-react.db934f16.js:1:170073)
    at x (https://sf16-website-login.neutral.ttwstatic.com/obj/tiktok_web_login_static/tiktok/webapp/main/react-v18/webapp-desktop/static/js/npm-react.db934f16.js:1:265514)
    at N (https://sf16-website-login.neutral.ttwstatic.com/obj/tiktok_web_login_static/tiktok/webapp/main/react-v18/webapp-desktop/static/js/npm-react.db934f16.js:1:266044)
[  120904ms] Uncaught Error: Minified React error #418; visit https://reactjs.org/docs/error-decoder.html?invariant=418 for the full message or use the non-minified dev environment for full errors and additional helpful warnings.
    at ag (https://sf16-website-login.neutral.ttwstatic.com/obj/tiktok_web_login_static/tiktok/webapp/main/react-v18/webapp-desktop/static/js/npm-react.db934f16.js:1:122523)
    at u (https://sf16-website-login.neutral.ttwstatic.com/obj/tiktok_web_login_static/tiktok/webapp/main/react-v18/webapp-desktop/static/js/npm-react.db934f16.js:1:197146)
    at iI (https://sf16-website-login.neutral.ttwstatic.com/obj/tiktok_web_login_static/tiktok/webapp/main/react-v18/webapp-desktop/static/js/npm-react.db934f16.js:1:175130)
    at iD (https://sf16-website-login.neutral.ttwstatic.com/obj/tiktok_web_login_static/tiktok/webapp/main/react-v18/webapp-desktop/static/js/npm-react.db934f16.js:1:175000)
    at iE (https://sf16-website-login.neutral.ttwstatic.com/obj/tiktok_web_login_static/tiktok/webapp/main/react-v18/webapp-desktop/static/js/npm-react.db934f16.js:1:170073)
    at x (https://sf16-website-login.neutral.ttwstatic.com/obj/tiktok_web_login_static/tiktok/webapp/main/react-v18/webapp-desktop/static/js/npm-react.db934f16.js:1:265514)
    at N (https://sf16-website-login.neutral.ttwstatic.com/obj/tiktok_web_login_static/tiktok/webapp/main/react-v18/webapp-desktop/static/js/npm-react.db934f16.js:1:266044)
[  120904ms] Uncaught Error: Minified React error #418; visit https://reactjs.org/docs/error-decoder.html?invariant=418 for the full message or use the non-minified dev environment for full errors and additional helpful warnings.
    at ag (https://sf16-website-login.neutral.ttwstatic.com/obj/tiktok_web_login_static/tiktok/webapp/main/react-v18/webapp-desktop/static/js/npm-react.db934f16.js:1:122523)
    at u (https://sf16-website-login.neutral.ttwstatic.com/obj/tiktok_web_login_static/tiktok/webapp/main/react-v18/webapp-desktop/static/js/npm-react.db934f16.js:1:197146)
    at iI (https://sf16-website-login.neutral.ttwstatic.com/obj/tiktok_web_login_static/tiktok/webapp/main/react-v18/webapp-desktop/static/js/npm-react.db934f16.js:1:175130)
    at iD (https://sf16-website-login.neutral.ttwstatic.com/obj/tiktok_web_login_static/tiktok/webapp/main/react-v18/webapp-desktop/static/js/npm-react.db934f16.js:1:175000)
    at iE (https://sf16-website-login.neutral.ttwstatic.com/obj/tiktok_web_login_static/tiktok/webapp/main/react-v18/webapp-desktop/static/js/npm-react.db934f16.js:1:170073)
    at x (https://sf16-website-login.neutral.ttwstatic.com/obj/tiktok_web_login_static/tiktok/webapp/main/react-v18/webapp-desktop/static/js/npm-react.db934f16.js:1:265514)
    at N (https://sf16-website-login.neutral.ttwstatic.com/obj/tiktok_web_login_static/tiktok/webapp/main/react-v18/webapp-desktop/static/js/npm-react.db934f16.js:1:266044)
[  120904ms] Uncaught Error: Minified React error #418; visit https://reactjs.org/docs/error-decoder.html?invariant=418 for the full message or use the non-minified dev environment for full errors and additional helpful warnings.
    at ag (https://sf16-website-login.neutral.ttwstatic.com/obj/tiktok_web_login_static/tiktok/webapp/main/react-v18/webapp-desktop/static/js/npm-react.db934f16.js:1:122523)
    at u (https://sf16-website-login.neutral.ttwstatic.com/obj/tiktok_web_login_static/tiktok/webapp/main/react-v18/webapp-desktop/static/js/npm-react.db934f16.js:1:197146)
    at iI (https://sf16-website-login.neutral.ttwstatic.com/obj/tiktok_web_login_static/tiktok/webapp/main/react-v18/webapp-desktop/static/js/npm-react.db934f16.js:1:175130)
    at iD (https://sf16-website-login.neutral.ttwstatic.com/obj/tiktok_web_login_static/tiktok/webapp/main/react-v18/webapp-desktop/static/js/npm-react.db934f16.js:1:175000)
    at iE (https://sf16-website-login.neutral.ttwstatic.com/obj/tiktok_web_login_static/tiktok/webapp/main/react-v18/webapp-desktop/static/js/npm-react.db934f16.js:1:170073)
    at x (https://sf16-website-login.neutral.ttwstatic.com/obj/tiktok_web_login_static/tiktok/webapp/main/react-v18/webapp-desktop/static/js/npm-react.db934f16.js:1:265514)
    at N (https://sf16-website-login.neutral.ttwstatic.com/obj/tiktok_web_login_static/tiktok/webapp/main/react-v18/webapp-desktop/static/js/npm-react.db934f16.js:1:266044)
[  120904ms] Uncaught Error: Minified React error #418; visit https://reactjs.org/docs/error-decoder.html?invariant=418 for the full message or use the non-minified dev environment for full errors and additional helpful warnings.
    at ag (https://sf16-website-login.neutral.ttwstatic.com/obj/tiktok_web_login_static/tiktok/webapp/main/react-v18/webapp-desktop/static/js/npm-react.db934f16.js:1:122523)
    at u (https://sf16-website-login.neutral.ttwstatic.com/obj/tiktok_web_login_static/tiktok/webapp/main/react-v18/webapp-desktop/static/js/npm-react.db934f16.js:1:197323)
    at iI (https://sf16-website-login.neutral.ttwstatic.com/obj/tiktok_web_login_static/tiktok/webapp/main/react-v18/webapp-desktop/static/js/npm-react.db934f16.js:1:175130)
    at iD (https://sf16-website-login.neutral.ttwstatic.com/obj/tiktok_web_login_static/tiktok/webapp/main/react-v18/webapp-desktop/static/js/npm-react.db934f16.js:1:175000)
    at iE (https://sf16-website-login.neutral.ttwstatic.com/obj/tiktok_web_login_static/tiktok/webapp/main/react-v18/webapp-desktop/static/js/npm-react.db934f16.js:1:170073)
    at x (https://sf16-website-login.neutral.ttwstatic.com/obj/tiktok_web_login_static/tiktok/webapp/main/react-v18/webapp-desktop/static/js/npm-react.db934f16.js:1:265514)
    at N (https://sf16-website-login.neutral.ttwstatic.com/obj/tiktok_web_login_static/tiktok/webapp/main/react-v18/webapp-desktop/static/js/npm-react.db934f16.js:1:266044)
[  120904ms] Uncaught Error: Minified React error #423; visit https://reactjs.org/docs/error-decoder.html?invariant=423 for the full message or use the non-minified dev environment for full errors and additional helpful warnings.
    at u (https://sf16-website-login.neutral.ttwstatic.com/obj/tiktok_web_login_static/tiktok/webapp/main/react-v18/webapp-desktop/static/js/npm-react.db934f16.js:1:196805)
    at iI (https://sf16-website-login.neutral.ttwstatic.com/obj/tiktok_web_login_static/tiktok/webapp/main/react-v18/webapp-desktop/static/js/npm-react.db934f16.js:1:175130)
    at iD (https://sf16-website-login.neutral.ttwstatic.com/obj/tiktok_web_login_static/tiktok/webapp/main/react-v18/webapp-desktop/static/js/npm-react.db934f16.js:1:175000)
    at iC (https://sf16-website-login.neutral.ttwstatic.com/obj/tiktok_web_login_static/tiktok/webapp/main/react-v18/webapp-desktop/static/js/npm-react.db934f16.js:1:171771)
    at iE (https://sf16-website-login.neutral.ttwstatic.com/obj/tiktok_web_login_static/tiktok/webapp/main/react-v18/webapp-desktop/static/js/npm-react.db934f16.js:1:170326)
    at x (https://sf16-website-login.neutral.ttwstatic.com/obj/tiktok_web_login_static/tiktok/webapp/main/react-v18/webapp-desktop/static/js/npm-react.db934f16.js:1:265514)
    at N (https://sf16-website-login.neutral.ttwstatic.com/obj/tiktok_web_login_static/tiktok/webapp/main/react-v18/webapp-desktop/static/js/npm-react.db934f16.js:1:266044)
[  121229ms] [INFO] . @ https://sf16-website-login.neutral.ttwstatic.com/obj/tiktok_web_login_static/webmssdk/1.0.0.374/webmssdk.js:0
[  121418ms] [WARNING] filter merge event: sibyl_sdk_collector_init_result error, pls check Converting circular structure to JSON
    --> starting at object with constructor 'e'
    |     property 'pluginInstances' -> object with constructor 'Array'
    |     index 0 -> object with constructor 'e'
    --- property 'collect' closes the circle @ https://sf16-website-login.neutral.ttwstatic.com/obj/tiktok_web_login_static/tiktok/webapp/main/react-v18/webapp-desktop/static/js/npm-dp-byted-tea-sdk-oversea.f4e273c4.js:0
[  121418ms] [LOG] %c %s color: yellow; background-color: black; [instance: sibylSdkTea] appid: 594856, userInfo:{"user_unique_id":"7649796668971861512","web_id":"7649796668971861512"} @ https://sf16-website-login.neutral.ttwstatic.com/obj/tiktok_web_login_static/webmssdk/1.0.0.374/webmssdk.js:0
[  121418ms] [LOG] %c %s color: yellow; background-color: black; [instance: sibylSdkTea] appid: 594856, sdk is ready, version is 5.3.17, you can report now !!! @ https://sf16-website-login.neutral.ttwstatic.com/obj/tiktok_web_login_static/webmssdk/1.0.0.374/webmssdk.js:0
[  121752ms] [WARNING] [i18n] missing key [en] Webapp Close_button Close_button @ https://sf16-website-login.neutral.ttwstatic.com/obj/tiktok_web_login_static/tiktok/webapp/main/react-v18/webapp-desktop/static/js/biz.common.lib.7eac74a6.js:0
[  121863ms] [LOG] ws.opened @ https://sf16-website-login.neutral.ttwstatic.com/obj/tiktok_web_login_static/webmssdk/1.0.0.374/webmssdk.js:0
[  121864ms] [WARNING] [SDK] 1781107933840        0 already inited @ https://sf16-website-login.neutral.ttwstatic.com/obj/tiktok_web_login_static/slardar/fe/sdk-web/browser.sg.js?bid=tiktok_webapp&globalName=SlardarClient:0
[  122529ms] [WARNING] [TikTok desktop app SDK Monitor]:   WARN:[printFirstFeedShow]The current environment is not inside the client. @ https://sf16-website-login.neutral.ttwstatic.com/obj/tiktok_web_login_static/tiktok/webapp/main/react-v18/webapp-desktop/static/js/webapp-desktop.d69e4fd6.js:0
[  123583ms] [LOG] %c %s color: yellow; background-color: black; [instance: cookie_banner_tea_sdk] appid: 345918, userInfo:{"user_unique_id":"7649787001097504274","web_id":"7649787001097504274"} @ https://sf16-website-login.neutral.ttwstatic.com/obj/tiktok_web_login_static/webmssdk/1.0.0.374/webmssdk.js:0
[  123584ms] [LOG] %c %s color: yellow; background-color: black; [instance: cookie_banner_tea_sdk] appid: 345918, sdk is ready, version is 5.3.17, you can report now !!! @ https://sf16-website-login.neutral.ttwstatic.com/obj/tiktok_web_login_static/webmssdk/1.0.0.374/webmssdk.js:0
[  134152ms] [WARNING] The resource https://sf16-website-login.neutral.ttwstatic.com/obj/tiktok_web_login_static/tiktok/web/tiktok_fe_login_vmok/static/js/async/__federation_expose_pure.7bb71833.js was preloaded using link preload but not used within a few seconds from the window's load event. Please make sure it has an appropriate `as` value and it is preloaded intentionally. @ https://www.tiktok.com/@hegawystores?lang=en:0
[  134152ms] [WARNING] The resource https://sf16-website-login.neutral.ttwstatic.com/obj/tiktok_web_login_static/tiktok/web/tiktok_fe_login_vmok/static/js/async/3911.77069edd.js was preloaded using link preload but not used within a few seconds from the window's load event. Please make sure it has an appropriate `as` value and it is preloaded intentionally. @ https://www.tiktok.com/@hegawystores?lang=en:0
[  134152ms] [WARNING] The resource https://sf16-website-login.neutral.ttwstatic.com/obj/tiktok_web_login_static/tiktok/web/tiktok_fe_login_vmok/static/js/async/1265.abf06e8b.js was preloaded using link preload but not used within a few seconds from the window's load event. Please make sure it has an appropriate `as` value and it is preloaded intentionally. @ https://www.tiktok.com/@hegawystores?lang=en:0
[  134152ms] [WARNING] The resource https://sf16-website-login.neutral.ttwstatic.com/obj/tiktok_web_login_static/tiktok/web/tiktok_fe_login_vmok/static/js/async/5613.8d5871a3.js was preloaded using link preload but not used within a few seconds from the window's load event. Please make sure it has an appropriate `as` value and it is preloaded intentionally. @ https://www.tiktok.com/@hegawystores?lang=en:0
[  134152ms] [WARNING] The resource https://sf16-website-login.neutral.ttwstatic.com/obj/tiktok_web_login_static/tiktok/web/tiktok_fe_login_vmok/static/js/async/1775.2141490f.js was preloaded using link preload but not used within a few seconds from the window's load event. Please make sure it has an appropriate `as` value and it is preloaded intentionally. @ https://www.tiktok.com/@hegawystores?lang=en:0
[  134152ms] [WARNING] The resource https://sf16-website-login.neutral.ttwstatic.com/obj/tiktok_web_login_static/tiktok/web/tiktok_fe_login_vmok/static/js/async/argus-builder-strategy.3e97a26f.js was preloaded using link preload but not used within a few seconds from the window's load event. Please make sure it has an appropriate `as` value and it is preloaded intentionally. @ https://www.tiktok.com/@hegawystores?lang=en:0
[  134152ms] [WARNING] The resource https://sf16-website-login.neutral.ttwstatic.com/obj/tiktok_web_login_static/tiktok/web/tiktok_fe_login_vmok/static/js/async/6869.bf0826a7.js was preloaded using link preload but not used within a few seconds from the window's load event. Please make sure it has an appropriate `as` value and it is preloaded intentionally. @ https://www.tiktok.com/@hegawystores?lang=en:0
[  134152ms] [WARNING] The resource https://sf16-website-login.neutral.ttwstatic.com/obj/tiktok_web_login_static/tiktok/web/tiktok_fe_login_vmok/static/js/async/6552.fd94ddd5.js was preloaded using link preload but not used within a few seconds from the window's load event. Please make sure it has an appropriate `as` value and it is preloaded intentionally. @ https://www.tiktok.com/@hegawystores?lang=en:0
[  134152ms] [WARNING] The resource https://sf16-website-login.neutral.ttwstatic.com/obj/tiktok_web_login_static/tiktok/web/tiktok_fe_login_vmok/static/js/async/lib-axios.68812c5b.js was preloaded using link preload but not used within a few seconds from the window's load event. Please make sure it has an appropriate `as` value and it is preloaded intentionally. @ https://www.tiktok.com/@hegawystores?lang=en:0
[  137832ms] [WARNING] The resource https://sf16-website-login.neutral.ttwstatic.com/obj/tiktok_web_login_static/tiktok/web/tiktok_fe_login_vmok/static/js/async/__federation_expose_pure.7bb71833.js was preloaded using link preload but not used within a few seconds from the window's load event. Please make sure it has an appropriate `as` value and it is preloaded intentionally. @ https://www.tiktok.com/@hegawystores?lang=en:0
[  137832ms] [WARNING] The resource https://sf16-website-login.neutral.ttwstatic.com/obj/tiktok_web_login_static/tiktok/web/tiktok_fe_login_vmok/static/js/async/3911.77069edd.js was preloaded using link preload but not used within a few seconds from the window's load event. Please make sure it has an appropriate `as` value and it is preloaded intentionally. @ https://www.tiktok.com/@hegawystores?lang=en:0
[  137832ms] [WARNING] The resource https://sf16-website-login.neutral.ttwstatic.com/obj/tiktok_web_login_static/tiktok/web/tiktok_fe_login_vmok/static/js/async/1265.abf06e8b.js was preloaded using link preload but not used within a few seconds from the window's load event. Please make sure it has an appropriate `as` value and it is preloaded intentionally. @ https://www.tiktok.com/@hegawystores?lang=en:0
[  137832ms] [WARNING] The resource https://sf16-website-login.neutral.ttwstatic.com/obj/tiktok_web_login_static/tiktok/web/tiktok_fe_login_vmok/static/js/async/5613.8d5871a3.js was preloaded using link preload but not used within a few seconds from the window's load event. Please make sure it has an appropriate `as` value and it is preloaded intentionally. @ https://www.tiktok.com/@hegawystores?lang=en:0
[  137832ms] [WARNING] The resource https://sf16-website-login.neutral.ttwstatic.com/obj/tiktok_web_login_static/tiktok/web/tiktok_fe_login_vmok/static/js/async/1775.2141490f.js was preloaded using link preload but not used within a few seconds from the window's load event. Please make sure it has an appropriate `as` value and it is preloaded intentionally. @ https://www.tiktok.com/@hegawystores?lang=en:0
[  137832ms] [WARNING] The resource https://sf16-website-login.neutral.ttwstatic.com/obj/tiktok_web_login_static/tiktok/web/tiktok_fe_login_vmok/static/js/async/argus-builder-strategy.3e97a26f.js was preloaded using link preload but not used within a few seconds from the window's load event. Please make sure it has an appropriate `as` value and it is preloaded intentionally. @ https://www.tiktok.com/@hegawystores?lang=en:0
[  137832ms] [WARNING] The resource https://sf16-website-login.neutral.ttwstatic.com/obj/tiktok_web_login_static/tiktok/web/tiktok_fe_login_vmok/static/js/async/6869.bf0826a7.js was preloaded using link preload but not used within a few seconds from the window's load event. Please make sure it has an appropriate `as` value and it is preloaded intentionally. @ https://www.tiktok.com/@hegawystores?lang=en:0
[  137832ms] [WARNING] The resource https://sf16-website-login.neutral.ttwstatic.com/obj/tiktok_web_login_static/tiktok/web/tiktok_fe_login_vmok/static/js/async/6552.fd94ddd5.js was preloaded using link preload but not used within a few seconds from the window's load event. Please make sure it has an appropriate `as` value and it is preloaded intentionally. @ https://www.tiktok.com/@hegawystores?lang=en:0
[  137832ms] [WARNING] The resource https://sf16-website-login.neutral.ttwstatic.com/obj/tiktok_web_login_static/tiktok/web/tiktok_fe_login_vmok/static/js/async/lib-axios.68812c5b.js was preloaded using link preload but not used within a few seconds from the window's load event. Please make sure it has an appropriate `as` value and it is preloaded intentionally. @ https://www.tiktok.com/@hegawystores?lang=en:0
[  149856ms] [WARNING] The resource https://sf16-website-login.neutral.ttwstatic.com/obj/tiktok_web_login_static/tiktok/web/tiktok_fe_login_vmok/static/js/async/__federation_expose_pure.7bb71833.js was preloaded using link preload but not used within a few seconds from the window's load event. Please make sure it has an appropriate `as` value and it is preloaded intentionally. @ https://www.tiktok.com/@hegawystores?lang=en:0
[  149856ms] [WARNING] The resource https://sf16-website-login.neutral.ttwstatic.com/obj/tiktok_web_login_static/tiktok/web/tiktok_fe_login_vmok/static/js/async/3911.77069edd.js was preloaded using link preload but not used within a few seconds from the window's load event. Please make sure it has an appropriate `as` value and it is preloaded intentionally. @ https://www.tiktok.com/@hegawystores?lang=en:0
[  149856ms] [WARNING] The resource https://sf16-website-login.neutral.ttwstatic.com/obj/tiktok_web_login_static/tiktok/web/tiktok_fe_login_vmok/static/js/async/1265.abf06e8b.js was preloaded using link preload but not used within a few seconds from the window's load event. Please make sure it has an appropriate `as` value and it is preloaded intentionally. @ https://www.tiktok.com/@hegawystores?lang=en:0
[  149857ms] [WARNING] The resource https://sf16-website-login.neutral.ttwstatic.com/obj/tiktok_web_login_static/tiktok/web/tiktok_fe_login_vmok/static/js/async/5613.8d5871a3.js was preloaded using link preload but not used within a few seconds from the window's load event. Please make sure it has an appropriate `as` value and it is preloaded intentionally. @ https://www.tiktok.com/@hegawystores?lang=en:0
[  149857ms] [WARNING] The resource https://sf16-website-login.neutral.ttwstatic.com/obj/tiktok_web_login_static/tiktok/web/tiktok_fe_login_vmok/static/js/async/1775.2141490f.js was preloaded using link preload but not used within a few seconds from the window's load event. Please make sure it has an appropriate `as` value and it is preloaded intentionally. @ https://www.tiktok.com/@hegawystores?lang=en:0
[  149857ms] [WARNING] The resource https://sf16-website-login.neutral.ttwstatic.com/obj/tiktok_web_login_static/tiktok/web/tiktok_fe_login_vmok/static/js/async/argus-builder-strategy.3e97a26f.js was preloaded using link preload but not used within a few seconds from the window's load event. Please make sure it has an appropriate `as` value and it is preloaded intentionally. @ https://www.tiktok.com/@hegawystores?lang=en:0
[  149857ms] [WARNING] The resource https://sf16-website-login.neutral.ttwstatic.com/obj/tiktok_web_login_static/tiktok/web/tiktok_fe_login_vmok/static/js/async/6869.bf0826a7.js was preloaded using link preload but not used within a few seconds from the window's load event. Please make sure it has an appropriate `as` value and it is preloaded intentionally. @ https://www.tiktok.com/@hegawystores?lang=en:0
[  149859ms] [WARNING] The resource https://sf16-website-login.neutral.ttwstatic.com/obj/tiktok_web_login_static/tiktok/web/tiktok_fe_login_vmok/static/js/async/6552.fd94ddd5.js was preloaded using link preload but not used within a few seconds from the window's load event. Please make sure it has an appropriate `as` value and it is preloaded intentionally. @ https://www.tiktok.com/@hegawystores?lang=en:0
[  149859ms] [WARNING] The resource https://sf16-website-login.neutral.ttwstatic.com/obj/tiktok_web_login_static/tiktok/web/tiktok_fe_login_vmok/static/js/async/lib-axios.68812c5b.js was preloaded using link preload but not used within a few seconds from the window's load event. Please make sure it has an appropriate `as` value and it is preloaded intentionally. @ https://www.tiktok.com/@hegawystores?lang=en:0
[  159063ms] [WARNING] The resource https://sf16-website-login.neutral.ttwstatic.com/obj/tiktok_web_login_static/tiktok/web/tiktok_fe_login_vmok/static/js/async/__federation_expose_pure.7bb71833.js was preloaded using link preload but not used within a few seconds from the window's load event. Please make sure it has an appropriate `as` value and it is preloaded intentionally. @ https://www.tiktok.com/@hegawystores?lang=en:0
[  159064ms] [WARNING] The resource https://sf16-website-login.neutral.ttwstatic.com/obj/tiktok_web_login_static/tiktok/web/tiktok_fe_login_vmok/static/js/async/3911.77069edd.js was preloaded using link preload but not used within a few seconds from the window's load event. Please make sure it has an appropriate `as` value and it is preloaded intentionally. @ https://www.tiktok.com/@hegawystores?lang=en:0
[  159064ms] [WARNING] The resource https://sf16-website-login.neutral.ttwstatic.com/obj/tiktok_web_login_static/tiktok/web/tiktok_fe_login_vmok/static/js/async/1265.abf06e8b.js was preloaded using link preload but not used within a few seconds from the window's load event. Please make sure it has an appropriate `as` value and it is preloaded intentionally. @ https://www.tiktok.com/@hegawystores?lang=en:0
[  159064ms] [WARNING] The resource https://sf16-website-login.neutral.ttwstatic.com/obj/tiktok_web_login_static/tiktok/web/tiktok_fe_login_vmok/static/js/async/5613.8d5871a3.js was preloaded using link preload but not used within a few seconds from the window's load event. Please make sure it has an appropriate `as` value and it is preloaded intentionally. @ https://www.tiktok.com/@hegawystores?lang=en:0
[  159064ms] [WARNING] The resource https://sf16-website-login.neutral.ttwstatic.com/obj/tiktok_web_login_static/tiktok/web/tiktok_fe_login_vmok/static/js/async/1775.2141490f.js was preloaded using link preload but not used within a few seconds from the window's load event. Please make sure it has an appropriate `as` value and it is preloaded intentionally. @ https://www.tiktok.com/@hegawystores?lang=en:0
[  159065ms] [WARNING] The resource https://sf16-website-login.neutral.ttwstatic.com/obj/tiktok_web_login_static/tiktok/web/tiktok_fe_login_vmok/static/js/async/argus-builder-strategy.3e97a26f.js was preloaded using link preload but not used within a few seconds from the window's load event. Please make sure it has an appropriate `as` value and it is preloaded intentionally. @ https://www.tiktok.com/@hegawystores?lang=en:0
[  159065ms] [WARNING] The resource https://sf16-website-login.neutral.ttwstatic.com/obj/tiktok_web_login_static/tiktok/web/tiktok_fe_login_vmok/static/js/async/6869.bf0826a7.js was preloaded using link preload but not used within a few seconds from the window's load event. Please make sure it has an appropriate `as` value and it is preloaded intentionally. @ https://www.tiktok.com/@hegawystores?lang=en:0
[  159065ms] [WARNING] The resource https://sf16-website-login.neutral.ttwstatic.com/obj/tiktok_web_login_static/tiktok/web/tiktok_fe_login_vmok/static/js/async/6552.fd94ddd5.js was preloaded using link preload but not used within a few seconds from the window's load event. Please make sure it has an appropriate `as` value and it is preloaded intentionally. @ https://www.tiktok.com/@hegawystores?lang=en:0
[  159065ms] [WARNING] The resource https://sf16-website-login.neutral.ttwstatic.com/obj/tiktok_web_login_static/tiktok/web/tiktok_fe_login_vmok/static/js/async/lib-axios.68812c5b.js was preloaded using link preload but not used within a few seconds from the window's load event. Please make sure it has an appropriate `as` value and it is preloaded intentionally. @ https://www.tiktok.com/@hegawystores?lang=en:0
[  169605ms] [WARNING] The resource https://sf16-website-login.neutral.ttwstatic.com/obj/tiktok_web_login_static/tiktok/web/tiktok_fe_login_vmok/static/js/async/__federation_expose_pure.7bb71833.js was preloaded using link preload but not used within a few seconds from the window's load event. Please make sure it has an appropriate `as` value and it is preloaded intentionally. @ https://www.tiktok.com/@hegawystores?lang=en:0
[  169605ms] [WARNING] The resource https://sf16-website-login.neutral.ttwstatic.com/obj/tiktok_web_login_static/tiktok/web/tiktok_fe_login_vmok/static/js/async/3911.77069edd.js was preloaded using link preload but not used within a few seconds from the window's load event. Please make sure it has an appropriate `as` value and it is preloaded intentionally. @ https://www.tiktok.com/@hegawystores?lang=en:0
[  169605ms] [WARNING] The resource https://sf16-website-login.neutral.ttwstatic.com/obj/tiktok_web_login_static/tiktok/web/tiktok_fe_login_vmok/static/js/async/1265.abf06e8b.js was preloaded using link preload but not used within a few seconds from the window's load event. Please make sure it has an appropriate `as` value and it is preloaded intentionally. @ https://www.tiktok.com/@hegawystores?lang=en:0
[  169605ms] [WARNING] The resource https://sf16-website-login.neutral.ttwstatic.com/obj/tiktok_web_login_static/tiktok/web/tiktok_fe_login_vmok/static/js/async/5613.8d5871a3.js was preloaded using link preload but not used within a few seconds from the window's load event. Please make sure it has an appropriate `as` value and it is preloaded intentionally. @ https://www.tiktok.com/@hegawystores?lang=en:0
[  169605ms] [WARNING] The resource https://sf16-website-login.neutral.ttwstatic.com/obj/tiktok_web_login_static/tiktok/web/tiktok_fe_login_vmok/static/js/async/1775.2141490f.js was preloaded using link preload but not used within a few seconds from the window's load event. Please make sure it has an appropriate `as` value and it is preloaded intentionally. @ https://www.tiktok.com/@hegawystores?lang=en:0
[  169605ms] [WARNING] The resource https://sf16-website-login.neutral.ttwstatic.com/obj/tiktok_web_login_static/tiktok/web/tiktok_fe_login_vmok/static/js/async/argus-builder-strategy.3e97a26f.js was preloaded using link preload but not used within a few seconds from the window's load event. Please make sure it has an appropriate `as` value and it is preloaded intentionally. @ https://www.tiktok.com/@hegawystores?lang=en:0
[  169605ms] [WARNING] The resource https://sf16-website-login.neutral.ttwstatic.com/obj/tiktok_web_login_static/tiktok/web/tiktok_fe_login_vmok/static/js/async/6869.bf0826a7.js was preloaded using link preload but not used within a few seconds from the window's load event. Please make sure it has an appropriate `as` value and it is preloaded intentionally. @ https://www.tiktok.com/@hegawystores?lang=en:0
[  169605ms] [WARNING] The resource https://sf16-website-login.neutral.ttwstatic.com/obj/tiktok_web_login_static/tiktok/web/tiktok_fe_login_vmok/static/js/async/6552.fd94ddd5.js was preloaded using link preload but not used within a few seconds from the window's load event. Please make sure it has an appropriate `as` value and it is preloaded intentionally. @ https://www.tiktok.com/@hegawystores?lang=en:0
[  169605ms] [WARNING] The resource https://sf16-website-login.neutral.ttwstatic.com/obj/tiktok_web_login_static/tiktok/web/tiktok_fe_login_vmok/static/js/async/lib-axios.68812c5b.js was preloaded using link preload but not used within a few seconds from the window's load event. Please make sure it has an appropriate `as` value and it is preloaded intentionally. @ https://www.tiktok.com/@hegawystores?lang=en:0
[  180156ms] [WARNING] The resource https://sf16-website-login.neutral.ttwstatic.com/obj/tiktok_web_login_static/tiktok/web/tiktok_fe_login_vmok/static/js/async/__federation_expose_pure.7bb71833.js was preloaded using link preload but not used within a few seconds from the window's load event. Please make sure it has an appropriate `as` value and it is preloaded intentionally. @ https://www.tiktok.com/@hegawystores?lang=en:0
[  180157ms] [WARNING] The resource https://sf16-website-login.neutral.ttwstatic.com/obj/tiktok_web_login_static/tiktok/web/tiktok_fe_login_vmok/static/js/async/3911.77069edd.js was preloaded using link preload but not used within a few seconds from the window's load event. Please make sure it has an appropriate `as` value and it is preloaded intentionally. @ https://www.tiktok.com/@hegawystores?lang=en:0
[  180157ms] [WARNING] The resource https://sf16-website-login.neutral.ttwstatic.com/obj/tiktok_web_login_static/tiktok/web/tiktok_fe_login_vmok/static/js/async/1265.abf06e8b.js was preloaded using link preload but not used within a few seconds from the window's load event. Please make sure it has an appropriate `as` value and it is preloaded intentionally. @ https://www.tiktok.com/@hegawystores?lang=en:0
[  180157ms] [WARNING] The resource https://sf16-website-login.neutral.ttwstatic.com/obj/tiktok_web_login_static/tiktok/web/tiktok_fe_login_vmok/static/js/async/5613.8d5871a3.js was preloaded using link preload but not used within a few seconds from the window's load event. Please make sure it has an appropriate `as` value and it is preloaded intentionally. @ https://www.tiktok.com/@hegawystores?lang=en:0
[  180157ms] [WARNING] The resource https://sf16-website-login.neutral.ttwstatic.com/obj/tiktok_web_login_static/tiktok/web/tiktok_fe_login_vmok/static/js/async/1775.2141490f.js was preloaded using link preload but not used within a few seconds from the window's load event. Please make sure it has an appropriate `as` value and it is preloaded intentionally. @ https://www.tiktok.com/@hegawystores?lang=en:0
[  180157ms] [WARNING] The resource https://sf16-website-login.neutral.ttwstatic.com/obj/tiktok_web_login_static/tiktok/web/tiktok_fe_login_vmok/static/js/async/argus-builder-strategy.3e97a26f.js was preloaded using link preload but not used within a few seconds from the window's load event. Please make sure it has an appropriate `as` value and it is preloaded intentionally. @ https://www.tiktok.com/@hegawystores?lang=en:0
[  180157ms] [WARNING] The resource https://sf16-website-login.neutral.ttwstatic.com/obj/tiktok_web_login_static/tiktok/web/tiktok_fe_login_vmok/static/js/async/6869.bf0826a7.js was preloaded using link preload but not used within a few seconds from the window's load event. Please make sure it has an appropriate `as` value and it is preloaded intentionally. @ https://www.tiktok.com/@hegawystores?lang=en:0
[  180157ms] [WARNING] The resource https://sf16-website-login.neutral.ttwstatic.com/obj/tiktok_web_login_static/tiktok/web/tiktok_fe_login_vmok/static/js/async/6552.fd94ddd5.js was preloaded using link preload but not used within a few seconds from the window's load event. Please make sure it has an appropriate `as` value and it is preloaded intentionally. @ https://www.tiktok.com/@hegawystores?lang=en:0
[  180157ms] [WARNING] The resource https://sf16-website-login.neutral.ttwstatic.com/obj/tiktok_web_login_static/tiktok/web/tiktok_fe_login_vmok/static/js/async/lib-axios.68812c5b.js was preloaded using link preload but not used within a few seconds from the window's load event. Please make sure it has an appropriate `as` value and it is preloaded intentionally. @ https://www.tiktok.com/@hegawystores?lang=en:0
[  186602ms] [WARNING] The resource https://sf16-website-login.neutral.ttwstatic.com/obj/tiktok_web_login_static/tiktok/web/tiktok_fe_login_vmok/static/js/async/__federation_expose_pure.7bb71833.js was preloaded using link preload but not used within a few seconds from the window's load event. Please make sure it has an appropriate `as` value and it is preloaded intentionally. @ https://www.tiktok.com/@hegawystores?lang=en:0
[  186602ms] [WARNING] The resource https://sf16-website-login.neutral.ttwstatic.com/obj/tiktok_web_login_static/tiktok/web/tiktok_fe_login_vmok/static/js/async/3911.77069edd.js was preloaded using link preload but not used within a few seconds from the window's load event. Please make sure it has an appropriate `as` value and it is preloaded intentionally. @ https://www.tiktok.com/@hegawystores?lang=en:0
[  186602ms] [WARNING] The resource https://sf16-website-login.neutral.ttwstatic.com/obj/tiktok_web_login_static/tiktok/web/tiktok_fe_login_vmok/static/js/async/1265.abf06e8b.js was preloaded using link preload but not used within a few seconds from the window's load event. Please make sure it has an appropriate `as` value and it is preloaded intentionally. @ https://www.tiktok.com/@hegawystores?lang=en:0
[  186602ms] [WARNING] The resource https://sf16-website-login.neutral.ttwstatic.com/obj/tiktok_web_login_static/tiktok/web/tiktok_fe_login_vmok/static/js/async/5613.8d5871a3.js was preloaded using link preload but not used within a few seconds from the window's load event. Please make sure it has an appropriate `as` value and it is preloaded intentionally. @ https://www.tiktok.com/@hegawystores?lang=en:0
[  186602ms] [WARNING] The resource https://sf16-website-login.neutral.ttwstatic.com/obj/tiktok_web_login_static/tiktok/web/tiktok_fe_login_vmok/static/js/async/1775.2141490f.js was preloaded using link preload but not used within a few seconds from the window's load event. Please make sure it has an appropriate `as` value and it is preloaded intentionally. @ https://www.tiktok.com/@hegawystores?lang=en:0
[  186602ms] [WARNING] The resource https://sf16-website-login.neutral.ttwstatic.com/obj/tiktok_web_login_static/tiktok/web/tiktok_fe_login_vmok/static/js/async/argus-builder-strategy.3e97a26f.js was preloaded using link preload but not used within a few seconds from the window's load event. Please make sure it has an appropriate `as` value and it is preloaded intentionally. @ https://www.tiktok.com/@hegawystores?lang=en:0
[  186602ms] [WARNING] The resource https://sf16-website-login.neutral.ttwstatic.com/obj/tiktok_web_login_static/tiktok/web/tiktok_fe_login_vmok/static/js/async/6869.bf0826a7.js was preloaded using link preload but not used within a few seconds from the window's load event. Please make sure it has an appropriate `as` value and it is preloaded intentionally. @ https://www.tiktok.com/@hegawystores?lang=en:0
[  186602ms] [WARNING] The resource https://sf16-website-login.neutral.ttwstatic.com/obj/tiktok_web_login_static/tiktok/web/tiktok_fe_login_vmok/static/js/async/6552.fd94ddd5.js was preloaded using link preload but not used within a few seconds from the window's load event. Please make sure it has an appropriate `as` value and it is preloaded intentionally. @ https://www.tiktok.com/@hegawystores?lang=en:0
[  186602ms] [WARNING] The resource https://sf16-website-login.neutral.ttwstatic.com/obj/tiktok_web_login_static/tiktok/web/tiktok_fe_login_vmok/static/js/async/lib-axios.68812c5b.js was preloaded using link preload but not used within a few seconds from the window's load event. Please make sure it has an appropriate `as` value and it is preloaded intentionally. @ https://www.tiktok.com/@hegawystores?lang=en:0
