[     347ms] [ERROR] The Content Security Policy directive 'upgrade-insecure-requests' is ignored when delivered in a report-only policy. @ https://www.tiktok.com/?lang=en:0
[     493ms] [WARNING] Reflect is already polyfilled. @ https://sf16-website-login.neutral.ttwstatic.com/obj/tiktok_web_login_static/tiktok/webapp/main/react-v18/webapp-desktop/static/js/webapp-desktop.d69e4fd6.js:0
[     547ms] [ERROR] Consume appContext before init @ https://sf16-website-login.neutral.ttwstatic.com/obj/tiktok_web_login_static/tiktok/webapp/main/react-v18/webapp-desktop/static/js/webapp-desktop.d69e4fd6.js:0
[    2116ms] [LOG] %c %s color: yellow; background-color: black; [instance: default] appid: 1988, userInfo:{"user_unique_id":"7649786990460012039","user_type":12,"user_id":"7598222841687163921","user_is_login":false,"device_id":"7649786990460012039"} @ https://sf16-website-login.neutral.ttwstatic.com/obj/tiktok_web_login_static/tiktok/webapp/main/react-v18/webapp-desktop/static/js/npm-dp-byted-tea-sdk-oversea.f4e273c4.js:0
[    2116ms] [LOG] %c %s color: yellow; background-color: black; [instance: default] appid: 1988, sdk is ready, version is 5.3.17, you can report now !!! @ https://sf16-website-login.neutral.ttwstatic.com/obj/tiktok_web_login_static/tiktok/webapp/main/react-v18/webapp-desktop/static/js/npm-dp-byted-tea-sdk-oversea.f4e273c4.js:0
[    2190ms] Uncaught Error: Minified React error #418; visit https://reactjs.org/docs/error-decoder.html?invariant=418 for the full message or use the non-minified dev environment for full errors and additional helpful warnings.
    at ag (https://sf16-website-login.neutral.ttwstatic.com/obj/tiktok_web_login_static/tiktok/webapp/main/react-v18/webapp-desktop/static/js/npm-react.db934f16.js:1:122523)
    at u (https://sf16-website-login.neutral.ttwstatic.com/obj/tiktok_web_login_static/tiktok/webapp/main/react-v18/webapp-desktop/static/js/npm-react.db934f16.js:1:197146)
    at iI (https://sf16-website-login.neutral.ttwstatic.com/obj/tiktok_web_login_static/tiktok/webapp/main/react-v18/webapp-desktop/static/js/npm-react.db934f16.js:1:175130)
    at iD (https://sf16-website-login.neutral.ttwstatic.com/obj/tiktok_web_login_static/tiktok/webapp/main/react-v18/webapp-desktop/static/js/npm-react.db934f16.js:1:175000)
    at iE (https://sf16-website-login.neutral.ttwstatic.com/obj/tiktok_web_login_static/tiktok/webapp/main/react-v18/webapp-desktop/static/js/npm-react.db934f16.js:1:170073)
    at x (https://sf16-website-login.neutral.ttwstatic.com/obj/tiktok_web_login_static/tiktok/webapp/main/react-v18/webapp-desktop/static/js/npm-react.db934f16.js:1:265514)
    at N (https://sf16-website-login.neutral.ttwstatic.com/obj/tiktok_web_login_static/tiktok/webapp/main/react-v18/webapp-desktop/static/js/npm-react.db934f16.js:1:266044)
[    2190ms] Uncaught Error: Minified React error #418; visit https://reactjs.org/docs/error-decoder.html?invariant=418 for the full message or use the non-minified dev environment for full errors and additional helpful warnings.
    at ag (https://sf16-website-login.neutral.ttwstatic.com/obj/tiktok_web_login_static/tiktok/webapp/main/react-v18/webapp-desktop/static/js/npm-react.db934f16.js:1:122523)
    at u (https://sf16-website-login.neutral.ttwstatic.com/obj/tiktok_web_login_static/tiktok/webapp/main/react-v18/webapp-desktop/static/js/npm-react.db934f16.js:1:197146)
    at iI (https://sf16-website-login.neutral.ttwstatic.com/obj/tiktok_web_login_static/tiktok/webapp/main/react-v18/webapp-desktop/static/js/npm-react.db934f16.js:1:175130)
    at iD (https://sf16-website-login.neutral.ttwstatic.com/obj/tiktok_web_login_static/tiktok/webapp/main/react-v18/webapp-desktop/static/js/npm-react.db934f16.js:1:175000)
    at iE (https://sf16-website-login.neutral.ttwstatic.com/obj/tiktok_web_login_static/tiktok/webapp/main/react-v18/webapp-desktop/static/js/npm-react.db934f16.js:1:170073)
    at x (https://sf16-website-login.neutral.ttwstatic.com/obj/tiktok_web_login_static/tiktok/webapp/main/react-v18/webapp-desktop/static/js/npm-react.db934f16.js:1:265514)
    at N (https://sf16-website-login.neutral.ttwstatic.com/obj/tiktok_web_login_static/tiktok/webapp/main/react-v18/webapp-desktop/static/js/npm-react.db934f16.js:1:266044)
[    2191ms] Uncaught Error: Minified React error #418; visit https://reactjs.org/docs/error-decoder.html?invariant=418 for the full message or use the non-minified dev environment for full errors and additional helpful warnings.
    at ag (https://sf16-website-login.neutral.ttwstatic.com/obj/tiktok_web_login_static/tiktok/webapp/main/react-v18/webapp-desktop/static/js/npm-react.db934f16.js:1:122523)
    at u (https://sf16-website-login.neutral.ttwstatic.com/obj/tiktok_web_login_static/tiktok/webapp/main/react-v18/webapp-desktop/static/js/npm-react.db934f16.js:1:197146)
    at iI (https://sf16-website-login.neutral.ttwstatic.com/obj/tiktok_web_login_static/tiktok/webapp/main/react-v18/webapp-desktop/static/js/npm-react.db934f16.js:1:175130)
    at iD (https://sf16-website-login.neutral.ttwstatic.com/obj/tiktok_web_login_static/tiktok/webapp/main/react-v18/webapp-desktop/static/js/npm-react.db934f16.js:1:175000)
    at iE (https://sf16-website-login.neutral.ttwstatic.com/obj/tiktok_web_login_static/tiktok/webapp/main/react-v18/webapp-desktop/static/js/npm-react.db934f16.js:1:170073)
    at x (https://sf16-website-login.neutral.ttwstatic.com/obj/tiktok_web_login_static/tiktok/webapp/main/react-v18/webapp-desktop/static/js/npm-react.db934f16.js:1:265514)
    at N (https://sf16-website-login.neutral.ttwstatic.com/obj/tiktok_web_login_static/tiktok/webapp/main/react-v18/webapp-desktop/static/js/npm-react.db934f16.js:1:266044)
[    2191ms] Uncaught Error: Minified React error #418; visit https://reactjs.org/docs/error-decoder.html?invariant=418 for the full message or use the non-minified dev environment for full errors and additional helpful warnings.
    at ag (https://sf16-website-login.neutral.ttwstatic.com/obj/tiktok_web_login_static/tiktok/webapp/main/react-v18/webapp-desktop/static/js/npm-react.db934f16.js:1:122523)
    at u (https://sf16-website-login.neutral.ttwstatic.com/obj/tiktok_web_login_static/tiktok/webapp/main/react-v18/webapp-desktop/static/js/npm-react.db934f16.js:1:197146)
    at iI (https://sf16-website-login.neutral.ttwstatic.com/obj/tiktok_web_login_static/tiktok/webapp/main/react-v18/webapp-desktop/static/js/npm-react.db934f16.js:1:175130)
    at iD (https://sf16-website-login.neutral.ttwstatic.com/obj/tiktok_web_login_static/tiktok/webapp/main/react-v18/webapp-desktop/static/js/npm-react.db934f16.js:1:175000)
    at iE (https://sf16-website-login.neutral.ttwstatic.com/obj/tiktok_web_login_static/tiktok/webapp/main/react-v18/webapp-desktop/static/js/npm-react.db934f16.js:1:170073)
    at x (https://sf16-website-login.neutral.ttwstatic.com/obj/tiktok_web_login_static/tiktok/webapp/main/react-v18/webapp-desktop/static/js/npm-react.db934f16.js:1:265514)
    at N (https://sf16-website-login.neutral.ttwstatic.com/obj/tiktok_web_login_static/tiktok/webapp/main/react-v18/webapp-desktop/static/js/npm-react.db934f16.js:1:266044)
[    2191ms] Uncaught Error: Minified React error #418; visit https://reactjs.org/docs/error-decoder.html?invariant=418 for the full message or use the non-minified dev environment for full errors and additional helpful warnings.
    at ag (https://sf16-website-login.neutral.ttwstatic.com/obj/tiktok_web_login_static/tiktok/webapp/main/react-v18/webapp-desktop/static/js/npm-react.db934f16.js:1:122523)
    at u (https://sf16-website-login.neutral.ttwstatic.com/obj/tiktok_web_login_static/tiktok/webapp/main/react-v18/webapp-desktop/static/js/npm-react.db934f16.js:1:197146)
    at iI (https://sf16-website-login.neutral.ttwstatic.com/obj/tiktok_web_login_static/tiktok/webapp/main/react-v18/webapp-desktop/static/js/npm-react.db934f16.js:1:175130)
    at iD (https://sf16-website-login.neutral.ttwstatic.com/obj/tiktok_web_login_static/tiktok/webapp/main/react-v18/webapp-desktop/static/js/npm-react.db934f16.js:1:175000)
    at iE (https://sf16-website-login.neutral.ttwstatic.com/obj/tiktok_web_login_static/tiktok/webapp/main/react-v18/webapp-desktop/static/js/npm-react.db934f16.js:1:170073)
    at x (https://sf16-website-login.neutral.ttwstatic.com/obj/tiktok_web_login_static/tiktok/webapp/main/react-v18/webapp-desktop/static/js/npm-react.db934f16.js:1:265514)
    at N (https://sf16-website-login.neutral.ttwstatic.com/obj/tiktok_web_login_static/tiktok/webapp/main/react-v18/webapp-desktop/static/js/npm-react.db934f16.js:1:266044)
[    2191ms] Uncaught Error: Minified React error #418; visit https://reactjs.org/docs/error-decoder.html?invariant=418 for the full message or use the non-minified dev environment for full errors and additional helpful warnings.
    at ag (https://sf16-website-login.neutral.ttwstatic.com/obj/tiktok_web_login_static/tiktok/webapp/main/react-v18/webapp-desktop/static/js/npm-react.db934f16.js:1:122523)
    at u (https://sf16-website-login.neutral.ttwstatic.com/obj/tiktok_web_login_static/tiktok/webapp/main/react-v18/webapp-desktop/static/js/npm-react.db934f16.js:1:197323)
    at iI (https://sf16-website-login.neutral.ttwstatic.com/obj/tiktok_web_login_static/tiktok/webapp/main/react-v18/webapp-desktop/static/js/npm-react.db934f16.js:1:175130)
    at iD (https://sf16-website-login.neutral.ttwstatic.com/obj/tiktok_web_login_static/tiktok/webapp/main/react-v18/webapp-desktop/static/js/npm-react.db934f16.js:1:175000)
    at iE (https://sf16-website-login.neutral.ttwstatic.com/obj/tiktok_web_login_static/tiktok/webapp/main/react-v18/webapp-desktop/static/js/npm-react.db934f16.js:1:170073)
    at x (https://sf16-website-login.neutral.ttwstatic.com/obj/tiktok_web_login_static/tiktok/webapp/main/react-v18/webapp-desktop/static/js/npm-react.db934f16.js:1:265514)
    at N (https://sf16-website-login.neutral.ttwstatic.com/obj/tiktok_web_login_static/tiktok/webapp/main/react-v18/webapp-desktop/static/js/npm-react.db934f16.js:1:266044)
[    2191ms] Uncaught Error: Minified React error #423; visit https://reactjs.org/docs/error-decoder.html?invariant=423 for the full message or use the non-minified dev environment for full errors and additional helpful warnings.
    at u (https://sf16-website-login.neutral.ttwstatic.com/obj/tiktok_web_login_static/tiktok/webapp/main/react-v18/webapp-desktop/static/js/npm-react.db934f16.js:1:196805)
    at iI (https://sf16-website-login.neutral.ttwstatic.com/obj/tiktok_web_login_static/tiktok/webapp/main/react-v18/webapp-desktop/static/js/npm-react.db934f16.js:1:175130)
    at iD (https://sf16-website-login.neutral.ttwstatic.com/obj/tiktok_web_login_static/tiktok/webapp/main/react-v18/webapp-desktop/static/js/npm-react.db934f16.js:1:175000)
    at iC (https://sf16-website-login.neutral.ttwstatic.com/obj/tiktok_web_login_static/tiktok/webapp/main/react-v18/webapp-desktop/static/js/npm-react.db934f16.js:1:171771)
    at iE (https://sf16-website-login.neutral.ttwstatic.com/obj/tiktok_web_login_static/tiktok/webapp/main/react-v18/webapp-desktop/static/js/npm-react.db934f16.js:1:170326)
    at x (https://sf16-website-login.neutral.ttwstatic.com/obj/tiktok_web_login_static/tiktok/webapp/main/react-v18/webapp-desktop/static/js/npm-react.db934f16.js:1:265514)
    at N (https://sf16-website-login.neutral.ttwstatic.com/obj/tiktok_web_login_static/tiktok/webapp/main/react-v18/webapp-desktop/static/js/npm-react.db934f16.js:1:266044)
[    2276ms] [INFO] . @ https://sf16-website-login.neutral.ttwstatic.com/obj/tiktok_web_login_static/webmssdk/1.0.0.374/webmssdk.js:0
[    2421ms] [INFO] Evaluating a string as JavaScript violates the following Content Security Policy directive because 'unsafe-eval' is not an allowed source of script: "script-src 'report-sample' 'inline-speculation-rules' 'wasm-unsafe-eval' accounts.google.com apis.google.com appleid.cdn-apple.com c.paypal.com cdn.ampproject.org cdnjs.cloudflare.com client-api.arkoselabs.com code.jquery.com connect.facebook.net developers.kakao.com googleads.g.doubleclick.net interactives.ap.org js-cdn.music.apple.com/musickit/v3/musickit.js js.hcaptcha.com js.hsforms.net lf16-cdn-tos.tiktokcdn-us.com/obj/static-tx/bric-captcha/core-captcha/ pay.google.com recaptcha.google.com s20.tiktokcdn.com s3.amazonaws.com sf-teko-source.tiktokcdn.com sf-website-login-bak.tiktokcdn.com sf16-website-login.neutral.tiktokcdn-eu.com/obj/tiktok_web_login_static_eu/pns/tiktok-cookie-banner/ sf16-website-login.neutral.ttwstatic.com sf16-website.neutral.ttwstatic.com sf16m-website-login.neutral.ttwstatic.com ssl.bing.com static.captchami.com tiktok.captchami.com tx41v.arkoselabs.com unpkg.com vimeo.com www.google.com www.googleadservices.com www.googleapis.com www.googletagmanager.com www.gstatic.com www.vimeo.com".
 The policy is report-only, so the violation has been logged but no further action has been taken. @ https://sf16-website-login.neutral.ttwstatic.com/obj/tiktok_web_login_static/tiktok/webapp/main/react-v18/webapp-desktop/static/js/async/64887.ba0a9df5.js:1
[    2422ms] [INFO] Evaluating a string as JavaScript violates the following Content Security Policy directive because 'unsafe-eval' is not an allowed source of script: "script-src 'report-sample' 'inline-speculation-rules' 'wasm-unsafe-eval' accounts.google.com apis.google.com appleid.cdn-apple.com c.paypal.com cdn.ampproject.org cdnjs.cloudflare.com client-api.arkoselabs.com code.jquery.com connect.facebook.net developers.kakao.com googleads.g.doubleclick.net interactives.ap.org js-cdn.music.apple.com/musickit/v3/musickit.js js.hcaptcha.com js.hsforms.net lf16-cdn-tos.tiktokcdn-us.com/obj/static-tx/bric-captcha/core-captcha/ pay.google.com recaptcha.google.com s20.tiktokcdn.com s3.amazonaws.com sf-teko-source.tiktokcdn.com sf-website-login-bak.tiktokcdn.com sf16-website-login.neutral.tiktokcdn-eu.com/obj/tiktok_web_login_static_eu/pns/tiktok-cookie-banner/ sf16-website-login.neutral.ttwstatic.com sf16-website.neutral.ttwstatic.com sf16m-website-login.neutral.ttwstatic.com ssl.bing.com static.captchami.com tiktok.captchami.com tx41v.arkoselabs.com unpkg.com vimeo.com www.google.com www.googleadservices.com www.googleapis.com www.googletagmanager.com www.gstatic.com www.vimeo.com".
 The policy is report-only, so the violation has been logged but no further action has been taken. @ https://sf16-website-login.neutral.ttwstatic.com/obj/tiktok_web_login_static/tiktok/webapp/main/react-v18/webapp-desktop/static/js/async/64887.ba0a9df5.js:1
[    2482ms] [INFO] Evaluating a string as JavaScript violates the following Content Security Policy directive because 'unsafe-eval' is not an allowed source of script: "script-src 'report-sample' 'inline-speculation-rules' 'wasm-unsafe-eval' accounts.google.com apis.google.com appleid.cdn-apple.com c.paypal.com cdn.ampproject.org cdnjs.cloudflare.com client-api.arkoselabs.com code.jquery.com connect.facebook.net developers.kakao.com googleads.g.doubleclick.net interactives.ap.org js-cdn.music.apple.com/musickit/v3/musickit.js js.hcaptcha.com js.hsforms.net lf16-cdn-tos.tiktokcdn-us.com/obj/static-tx/bric-captcha/core-captcha/ pay.google.com recaptcha.google.com s20.tiktokcdn.com s3.amazonaws.com sf-teko-source.tiktokcdn.com sf-website-login-bak.tiktokcdn.com sf16-website-login.neutral.tiktokcdn-eu.com/obj/tiktok_web_login_static_eu/pns/tiktok-cookie-banner/ sf16-website-login.neutral.ttwstatic.com sf16-website.neutral.ttwstatic.com sf16m-website-login.neutral.ttwstatic.com ssl.bing.com static.captchami.com tiktok.captchami.com tx41v.arkoselabs.com unpkg.com vimeo.com www.google.com www.googleadservices.com www.googleapis.com www.googletagmanager.com www.gstatic.com www.vimeo.com".
 The policy is report-only, so the violation has been logged but no further action has been taken. @ https://sf16-website-login.neutral.ttwstatic.com/obj/tiktok_web_login_static/tiktok/web/tiktok_fe_login_vmok/vmok-remote-entry.e53e86a4.js:1
[    2980ms] [LOG] ws.opened @ https://sf16-website-login.neutral.ttwstatic.com/obj/tiktok_web_login_static/webmssdk/1.0.0.374/webmssdk.js:0
[    2980ms] [WARNING] [SDK] 1781107167654        0 already inited @ https://sf16-website-login.neutral.ttwstatic.com/obj/tiktok_web_login_static/slardar/fe/sdk-web/browser.sg.js?bid=tiktok_webapp&globalName=SlardarClient:0
[    4345ms] [ERROR] The Content Security Policy directive 'upgrade-insecure-requests' is ignored when delivered in a report-only policy. @ https://sf16-website-login.neutral.ttwstatic.com/obj/tiktok_web_login_static/webmssdk/1.0.0.374/webmssdk.js:0
[    4346ms] [ERROR] The Content Security Policy directive 'upgrade-insecure-requests' is ignored when delivered in a report-only policy. @ https://sf16-website-login.neutral.ttwstatic.com/obj/tiktok_web_login_static/webmssdk/1.0.0.374/webmssdk.js:0
[    4366ms] [ERROR] The Content Security Policy directive 'upgrade-insecure-requests' is ignored when delivered in a report-only policy. @ https://sf16-website-login.neutral.ttwstatic.com/obj/tiktok_web_login_static/webmssdk/1.0.0.374/webmssdk.js:0
[    4367ms] [ERROR] The Content Security Policy directive 'upgrade-insecure-requests' is ignored when delivered in a report-only policy. @ https://sf16-website-login.neutral.ttwstatic.com/obj/tiktok_web_login_static/webmssdk/1.0.0.374/webmssdk.js:0
[    4449ms] [ERROR] The Content Security Policy directive 'upgrade-insecure-requests' is ignored when delivered in a report-only policy. @ https://sf16-website-login.neutral.ttwstatic.com/obj/tiktok_web_login_static/webmssdk/1.0.0.374/webmssdk.js:0
[    4451ms] [ERROR] The Content Security Policy directive 'upgrade-insecure-requests' is ignored when delivered in a report-only policy. @ https://sf16-website-login.neutral.ttwstatic.com/obj/tiktok_web_login_static/webmssdk/1.0.0.374/webmssdk.js:0
[    4470ms] [ERROR] The Content Security Policy directive 'upgrade-insecure-requests' is ignored when delivered in a report-only policy. @ https://sf16-website-login.neutral.ttwstatic.com/obj/tiktok_web_login_static/webmssdk/1.0.0.374/webmssdk.js:0
[    4472ms] [ERROR] The Content Security Policy directive 'upgrade-insecure-requests' is ignored when delivered in a report-only policy. @ https://sf16-website-login.neutral.ttwstatic.com/obj/tiktok_web_login_static/webmssdk/1.0.0.374/webmssdk.js:0
[    4831ms] [WARNING] [TikTok desktop app SDK Monitor]:   WARN:[printFirstFeedShow]The current environment is not inside the client. @ https://sf16-website-login.neutral.ttwstatic.com/obj/tiktok_web_login_static/tiktok/webapp/main/react-v18/webapp-desktop/static/js/webapp-desktop.d69e4fd6.js:0
[    5284ms] [INFO] Evaluating a string as JavaScript violates the following Content Security Policy directive because 'unsafe-eval' is not an allowed source of script: "script-src 'report-sample' 'inline-speculation-rules' 'wasm-unsafe-eval' accounts.google.com apis.google.com appleid.cdn-apple.com c.paypal.com cdn.ampproject.org cdnjs.cloudflare.com client-api.arkoselabs.com code.jquery.com connect.facebook.net developers.kakao.com googleads.g.doubleclick.net interactives.ap.org js-cdn.music.apple.com/musickit/v3/musickit.js js.hcaptcha.com js.hsforms.net lf16-cdn-tos.tiktokcdn-us.com/obj/static-tx/bric-captcha/core-captcha/ pay.google.com recaptcha.google.com s20.tiktokcdn.com s3.amazonaws.com sf-teko-source.tiktokcdn.com sf-website-login-bak.tiktokcdn.com sf16-website-login.neutral.tiktokcdn-eu.com/obj/tiktok_web_login_static_eu/pns/tiktok-cookie-banner/ sf16-website-login.neutral.ttwstatic.com sf16-website.neutral.ttwstatic.com sf16m-website-login.neutral.ttwstatic.com ssl.bing.com static.captchami.com tiktok.captchami.com tx41v.arkoselabs.com unpkg.com vimeo.com www.google.com www.googleadservices.com www.googleapis.com www.googletagmanager.com www.gstatic.com www.vimeo.com".
 The policy is report-only, so the violation has been logged but no further action has been taken. @ https://sf16-website-login.neutral.ttwstatic.com/obj/tiktok_web_login_static/tiktok/webapp/main/react-v18/webapp-desktop/static/js/async/55674.12ba1c88.js:0
[    5699ms] [ERROR] The Content Security Policy directive 'upgrade-insecure-requests' is ignored when delivered in a report-only policy. @ https://sf16-website-login.neutral.ttwstatic.com/obj/tiktok_web_login_static/ttweb_webmssdk_ex/1.0.0.2624/webmssdk_ex.js:0
[    5699ms] [ERROR] The Content Security Policy directive 'upgrade-insecure-requests' is ignored when delivered in a report-only policy. @ https://sf16-website-login.neutral.ttwstatic.com/obj/tiktok_web_login_static/ttweb_webmssdk_ex/1.0.0.2624/webmssdk_ex.js:0
[    5720ms] [LOG] %c %s color: yellow; background-color: black; [instance: cookie_banner_tea_sdk] appid: 345918, userInfo:{"user_unique_id":"7649787001097504274","web_id":"7649787001097504274"} @ https://sf16-website-login.neutral.ttwstatic.com/obj/tiktok_web_login_static/webmssdk/1.0.0.374/webmssdk.js:0
[    5720ms] [LOG] %c %s color: yellow; background-color: black; [instance: cookie_banner_tea_sdk] appid: 345918, sdk is ready, version is 5.3.17, you can report now !!! @ https://sf16-website-login.neutral.ttwstatic.com/obj/tiktok_web_login_static/webmssdk/1.0.0.374/webmssdk.js:0
[    5723ms] [ERROR] The Content Security Policy directive 'upgrade-insecure-requests' is ignored when delivered in a report-only policy. @ https://sf16-website-login.neutral.ttwstatic.com/obj/tiktok_web_login_static/ttweb_webmssdk_ex/1.0.0.2624/webmssdk_ex.js:0
[    5725ms] [ERROR] The Content Security Policy directive 'upgrade-insecure-requests' is ignored when delivered in a report-only policy. @ https://sf16-website-login.neutral.ttwstatic.com/obj/tiktok_web_login_static/ttweb_webmssdk_ex/1.0.0.2624/webmssdk_ex.js:0
[    6245ms] [WARNING] Reflect is already polyfilled. @ https://sf16-website-login.neutral.ttwstatic.com/obj/tiktok_web_login_static/tiktok/web/tiktok_fe_login_vmok/static/js/async/5613.8d5871a3.js:0
[    6327ms] [ERROR] The Content Security Policy directive 'upgrade-insecure-requests' is ignored when delivered in a report-only policy. @ https://sf16-website-login.neutral.ttwstatic.com/obj/tiktok_web_login_static/ttweb_webmssdk_ex/1.0.0.2624/webmssdk_ex.js:0
[    6328ms] [ERROR] The Content Security Policy directive 'upgrade-insecure-requests' is ignored when delivered in a report-only policy. @ https://sf16-website-login.neutral.ttwstatic.com/obj/tiktok_web_login_static/ttweb_webmssdk_ex/1.0.0.2624/webmssdk_ex.js:0
[    6361ms] [ERROR] The Content Security Policy directive 'upgrade-insecure-requests' is ignored when delivered in a report-only policy. @ https://sf16-website-login.neutral.ttwstatic.com/obj/tiktok_web_login_static/ttweb_webmssdk_ex/1.0.0.2624/webmssdk_ex.js:0
[    6362ms] [ERROR] The Content Security Policy directive 'upgrade-insecure-requests' is ignored when delivered in a report-only policy. @ https://sf16-website-login.neutral.ttwstatic.com/obj/tiktok_web_login_static/ttweb_webmssdk_ex/1.0.0.2624/webmssdk_ex.js:0
[    6437ms] [LOG] [browser check] %s, os:  Chrome Windows @ https://sf16-website-login.neutral.ttwstatic.com/obj/tiktok_web_login_static/webmssdk/1.0.0.374/webmssdk.js:0
[    6446ms] [WARNING] InvalidCharacterError: Failed to execute 'atob' on 'Window': The string to be decoded is not correctly encoded.
    at i (https://sf16-website-login.neutral.ttwstatic.com/obj/tiktok_web_login_static/tiktok/webapp/main/react-v18/webapp-desktop/static/js/async/24640.190bf37b.js:1:126370)
    at t.getLoginContext (https://sf16-website-login.neutral.ttwstatic.com/obj/tiktok_web_login_static/tiktok/webapp/main/react-v18/webapp-desktop/static/js/async/24640.190bf37b.js:1:43760)
    at https://sf16-website-login.neutral.ttwstatic.com/obj/tiktok_web_login_static/tiktok/webapp/main/react-v18/webapp-desktop/static/js/async/24640.190bf37b.js:1:39721
    at v (https://sf16-website-login.neutral.ttwstatic.com/obj/tiktok_web_login_static/tiktok/webapp/main/react-v18/webapp-desktop/static/js/npm-rxjs.c58b4b68.js:1:26563)
    at d (https://sf16-website-login.neutral.ttwstatic.com/obj/tiktok_web_login_static/tiktok/webapp/main/react-v18/webapp-desktop/static/js/npm-rxjs.c58b4b68.js:1:26511)
    at c._next (https://sf16-website-login.neutral.ttwstatic.com/obj/tiktok_web_login_static/tiktok/webapp/main/react-v18/webapp-desktop/static/js/npm-rxjs.c58b4b68.js:1:19794)
    at r.next (https://sf16-website-login.neutral.ttwstatic.com/obj/tiktok_web_login_static/tiktok/webapp/main/react-v18/webapp-desktop/static/js/npm-rxjs.c58b4b68.js:1:7426)
    at https://sf16-website-login.neutral.ttwstatic.com/obj/tiktok_web_login_static/tiktok/webapp/main/react-v18/webapp-desktop/static/js/npm-rxjs.c58b4b68.js:1:25858
    at c._next (https://sf16-website-login.neutral.ttwstatic.com/obj/tiktok_web_login_static/tiktok/webapp/main/react-v18/webapp-desktop/static/js/npm-rxjs.c58b4b68.js:1:19794)
    at r.next (https://sf16-website-login.neutral.ttwstatic.com/obj/tiktok_web_login_static/tiktok/webapp/main/react-v18/webapp-desktop/static/js/npm-rxjs.c58b4b68.js:1:7426) @ https://sf16-website-login.neutral.ttwstatic.com/obj/tiktok_web_login_static/tiktok/webapp/main/react-v18/webapp-desktop/static/js/async/24640.190bf37b.js:0
[    6483ms] [WARNING] [GSI_LOGGER]: Your client application uses one of the Google One Tap prompt UI status methods that may stop functioning when FedCM becomes mandatory. Refer to the migration guide to update your code accordingly and opt-in to FedCM to test your changes. Learn more: https://developers.google.com/identity/gsi/web/guides/fedcm-migration?s=dc#display_moment and https://developers.google.com/identity/gsi/web/guides/fedcm-migration?s=dc#skipped_moment @ https://accounts.google.com/gsi/client:86
[    6488ms] [ERROR] Not signed in with the identity provider. @ https://www.tiktok.com/?lang=en:0
[    7894ms] [ERROR] [GSI_LOGGER]: FedCM get() rejects with NetworkError: Error retrieving a token. @ https://sf16-website-login.neutral.ttwstatic.com/obj/tiktok_web_login_static/tiktok/webapp/main/react-v18/webapp-desktop/static/js/webapp-desktop.d69e4fd6.js:0
[   67486ms] [WARNING] InvalidCharacterError: Failed to execute 'atob' on 'Window': The string to be decoded is not correctly encoded.
    at n (https://sf16-website-login.neutral.ttwstatic.com/obj/tiktok_web_login_static/tiktok/web/tiktok_fe_login_vmok/static/js/async/5613.8d5871a3.js:31:489934)
    at Object.init (https://sf16-website-login.neutral.ttwstatic.com/obj/tiktok_web_login_static/tiktok/web/tiktok_fe_login_vmok/static/js/async/5613.8d5871a3.js:27:766112)
    at u_ (https://sf16-website-login.neutral.ttwstatic.com/obj/tiktok_web_login_static/tiktok/web/tiktok_fe_login_vmok/static/js/async/5613.8d5871a3.js:27:766874)
    at Su (https://sf16-website-login.neutral.ttwstatic.com/obj/tiktok_web_login_static/tiktok/web/tiktok_fe_login_vmok/static/js/async/5613.8d5871a3.js:31:209889)
    at od (https://sf16-website-login.neutral.ttwstatic.com/obj/tiktok_web_login_static/tiktok/webapp/main/react-v18/webapp-desktop/static/js/npm-react.db934f16.js:2:134594)
    at ld (https://sf16-website-login.neutral.ttwstatic.com/obj/tiktok_web_login_static/tiktok/webapp/main/react-v18/webapp-desktop/static/js/npm-react.db934f16.js:2:148889)
    at ls (https://sf16-website-login.neutral.ttwstatic.com/obj/tiktok_web_login_static/tiktok/webapp/main/react-v18/webapp-desktop/static/js/npm-react.db934f16.js:2:148097)
    at lu (https://sf16-website-login.neutral.ttwstatic.com/obj/tiktok_web_login_static/tiktok/webapp/main/react-v18/webapp-desktop/static/js/npm-react.db934f16.js:2:147699)
    at u (https://sf16-website-login.neutral.ttwstatic.com/obj/tiktok_web_login_static/tiktok/webapp/main/react-v18/webapp-desktop/static/js/npm-react.db934f16.js:2:198810)
    at iI (https://sf16-website-login.neutral.ttwstatic.com/obj/tiktok_web_login_static/tiktok/webapp/main/react-v18/webapp-desktop/static/js/npm-react.db934f16.js:2:175131) @ https://sf16-website-login.neutral.ttwstatic.com/obj/tiktok_web_login_static/tiktok/web/tiktok_fe_login_vmok/static/js/async/5613.8d5871a3.js:30
[   67497ms] [WARNING] [i18n] missing key [en] WebApp_Login Log in or sign up for an account on TikTok. Start watching to discover real people and real videos that will make your day. Log in or sign up for an account on TikTok. Start watching to discover real people and real videos that will make your day. @ https://sf16-website-login.neutral.ttwstatic.com/obj/tiktok_web_login_static/tiktok/webapp/main/react-v18/webapp-desktop/static/js/biz.common.lib.7eac74a6.js:0
[   67577ms] [WARNING] InvalidCharacterError: Failed to execute 'atob' on 'Window': The string to be decoded is not correctly encoded.
    at i (https://sf16-website-login.neutral.ttwstatic.com/obj/tiktok_web_login_static/tiktok/webapp/main/react-v18/webapp-desktop/static/js/async/24640.190bf37b.js:1:126370)
    at t.getLoginContext (https://sf16-website-login.neutral.ttwstatic.com/obj/tiktok_web_login_static/tiktok/webapp/main/react-v18/webapp-desktop/static/js/async/24640.190bf37b.js:1:43760)
    at https://sf16-website-login.neutral.ttwstatic.com/obj/tiktok_web_login_static/tiktok/webapp/main/react-v18/webapp-desktop/static/js/async/24640.190bf37b.js:1:39721
    at v (https://sf16-website-login.neutral.ttwstatic.com/obj/tiktok_web_login_static/tiktok/webapp/main/react-v18/webapp-desktop/static/js/npm-rxjs.c58b4b68.js:1:26563)
    at d (https://sf16-website-login.neutral.ttwstatic.com/obj/tiktok_web_login_static/tiktok/webapp/main/react-v18/webapp-desktop/static/js/npm-rxjs.c58b4b68.js:1:26511)
    at c._next (https://sf16-website-login.neutral.ttwstatic.com/obj/tiktok_web_login_static/tiktok/webapp/main/react-v18/webapp-desktop/static/js/npm-rxjs.c58b4b68.js:1:19794)
    at r.next (https://sf16-website-login.neutral.ttwstatic.com/obj/tiktok_web_login_static/tiktok/webapp/main/react-v18/webapp-desktop/static/js/npm-rxjs.c58b4b68.js:1:7426)
    at https://sf16-website-login.neutral.ttwstatic.com/obj/tiktok_web_login_static/tiktok/webapp/main/react-v18/webapp-desktop/static/js/npm-rxjs.c58b4b68.js:1:25858
    at c._next (https://sf16-website-login.neutral.ttwstatic.com/obj/tiktok_web_login_static/tiktok/webapp/main/react-v18/webapp-desktop/static/js/npm-rxjs.c58b4b68.js:1:19794)
    at r.next (https://sf16-website-login.neutral.ttwstatic.com/obj/tiktok_web_login_static/tiktok/webapp/main/react-v18/webapp-desktop/static/js/npm-rxjs.c58b4b68.js:1:7426) @ https://sf16-website-login.neutral.ttwstatic.com/obj/tiktok_web_login_static/tiktok/webapp/main/react-v18/webapp-desktop/static/js/async/24640.190bf37b.js:0
[   69651ms] [ERROR] The Content Security Policy directive 'upgrade-insecure-requests' is ignored when delivered in a report-only policy. @ https://sf16-website-login.neutral.ttwstatic.com/obj/tiktok_web_login_static/webmssdk/1.0.0.374/webmssdk.js:0
[   69653ms] [ERROR] The Content Security Policy directive 'upgrade-insecure-requests' is ignored when delivered in a report-only policy. @ https://sf16-website-login.neutral.ttwstatic.com/obj/tiktok_web_login_static/webmssdk/1.0.0.374/webmssdk.js:0
[   69678ms] [ERROR] The Content Security Policy directive 'upgrade-insecure-requests' is ignored when delivered in a report-only policy. @ https://sf16-website-login.neutral.ttwstatic.com/obj/tiktok_web_login_static/webmssdk/1.0.0.374/webmssdk.js:0
[   69679ms] [ERROR] The Content Security Policy directive 'upgrade-insecure-requests' is ignored when delivered in a report-only policy. @ https://sf16-website-login.neutral.ttwstatic.com/obj/tiktok_web_login_static/webmssdk/1.0.0.374/webmssdk.js:0
[   74874ms] [ERROR] The Content Security Policy directive 'upgrade-insecure-requests' is ignored when delivered in a report-only policy. @ https://sf16-website-login.neutral.ttwstatic.com/obj/tiktok_web_login_static/webmssdk/1.0.0.374/webmssdk.js:0
[   74875ms] [ERROR] The Content Security Policy directive 'upgrade-insecure-requests' is ignored when delivered in a report-only policy. @ https://sf16-website-login.neutral.ttwstatic.com/obj/tiktok_web_login_static/webmssdk/1.0.0.374/webmssdk.js:0
[   74898ms] [ERROR] The Content Security Policy directive 'upgrade-insecure-requests' is ignored when delivered in a report-only policy. @ https://sf16-website-login.neutral.ttwstatic.com/obj/tiktok_web_login_static/webmssdk/1.0.0.374/webmssdk.js:0
[   74899ms] [ERROR] The Content Security Policy directive 'upgrade-insecure-requests' is ignored when delivered in a report-only policy. @ https://sf16-website-login.neutral.ttwstatic.com/obj/tiktok_web_login_static/webmssdk/1.0.0.374/webmssdk.js:0
[   75669ms] [ERROR] The Content Security Policy directive 'upgrade-insecure-requests' is ignored when delivered in a report-only policy. @ https://www.tiktok.com/?lang=en:0
[   76332ms] [ERROR] The Content Security Policy directive 'upgrade-insecure-requests' is ignored when delivered in a report-only policy. @ https://www.tiktok.com/?lang=en:0
[   76421ms] [WARNING] Reflect is already polyfilled. @ https://sf16-website-login.neutral.ttwstatic.com/obj/tiktok_web_login_static/tiktok/webapp/main/react-v18/webapp-desktop/static/js/webapp-desktop.d69e4fd6.js:0
[   76479ms] [ERROR] Consume appContext before init @ https://sf16-website-login.neutral.ttwstatic.com/obj/tiktok_web_login_static/tiktok/webapp/main/react-v18/webapp-desktop/static/js/webapp-desktop.d69e4fd6.js:0
[   77172ms] [LOG] %c %s color: yellow; background-color: black; [instance: default] appid: 1988, userInfo:{"user_unique_id":"7649786990460012039","user_type":12,"user_id":"7598222841687163921","user_is_login":true,"device_id":"7649786990460012039"} @ https://sf16-website-login.neutral.ttwstatic.com/obj/tiktok_web_login_static/tiktok/webapp/main/react-v18/webapp-desktop/static/js/npm-dp-byted-tea-sdk-oversea.f4e273c4.js:0
[   77173ms] [LOG] %c %s color: yellow; background-color: black; [instance: default] appid: 1988, sdk is ready, version is 5.3.17, you can report now !!! @ https://sf16-website-login.neutral.ttwstatic.com/obj/tiktok_web_login_static/tiktok/webapp/main/react-v18/webapp-desktop/static/js/npm-dp-byted-tea-sdk-oversea.f4e273c4.js:0
[   77256ms] Uncaught Error: Minified React error #418; visit https://reactjs.org/docs/error-decoder.html?invariant=418 for the full message or use the non-minified dev environment for full errors and additional helpful warnings.
    at ag (https://sf16-website-login.neutral.ttwstatic.com/obj/tiktok_web_login_static/tiktok/webapp/main/react-v18/webapp-desktop/static/js/npm-react.db934f16.js:1:122523)
    at u (https://sf16-website-login.neutral.ttwstatic.com/obj/tiktok_web_login_static/tiktok/webapp/main/react-v18/webapp-desktop/static/js/npm-react.db934f16.js:1:197146)
    at iI (https://sf16-website-login.neutral.ttwstatic.com/obj/tiktok_web_login_static/tiktok/webapp/main/react-v18/webapp-desktop/static/js/npm-react.db934f16.js:1:175130)
    at iD (https://sf16-website-login.neutral.ttwstatic.com/obj/tiktok_web_login_static/tiktok/webapp/main/react-v18/webapp-desktop/static/js/npm-react.db934f16.js:1:175000)
    at iE (https://sf16-website-login.neutral.ttwstatic.com/obj/tiktok_web_login_static/tiktok/webapp/main/react-v18/webapp-desktop/static/js/npm-react.db934f16.js:1:170073)
    at x (https://sf16-website-login.neutral.ttwstatic.com/obj/tiktok_web_login_static/tiktok/webapp/main/react-v18/webapp-desktop/static/js/npm-react.db934f16.js:1:265514)
    at N (https://sf16-website-login.neutral.ttwstatic.com/obj/tiktok_web_login_static/tiktok/webapp/main/react-v18/webapp-desktop/static/js/npm-react.db934f16.js:1:266044)
[   77256ms] Uncaught Error: Minified React error #418; visit https://reactjs.org/docs/error-decoder.html?invariant=418 for the full message or use the non-minified dev environment for full errors and additional helpful warnings.
    at ag (https://sf16-website-login.neutral.ttwstatic.com/obj/tiktok_web_login_static/tiktok/webapp/main/react-v18/webapp-desktop/static/js/npm-react.db934f16.js:1:122523)
    at u (https://sf16-website-login.neutral.ttwstatic.com/obj/tiktok_web_login_static/tiktok/webapp/main/react-v18/webapp-desktop/static/js/npm-react.db934f16.js:1:197146)
    at iI (https://sf16-website-login.neutral.ttwstatic.com/obj/tiktok_web_login_static/tiktok/webapp/main/react-v18/webapp-desktop/static/js/npm-react.db934f16.js:1:175130)
    at iD (https://sf16-website-login.neutral.ttwstatic.com/obj/tiktok_web_login_static/tiktok/webapp/main/react-v18/webapp-desktop/static/js/npm-react.db934f16.js:1:175000)
    at iE (https://sf16-website-login.neutral.ttwstatic.com/obj/tiktok_web_login_static/tiktok/webapp/main/react-v18/webapp-desktop/static/js/npm-react.db934f16.js:1:170073)
    at x (https://sf16-website-login.neutral.ttwstatic.com/obj/tiktok_web_login_static/tiktok/webapp/main/react-v18/webapp-desktop/static/js/npm-react.db934f16.js:1:265514)
    at N (https://sf16-website-login.neutral.ttwstatic.com/obj/tiktok_web_login_static/tiktok/webapp/main/react-v18/webapp-desktop/static/js/npm-react.db934f16.js:1:266044)
[   77256ms] Uncaught Error: Minified React error #418; visit https://reactjs.org/docs/error-decoder.html?invariant=418 for the full message or use the non-minified dev environment for full errors and additional helpful warnings.
    at ag (https://sf16-website-login.neutral.ttwstatic.com/obj/tiktok_web_login_static/tiktok/webapp/main/react-v18/webapp-desktop/static/js/npm-react.db934f16.js:1:122523)
    at u (https://sf16-website-login.neutral.ttwstatic.com/obj/tiktok_web_login_static/tiktok/webapp/main/react-v18/webapp-desktop/static/js/npm-react.db934f16.js:1:197146)
    at iI (https://sf16-website-login.neutral.ttwstatic.com/obj/tiktok_web_login_static/tiktok/webapp/main/react-v18/webapp-desktop/static/js/npm-react.db934f16.js:1:175130)
    at iD (https://sf16-website-login.neutral.ttwstatic.com/obj/tiktok_web_login_static/tiktok/webapp/main/react-v18/webapp-desktop/static/js/npm-react.db934f16.js:1:175000)
    at iE (https://sf16-website-login.neutral.ttwstatic.com/obj/tiktok_web_login_static/tiktok/webapp/main/react-v18/webapp-desktop/static/js/npm-react.db934f16.js:1:170073)
    at x (https://sf16-website-login.neutral.ttwstatic.com/obj/tiktok_web_login_static/tiktok/webapp/main/react-v18/webapp-desktop/static/js/npm-react.db934f16.js:1:265514)
    at N (https://sf16-website-login.neutral.ttwstatic.com/obj/tiktok_web_login_static/tiktok/webapp/main/react-v18/webapp-desktop/static/js/npm-react.db934f16.js:1:266044)
[   77256ms] Uncaught Error: Minified React error #418; visit https://reactjs.org/docs/error-decoder.html?invariant=418 for the full message or use the non-minified dev environment for full errors and additional helpful warnings.
    at ag (https://sf16-website-login.neutral.ttwstatic.com/obj/tiktok_web_login_static/tiktok/webapp/main/react-v18/webapp-desktop/static/js/npm-react.db934f16.js:1:122523)
    at u (https://sf16-website-login.neutral.ttwstatic.com/obj/tiktok_web_login_static/tiktok/webapp/main/react-v18/webapp-desktop/static/js/npm-react.db934f16.js:1:197146)
    at iI (https://sf16-website-login.neutral.ttwstatic.com/obj/tiktok_web_login_static/tiktok/webapp/main/react-v18/webapp-desktop/static/js/npm-react.db934f16.js:1:175130)
    at iD (https://sf16-website-login.neutral.ttwstatic.com/obj/tiktok_web_login_static/tiktok/webapp/main/react-v18/webapp-desktop/static/js/npm-react.db934f16.js:1:175000)
    at iE (https://sf16-website-login.neutral.ttwstatic.com/obj/tiktok_web_login_static/tiktok/webapp/main/react-v18/webapp-desktop/static/js/npm-react.db934f16.js:1:170073)
    at x (https://sf16-website-login.neutral.ttwstatic.com/obj/tiktok_web_login_static/tiktok/webapp/main/react-v18/webapp-desktop/static/js/npm-react.db934f16.js:1:265514)
    at N (https://sf16-website-login.neutral.ttwstatic.com/obj/tiktok_web_login_static/tiktok/webapp/main/react-v18/webapp-desktop/static/js/npm-react.db934f16.js:1:266044)
[   77256ms] Uncaught Error: Minified React error #418; visit https://reactjs.org/docs/error-decoder.html?invariant=418 for the full message or use the non-minified dev environment for full errors and additional helpful warnings.
    at ag (https://sf16-website-login.neutral.ttwstatic.com/obj/tiktok_web_login_static/tiktok/webapp/main/react-v18/webapp-desktop/static/js/npm-react.db934f16.js:1:122523)
    at u (https://sf16-website-login.neutral.ttwstatic.com/obj/tiktok_web_login_static/tiktok/webapp/main/react-v18/webapp-desktop/static/js/npm-react.db934f16.js:1:197146)
    at iI (https://sf16-website-login.neutral.ttwstatic.com/obj/tiktok_web_login_static/tiktok/webapp/main/react-v18/webapp-desktop/static/js/npm-react.db934f16.js:1:175130)
    at iD (https://sf16-website-login.neutral.ttwstatic.com/obj/tiktok_web_login_static/tiktok/webapp/main/react-v18/webapp-desktop/static/js/npm-react.db934f16.js:1:175000)
    at iE (https://sf16-website-login.neutral.ttwstatic.com/obj/tiktok_web_login_static/tiktok/webapp/main/react-v18/webapp-desktop/static/js/npm-react.db934f16.js:1:170073)
    at x (https://sf16-website-login.neutral.ttwstatic.com/obj/tiktok_web_login_static/tiktok/webapp/main/react-v18/webapp-desktop/static/js/npm-react.db934f16.js:1:265514)
    at N (https://sf16-website-login.neutral.ttwstatic.com/obj/tiktok_web_login_static/tiktok/webapp/main/react-v18/webapp-desktop/static/js/npm-react.db934f16.js:1:266044)
[   77256ms] Uncaught Error: Minified React error #418; visit https://reactjs.org/docs/error-decoder.html?invariant=418 for the full message or use the non-minified dev environment for full errors and additional helpful warnings.
    at ag (https://sf16-website-login.neutral.ttwstatic.com/obj/tiktok_web_login_static/tiktok/webapp/main/react-v18/webapp-desktop/static/js/npm-react.db934f16.js:1:122523)
    at u (https://sf16-website-login.neutral.ttwstatic.com/obj/tiktok_web_login_static/tiktok/webapp/main/react-v18/webapp-desktop/static/js/npm-react.db934f16.js:1:197323)
    at iI (https://sf16-website-login.neutral.ttwstatic.com/obj/tiktok_web_login_static/tiktok/webapp/main/react-v18/webapp-desktop/static/js/npm-react.db934f16.js:1:175130)
    at iD (https://sf16-website-login.neutral.ttwstatic.com/obj/tiktok_web_login_static/tiktok/webapp/main/react-v18/webapp-desktop/static/js/npm-react.db934f16.js:1:175000)
    at iE (https://sf16-website-login.neutral.ttwstatic.com/obj/tiktok_web_login_static/tiktok/webapp/main/react-v18/webapp-desktop/static/js/npm-react.db934f16.js:1:170073)
    at x (https://sf16-website-login.neutral.ttwstatic.com/obj/tiktok_web_login_static/tiktok/webapp/main/react-v18/webapp-desktop/static/js/npm-react.db934f16.js:1:265514)
    at N (https://sf16-website-login.neutral.ttwstatic.com/obj/tiktok_web_login_static/tiktok/webapp/main/react-v18/webapp-desktop/static/js/npm-react.db934f16.js:1:266044)
[   77256ms] Uncaught Error: Minified React error #423; visit https://reactjs.org/docs/error-decoder.html?invariant=423 for the full message or use the non-minified dev environment for full errors and additional helpful warnings.
    at u (https://sf16-website-login.neutral.ttwstatic.com/obj/tiktok_web_login_static/tiktok/webapp/main/react-v18/webapp-desktop/static/js/npm-react.db934f16.js:1:196805)
    at iI (https://sf16-website-login.neutral.ttwstatic.com/obj/tiktok_web_login_static/tiktok/webapp/main/react-v18/webapp-desktop/static/js/npm-react.db934f16.js:1:175130)
    at iD (https://sf16-website-login.neutral.ttwstatic.com/obj/tiktok_web_login_static/tiktok/webapp/main/react-v18/webapp-desktop/static/js/npm-react.db934f16.js:1:175000)
    at iC (https://sf16-website-login.neutral.ttwstatic.com/obj/tiktok_web_login_static/tiktok/webapp/main/react-v18/webapp-desktop/static/js/npm-react.db934f16.js:1:171771)
    at iE (https://sf16-website-login.neutral.ttwstatic.com/obj/tiktok_web_login_static/tiktok/webapp/main/react-v18/webapp-desktop/static/js/npm-react.db934f16.js:1:170326)
    at x (https://sf16-website-login.neutral.ttwstatic.com/obj/tiktok_web_login_static/tiktok/webapp/main/react-v18/webapp-desktop/static/js/npm-react.db934f16.js:1:265514)
    at N (https://sf16-website-login.neutral.ttwstatic.com/obj/tiktok_web_login_static/tiktok/webapp/main/react-v18/webapp-desktop/static/js/npm-react.db934f16.js:1:266044)
[   77459ms] [INFO] . @ https://sf16-website-login.neutral.ttwstatic.com/obj/tiktok_web_login_static/webmssdk/1.0.0.374/webmssdk.js:0
[   77511ms] [INFO] Evaluating a string as JavaScript violates the following Content Security Policy directive because 'unsafe-eval' is not an allowed source of script: "script-src 'report-sample' 'inline-speculation-rules' 'wasm-unsafe-eval' accounts.google.com apis.google.com appleid.cdn-apple.com c.paypal.com cdn.ampproject.org cdnjs.cloudflare.com client-api.arkoselabs.com code.jquery.com connect.facebook.net developers.kakao.com googleads.g.doubleclick.net interactives.ap.org js-cdn.music.apple.com/musickit/v3/musickit.js js.hcaptcha.com js.hsforms.net lf16-cdn-tos.tiktokcdn-us.com/obj/static-tx/bric-captcha/core-captcha/ pay.google.com recaptcha.google.com s20.tiktokcdn.com s3.amazonaws.com sf-teko-source.tiktokcdn.com sf-website-login-bak.tiktokcdn.com sf16-website-login.neutral.tiktokcdn-eu.com/obj/tiktok_web_login_static_eu/pns/tiktok-cookie-banner/ sf16-website-login.neutral.ttwstatic.com sf16-website.neutral.ttwstatic.com sf16m-website-login.neutral.ttwstatic.com ssl.bing.com static.captchami.com tiktok.captchami.com tx41v.arkoselabs.com unpkg.com vimeo.com www.google.com www.googleadservices.com www.googleapis.com www.googletagmanager.com www.gstatic.com www.vimeo.com".
 The policy is report-only, so the violation has been logged but no further action has been taken. @ https://sf16-website-login.neutral.ttwstatic.com/obj/tiktok_web_login_static/tiktok/webapp/main/react-v18/webapp-desktop/static/js/async/64887.ba0a9df5.js:1
[   77512ms] [INFO] Evaluating a string as JavaScript violates the following Content Security Policy directive because 'unsafe-eval' is not an allowed source of script: "script-src 'report-sample' 'inline-speculation-rules' 'wasm-unsafe-eval' accounts.google.com apis.google.com appleid.cdn-apple.com c.paypal.com cdn.ampproject.org cdnjs.cloudflare.com client-api.arkoselabs.com code.jquery.com connect.facebook.net developers.kakao.com googleads.g.doubleclick.net interactives.ap.org js-cdn.music.apple.com/musickit/v3/musickit.js js.hcaptcha.com js.hsforms.net lf16-cdn-tos.tiktokcdn-us.com/obj/static-tx/bric-captcha/core-captcha/ pay.google.com recaptcha.google.com s20.tiktokcdn.com s3.amazonaws.com sf-teko-source.tiktokcdn.com sf-website-login-bak.tiktokcdn.com sf16-website-login.neutral.tiktokcdn-eu.com/obj/tiktok_web_login_static_eu/pns/tiktok-cookie-banner/ sf16-website-login.neutral.ttwstatic.com sf16-website.neutral.ttwstatic.com sf16m-website-login.neutral.ttwstatic.com ssl.bing.com static.captchami.com tiktok.captchami.com tx41v.arkoselabs.com unpkg.com vimeo.com www.google.com www.googleadservices.com www.googleapis.com www.googletagmanager.com www.gstatic.com www.vimeo.com".
 The policy is report-only, so the violation has been logged but no further action has been taken. @ https://sf16-website-login.neutral.ttwstatic.com/obj/tiktok_web_login_static/tiktok/webapp/main/react-v18/webapp-desktop/static/js/async/64887.ba0a9df5.js:1
[   77598ms] [WARNING] filter merge event: sibyl_sdk_collector_init_result error, pls check Converting circular structure to JSON
    --> starting at object with constructor 'e'
    |     property 'pluginInstances' -> object with constructor 'Array'
    |     index 0 -> object with constructor 'e'
    --- property 'collect' closes the circle @ https://sf16-website-login.neutral.ttwstatic.com/obj/tiktok_web_login_static/tiktok/webapp/main/react-v18/webapp-desktop/static/js/npm-dp-byted-tea-sdk-oversea.f4e273c4.js:0
[   77599ms] [LOG] %c %s color: yellow; background-color: black; [instance: sibylSdkTea] appid: 594856, userInfo:{"user_unique_id":"7649796668971861512","web_id":"7649796668971861512"} @ https://sf16-website-login.neutral.ttwstatic.com/obj/tiktok_web_login_static/webmssdk/1.0.0.374/webmssdk.js:0
[   77599ms] [LOG] %c %s color: yellow; background-color: black; [instance: sibylSdkTea] appid: 594856, sdk is ready, version is 5.3.17, you can report now !!! @ https://sf16-website-login.neutral.ttwstatic.com/obj/tiktok_web_login_static/webmssdk/1.0.0.374/webmssdk.js:0
[   77647ms] [INFO] Evaluating a string as JavaScript violates the following Content Security Policy directive because 'unsafe-eval' is not an allowed source of script: "script-src 'report-sample' 'inline-speculation-rules' 'wasm-unsafe-eval' accounts.google.com apis.google.com appleid.cdn-apple.com c.paypal.com cdn.ampproject.org cdnjs.cloudflare.com client-api.arkoselabs.com code.jquery.com connect.facebook.net developers.kakao.com googleads.g.doubleclick.net interactives.ap.org js-cdn.music.apple.com/musickit/v3/musickit.js js.hcaptcha.com js.hsforms.net lf16-cdn-tos.tiktokcdn-us.com/obj/static-tx/bric-captcha/core-captcha/ pay.google.com recaptcha.google.com s20.tiktokcdn.com s3.amazonaws.com sf-teko-source.tiktokcdn.com sf-website-login-bak.tiktokcdn.com sf16-website-login.neutral.tiktokcdn-eu.com/obj/tiktok_web_login_static_eu/pns/tiktok-cookie-banner/ sf16-website-login.neutral.ttwstatic.com sf16-website.neutral.ttwstatic.com sf16m-website-login.neutral.ttwstatic.com ssl.bing.com static.captchami.com tiktok.captchami.com tx41v.arkoselabs.com unpkg.com vimeo.com www.google.com www.googleadservices.com www.googleapis.com www.googletagmanager.com www.gstatic.com www.vimeo.com".
 The policy is report-only, so the violation has been logged but no further action has been taken. @ https://sf16-website-login.neutral.ttwstatic.com/obj/tiktok_web_login_static/tiktok/web/tiktok_fe_login_vmok/vmok-remote-entry.e53e86a4.js:1
[   78111ms] [LOG] ws.opened @ https://sf16-website-login.neutral.ttwstatic.com/obj/tiktok_web_login_static/webmssdk/1.0.0.374/webmssdk.js:0
[   78112ms] [WARNING] [SDK] 1781107242787        0 already inited @ https://sf16-website-login.neutral.ttwstatic.com/obj/tiktok_web_login_static/slardar/fe/sdk-web/browser.sg.js?bid=tiktok_webapp&globalName=SlardarClient:0
[   79505ms] [ERROR] The Content Security Policy directive 'upgrade-insecure-requests' is ignored when delivered in a report-only policy. @ https://sf16-website-login.neutral.ttwstatic.com/obj/tiktok_web_login_static/webmssdk/1.0.0.374/webmssdk.js:0
[   79508ms] [ERROR] The Content Security Policy directive 'upgrade-insecure-requests' is ignored when delivered in a report-only policy. @ https://sf16-website-login.neutral.ttwstatic.com/obj/tiktok_web_login_static/webmssdk/1.0.0.374/webmssdk.js:0
[   79531ms] [ERROR] The Content Security Policy directive 'upgrade-insecure-requests' is ignored when delivered in a report-only policy. @ https://sf16-website-login.neutral.ttwstatic.com/obj/tiktok_web_login_static/webmssdk/1.0.0.374/webmssdk.js:0
[   79532ms] [ERROR] The Content Security Policy directive 'upgrade-insecure-requests' is ignored when delivered in a report-only policy. @ https://sf16-website-login.neutral.ttwstatic.com/obj/tiktok_web_login_static/webmssdk/1.0.0.374/webmssdk.js:0
[   79621ms] [ERROR] The Content Security Policy directive 'upgrade-insecure-requests' is ignored when delivered in a report-only policy. @ https://sf16-website-login.neutral.ttwstatic.com/obj/tiktok_web_login_static/webmssdk/1.0.0.374/webmssdk.js:0
[   79622ms] [ERROR] The Content Security Policy directive 'upgrade-insecure-requests' is ignored when delivered in a report-only policy. @ https://sf16-website-login.neutral.ttwstatic.com/obj/tiktok_web_login_static/webmssdk/1.0.0.374/webmssdk.js:0
[   79654ms] [ERROR] The Content Security Policy directive 'upgrade-insecure-requests' is ignored when delivered in a report-only policy. @ https://sf16-website-login.neutral.ttwstatic.com/obj/tiktok_web_login_static/webmssdk/1.0.0.374/webmssdk.js:0
[   79655ms] [ERROR] The Content Security Policy directive 'upgrade-insecure-requests' is ignored when delivered in a report-only policy. @ https://sf16-website-login.neutral.ttwstatic.com/obj/tiktok_web_login_static/webmssdk/1.0.0.374/webmssdk.js:0
[   79998ms] [WARNING] [00:03.983][warn][controller](1) NotAllowedError: play() failed because the user didn't interact with the document first. https://goo.gl/xX8pDD @ https://sf16-website-login.neutral.ttwstatic.com/obj/tiktok_web_login_static/tiktok/webapp/main/react-v18/webapp-desktop/static/js/async/22560.3a37303e.js:0
[   80025ms] [WARNING] Unmuting failed and the element was paused instead because the user didn't interact with the document before. https://goo.gl/xX8pDD @ https://sf16-website-login.neutral.ttwstatic.com/obj/tiktok_web_login_static/tiktok/webapp/main/react-v18/webapp-desktop/static/js/async/22560.3a37303e.js:0
[   80039ms] [WARNING] [00:04.024][warn][controller](1) AbortError: The play() request was interrupted by a call to pause(). https://goo.gl/LdLk22 @ https://sf16-website-login.neutral.ttwstatic.com/obj/tiktok_web_login_static/tiktok/webapp/main/react-v18/webapp-desktop/static/js/async/22560.3a37303e.js:0
[   80040ms] [WARNING] [00:04.025][warn][controller](1) AbortError: The play() request was interrupted by a call to pause(). https://goo.gl/LdLk22 @ https://sf16-website-login.neutral.ttwstatic.com/obj/tiktok_web_login_static/tiktok/webapp/main/react-v18/webapp-desktop/static/js/async/22560.3a37303e.js:0
[   80202ms] [WARNING] [TikTok desktop app SDK Monitor]:   WARN:[printFirstFeedShow]The current environment is not inside the client. @ https://sf16-website-login.neutral.ttwstatic.com/obj/tiktok_web_login_static/tiktok/webapp/main/react-v18/webapp-desktop/static/js/webapp-desktop.d69e4fd6.js:0
[   80432ms] [INFO] Evaluating a string as JavaScript violates the following Content Security Policy directive because 'unsafe-eval' is not an allowed source of script: "script-src 'report-sample' 'inline-speculation-rules' 'wasm-unsafe-eval' accounts.google.com apis.google.com appleid.cdn-apple.com c.paypal.com cdn.ampproject.org cdnjs.cloudflare.com client-api.arkoselabs.com code.jquery.com connect.facebook.net developers.kakao.com googleads.g.doubleclick.net interactives.ap.org js-cdn.music.apple.com/musickit/v3/musickit.js js.hcaptcha.com js.hsforms.net lf16-cdn-tos.tiktokcdn-us.com/obj/static-tx/bric-captcha/core-captcha/ pay.google.com recaptcha.google.com s20.tiktokcdn.com s3.amazonaws.com sf-teko-source.tiktokcdn.com sf-website-login-bak.tiktokcdn.com sf16-website-login.neutral.tiktokcdn-eu.com/obj/tiktok_web_login_static_eu/pns/tiktok-cookie-banner/ sf16-website-login.neutral.ttwstatic.com sf16-website.neutral.ttwstatic.com sf16m-website-login.neutral.ttwstatic.com ssl.bing.com static.captchami.com tiktok.captchami.com tx41v.arkoselabs.com unpkg.com vimeo.com www.google.com www.googleadservices.com www.googleapis.com www.googletagmanager.com www.gstatic.com www.vimeo.com".
 The policy is report-only, so the violation has been logged but no further action has been taken. @ https://sf16-website-login.neutral.ttwstatic.com/obj/tiktok_web_login_static/tiktok/webapp/main/react-v18/webapp-desktop/static/js/async/55674.12ba1c88.js:0
[   80613ms] [WARNING] [i18n] missing key [en] Webapp Sponsored Sponsored @ https://sf16-website-login.neutral.ttwstatic.com/obj/tiktok_web_login_static/tiktok/webapp/main/react-v18/webapp-desktop/static/js/biz.common.lib.7eac74a6.js:0
[   80627ms] [WARNING] [i18n] missing key [en] Webapp Promoted Music Promoted Music @ https://sf16-website-login.neutral.ttwstatic.com/obj/tiktok_web_login_static/tiktok/webapp/main/react-v18/webapp-desktop/static/js/biz.common.lib.7eac74a6.js:0
[   81164ms] [LOG] %c %s color: yellow; background-color: black; [instance: cookie_banner_tea_sdk] appid: 345918, userInfo:{"user_unique_id":"7649787001097504274","web_id":"7649787001097504274"} @ https://sf16-website-login.neutral.ttwstatic.com/obj/tiktok_web_login_static/webmssdk/1.0.0.374/webmssdk.js:0
[   81164ms] [LOG] %c %s color: yellow; background-color: black; [instance: cookie_banner_tea_sdk] appid: 345918, sdk is ready, version is 5.3.17, you can report now !!! @ https://sf16-website-login.neutral.ttwstatic.com/obj/tiktok_web_login_static/webmssdk/1.0.0.374/webmssdk.js:0
[   81428ms] [WARNING] [00:05.414][warn][multiplex](2) demux waterlevel change to full, abort request @ https://sf16-website-login.neutral.ttwstatic.com/obj/tiktok_web_login_static/tiktok/webapp/main/react-v18/webapp-desktop/static/js/async/22560.3a37303e.js:0
[   81772ms] [ERROR] The Content Security Policy directive 'upgrade-insecure-requests' is ignored when delivered in a report-only policy. @ https://sf16-website-login.neutral.ttwstatic.com/obj/tiktok_web_login_static/ttweb_webmssdk_ex/1.0.0.2624/webmssdk_ex.js:0
[   81773ms] [ERROR] The Content Security Policy directive 'upgrade-insecure-requests' is ignored when delivered in a report-only policy. @ https://sf16-website-login.neutral.ttwstatic.com/obj/tiktok_web_login_static/ttweb_webmssdk_ex/1.0.0.2624/webmssdk_ex.js:0
[   81921ms] [ERROR] The Content Security Policy directive 'upgrade-insecure-requests' is ignored when delivered in a report-only policy. @ https://sf16-website-login.neutral.ttwstatic.com/obj/tiktok_web_login_static/ttweb_webmssdk_ex/1.0.0.2624/webmssdk_ex.js:0
[   81922ms] [ERROR] The Content Security Policy directive 'upgrade-insecure-requests' is ignored when delivered in a report-only policy. @ https://sf16-website-login.neutral.ttwstatic.com/obj/tiktok_web_login_static/ttweb_webmssdk_ex/1.0.0.2624/webmssdk_ex.js:0
[   82304ms] [ERROR] The Content Security Policy directive 'upgrade-insecure-requests' is ignored when delivered in a report-only policy. @ https://sf16-website-login.neutral.ttwstatic.com/obj/tiktok_web_login_static/ttweb_webmssdk_ex/1.0.0.2624/webmssdk_ex.js:0
[   82309ms] [ERROR] The Content Security Policy directive 'upgrade-insecure-requests' is ignored when delivered in a report-only policy. @ https://sf16-website-login.neutral.ttwstatic.com/obj/tiktok_web_login_static/ttweb_webmssdk_ex/1.0.0.2624/webmssdk_ex.js:0
[   82403ms] [ERROR] The Content Security Policy directive 'upgrade-insecure-requests' is ignored when delivered in a report-only policy. @ https://sf16-website-login.neutral.ttwstatic.com/obj/tiktok_web_login_static/ttweb_webmssdk_ex/1.0.0.2624/webmssdk_ex.js:0
[   82405ms] [ERROR] The Content Security Policy directive 'upgrade-insecure-requests' is ignored when delivered in a report-only policy. @ https://sf16-website-login.neutral.ttwstatic.com/obj/tiktok_web_login_static/ttweb_webmssdk_ex/1.0.0.2624/webmssdk_ex.js:0
[   83207ms] [WARNING] filter merge event: sibyl_sdk_collector_init_result error, pls check Converting circular structure to JSON
    --> starting at object with constructor 'e'
    |     property 'pluginInstances' -> object with constructor 'Array'
    |     index 0 -> object with constructor 'e'
    --- property 'collect' closes the circle @ https://sf16-website-login.neutral.ttwstatic.com/obj/tiktok_web_login_static/tiktok/webapp/main/react-v18/webapp-desktop/static/js/npm-dp-byted-tea-sdk-oversea.f4e273c4.js:0
[   83269ms] [WARNING] [i18n] missing key [en] Webapp Close_button Close_button @ https://sf16-website-login.neutral.ttwstatic.com/obj/tiktok_web_login_static/tiktok/webapp/main/react-v18/webapp-desktop/static/js/biz.common.lib.7eac74a6.js:0
[   90466ms] [WARNING] The resource https://sf16-website-login.neutral.ttwstatic.com/obj/tiktok_web_login_static/tiktok/web/tiktok_fe_login_vmok/static/js/async/__federation_expose_pure.7bb71833.js was preloaded using link preload but not used within a few seconds from the window's load event. Please make sure it has an appropriate `as` value and it is preloaded intentionally. @ https://www.tiktok.com/@elhegawyeditor?lang=en:0
[   90466ms] [WARNING] The resource https://sf16-website-login.neutral.ttwstatic.com/obj/tiktok_web_login_static/tiktok/web/tiktok_fe_login_vmok/static/js/async/3911.77069edd.js was preloaded using link preload but not used within a few seconds from the window's load event. Please make sure it has an appropriate `as` value and it is preloaded intentionally. @ https://www.tiktok.com/@elhegawyeditor?lang=en:0
[   90466ms] [WARNING] The resource https://sf16-website-login.neutral.ttwstatic.com/obj/tiktok_web_login_static/tiktok/web/tiktok_fe_login_vmok/static/js/async/1265.abf06e8b.js was preloaded using link preload but not used within a few seconds from the window's load event. Please make sure it has an appropriate `as` value and it is preloaded intentionally. @ https://www.tiktok.com/@elhegawyeditor?lang=en:0
[   90466ms] [WARNING] The resource https://sf16-website-login.neutral.ttwstatic.com/obj/tiktok_web_login_static/tiktok/web/tiktok_fe_login_vmok/static/js/async/5613.8d5871a3.js was preloaded using link preload but not used within a few seconds from the window's load event. Please make sure it has an appropriate `as` value and it is preloaded intentionally. @ https://www.tiktok.com/@elhegawyeditor?lang=en:0
[   90466ms] [WARNING] The resource https://sf16-website-login.neutral.ttwstatic.com/obj/tiktok_web_login_static/tiktok/web/tiktok_fe_login_vmok/static/js/async/1775.2141490f.js was preloaded using link preload but not used within a few seconds from the window's load event. Please make sure it has an appropriate `as` value and it is preloaded intentionally. @ https://www.tiktok.com/@elhegawyeditor?lang=en:0
[   90466ms] [WARNING] The resource https://sf16-website-login.neutral.ttwstatic.com/obj/tiktok_web_login_static/tiktok/web/tiktok_fe_login_vmok/static/js/async/argus-builder-strategy.3e97a26f.js was preloaded using link preload but not used within a few seconds from the window's load event. Please make sure it has an appropriate `as` value and it is preloaded intentionally. @ https://www.tiktok.com/@elhegawyeditor?lang=en:0
[   90466ms] [WARNING] The resource https://sf16-website-login.neutral.ttwstatic.com/obj/tiktok_web_login_static/tiktok/web/tiktok_fe_login_vmok/static/js/async/6869.bf0826a7.js was preloaded using link preload but not used within a few seconds from the window's load event. Please make sure it has an appropriate `as` value and it is preloaded intentionally. @ https://www.tiktok.com/@elhegawyeditor?lang=en:0
[   90466ms] [WARNING] The resource https://sf16-website-login.neutral.ttwstatic.com/obj/tiktok_web_login_static/tiktok/web/tiktok_fe_login_vmok/static/js/async/6552.fd94ddd5.js was preloaded using link preload but not used within a few seconds from the window's load event. Please make sure it has an appropriate `as` value and it is preloaded intentionally. @ https://www.tiktok.com/@elhegawyeditor?lang=en:0
[   90467ms] [WARNING] The resource https://sf16-website-login.neutral.ttwstatic.com/obj/tiktok_web_login_static/tiktok/web/tiktok_fe_login_vmok/static/js/async/lib-axios.68812c5b.js was preloaded using link preload but not used within a few seconds from the window's load event. Please make sure it has an appropriate `as` value and it is preloaded intentionally. @ https://www.tiktok.com/@elhegawyeditor?lang=en:0
[   99821ms] [WARNING] The resource https://sf16-website-login.neutral.ttwstatic.com/obj/tiktok_web_login_static/tiktok/web/tiktok_fe_login_vmok/static/js/async/__federation_expose_pure.7bb71833.js was preloaded using link preload but not used within a few seconds from the window's load event. Please make sure it has an appropriate `as` value and it is preloaded intentionally. @ https://www.tiktok.com/@elhegawyeditor?lang=en:0
[   99821ms] [WARNING] The resource https://sf16-website-login.neutral.ttwstatic.com/obj/tiktok_web_login_static/tiktok/web/tiktok_fe_login_vmok/static/js/async/3911.77069edd.js was preloaded using link preload but not used within a few seconds from the window's load event. Please make sure it has an appropriate `as` value and it is preloaded intentionally. @ https://www.tiktok.com/@elhegawyeditor?lang=en:0
[   99821ms] [WARNING] The resource https://sf16-website-login.neutral.ttwstatic.com/obj/tiktok_web_login_static/tiktok/web/tiktok_fe_login_vmok/static/js/async/1265.abf06e8b.js was preloaded using link preload but not used within a few seconds from the window's load event. Please make sure it has an appropriate `as` value and it is preloaded intentionally. @ https://www.tiktok.com/@elhegawyeditor?lang=en:0
[   99821ms] [WARNING] The resource https://sf16-website-login.neutral.ttwstatic.com/obj/tiktok_web_login_static/tiktok/web/tiktok_fe_login_vmok/static/js/async/5613.8d5871a3.js was preloaded using link preload but not used within a few seconds from the window's load event. Please make sure it has an appropriate `as` value and it is preloaded intentionally. @ https://www.tiktok.com/@elhegawyeditor?lang=en:0
[   99821ms] [WARNING] The resource https://sf16-website-login.neutral.ttwstatic.com/obj/tiktok_web_login_static/tiktok/web/tiktok_fe_login_vmok/static/js/async/1775.2141490f.js was preloaded using link preload but not used within a few seconds from the window's load event. Please make sure it has an appropriate `as` value and it is preloaded intentionally. @ https://www.tiktok.com/@elhegawyeditor?lang=en:0
[   99821ms] [WARNING] The resource https://sf16-website-login.neutral.ttwstatic.com/obj/tiktok_web_login_static/tiktok/web/tiktok_fe_login_vmok/static/js/async/argus-builder-strategy.3e97a26f.js was preloaded using link preload but not used within a few seconds from the window's load event. Please make sure it has an appropriate `as` value and it is preloaded intentionally. @ https://www.tiktok.com/@elhegawyeditor?lang=en:0
[   99821ms] [WARNING] The resource https://sf16-website-login.neutral.ttwstatic.com/obj/tiktok_web_login_static/tiktok/web/tiktok_fe_login_vmok/static/js/async/6869.bf0826a7.js was preloaded using link preload but not used within a few seconds from the window's load event. Please make sure it has an appropriate `as` value and it is preloaded intentionally. @ https://www.tiktok.com/@elhegawyeditor?lang=en:0
[   99821ms] [WARNING] The resource https://sf16-website-login.neutral.ttwstatic.com/obj/tiktok_web_login_static/tiktok/web/tiktok_fe_login_vmok/static/js/async/6552.fd94ddd5.js was preloaded using link preload but not used within a few seconds from the window's load event. Please make sure it has an appropriate `as` value and it is preloaded intentionally. @ https://www.tiktok.com/@elhegawyeditor?lang=en:0
[   99822ms] [WARNING] The resource https://sf16-website-login.neutral.ttwstatic.com/obj/tiktok_web_login_static/tiktok/web/tiktok_fe_login_vmok/static/js/async/lib-axios.68812c5b.js was preloaded using link preload but not used within a few seconds from the window's load event. Please make sure it has an appropriate `as` value and it is preloaded intentionally. @ https://www.tiktok.com/@elhegawyeditor?lang=en:0
[  106460ms] [WARNING] The resource https://sf16-website-login.neutral.ttwstatic.com/obj/tiktok_web_login_static/tiktok/web/tiktok_fe_login_vmok/static/js/async/__federation_expose_pure.7bb71833.js was preloaded using link preload but not used within a few seconds from the window's load event. Please make sure it has an appropriate `as` value and it is preloaded intentionally. @ https://www.tiktok.com/@elhegawyeditor?lang=en:0
[  106460ms] [WARNING] The resource https://sf16-website-login.neutral.ttwstatic.com/obj/tiktok_web_login_static/tiktok/web/tiktok_fe_login_vmok/static/js/async/3911.77069edd.js was preloaded using link preload but not used within a few seconds from the window's load event. Please make sure it has an appropriate `as` value and it is preloaded intentionally. @ https://www.tiktok.com/@elhegawyeditor?lang=en:0
[  106460ms] [WARNING] The resource https://sf16-website-login.neutral.ttwstatic.com/obj/tiktok_web_login_static/tiktok/web/tiktok_fe_login_vmok/static/js/async/1265.abf06e8b.js was preloaded using link preload but not used within a few seconds from the window's load event. Please make sure it has an appropriate `as` value and it is preloaded intentionally. @ https://www.tiktok.com/@elhegawyeditor?lang=en:0
[  106460ms] [WARNING] The resource https://sf16-website-login.neutral.ttwstatic.com/obj/tiktok_web_login_static/tiktok/web/tiktok_fe_login_vmok/static/js/async/5613.8d5871a3.js was preloaded using link preload but not used within a few seconds from the window's load event. Please make sure it has an appropriate `as` value and it is preloaded intentionally. @ https://www.tiktok.com/@elhegawyeditor?lang=en:0
[  106460ms] [WARNING] The resource https://sf16-website-login.neutral.ttwstatic.com/obj/tiktok_web_login_static/tiktok/web/tiktok_fe_login_vmok/static/js/async/1775.2141490f.js was preloaded using link preload but not used within a few seconds from the window's load event. Please make sure it has an appropriate `as` value and it is preloaded intentionally. @ https://www.tiktok.com/@elhegawyeditor?lang=en:0
[  106460ms] [WARNING] The resource https://sf16-website-login.neutral.ttwstatic.com/obj/tiktok_web_login_static/tiktok/web/tiktok_fe_login_vmok/static/js/async/argus-builder-strategy.3e97a26f.js was preloaded using link preload but not used within a few seconds from the window's load event. Please make sure it has an appropriate `as` value and it is preloaded intentionally. @ https://www.tiktok.com/@elhegawyeditor?lang=en:0
[  106460ms] [WARNING] The resource https://sf16-website-login.neutral.ttwstatic.com/obj/tiktok_web_login_static/tiktok/web/tiktok_fe_login_vmok/static/js/async/6869.bf0826a7.js was preloaded using link preload but not used within a few seconds from the window's load event. Please make sure it has an appropriate `as` value and it is preloaded intentionally. @ https://www.tiktok.com/@elhegawyeditor?lang=en:0
[  106460ms] [WARNING] The resource https://sf16-website-login.neutral.ttwstatic.com/obj/tiktok_web_login_static/tiktok/web/tiktok_fe_login_vmok/static/js/async/6552.fd94ddd5.js was preloaded using link preload but not used within a few seconds from the window's load event. Please make sure it has an appropriate `as` value and it is preloaded intentionally. @ https://www.tiktok.com/@elhegawyeditor?lang=en:0
[  106460ms] [WARNING] The resource https://sf16-website-login.neutral.ttwstatic.com/obj/tiktok_web_login_static/tiktok/web/tiktok_fe_login_vmok/static/js/async/lib-axios.68812c5b.js was preloaded using link preload but not used within a few seconds from the window's load event. Please make sure it has an appropriate `as` value and it is preloaded intentionally. @ https://www.tiktok.com/@elhegawyeditor?lang=en:0
[  111471ms] [WARNING] The resource https://sf16-website-login.neutral.ttwstatic.com/obj/tiktok_web_login_static/tiktok/web/tiktok_fe_login_vmok/static/js/async/__federation_expose_pure.7bb71833.js was preloaded using link preload but not used within a few seconds from the window's load event. Please make sure it has an appropriate `as` value and it is preloaded intentionally. @ https://www.tiktok.com/@elhegawyeditor?lang=en:0
[  111472ms] [WARNING] The resource https://sf16-website-login.neutral.ttwstatic.com/obj/tiktok_web_login_static/tiktok/web/tiktok_fe_login_vmok/static/js/async/3911.77069edd.js was preloaded using link preload but not used within a few seconds from the window's load event. Please make sure it has an appropriate `as` value and it is preloaded intentionally. @ https://www.tiktok.com/@elhegawyeditor?lang=en:0
[  111472ms] [WARNING] The resource https://sf16-website-login.neutral.ttwstatic.com/obj/tiktok_web_login_static/tiktok/web/tiktok_fe_login_vmok/static/js/async/1265.abf06e8b.js was preloaded using link preload but not used within a few seconds from the window's load event. Please make sure it has an appropriate `as` value and it is preloaded intentionally. @ https://www.tiktok.com/@elhegawyeditor?lang=en:0
[  111472ms] [WARNING] The resource https://sf16-website-login.neutral.ttwstatic.com/obj/tiktok_web_login_static/tiktok/web/tiktok_fe_login_vmok/static/js/async/5613.8d5871a3.js was preloaded using link preload but not used within a few seconds from the window's load event. Please make sure it has an appropriate `as` value and it is preloaded intentionally. @ https://www.tiktok.com/@elhegawyeditor?lang=en:0
[  111472ms] [WARNING] The resource https://sf16-website-login.neutral.ttwstatic.com/obj/tiktok_web_login_static/tiktok/web/tiktok_fe_login_vmok/static/js/async/1775.2141490f.js was preloaded using link preload but not used within a few seconds from the window's load event. Please make sure it has an appropriate `as` value and it is preloaded intentionally. @ https://www.tiktok.com/@elhegawyeditor?lang=en:0
[  111472ms] [WARNING] The resource https://sf16-website-login.neutral.ttwstatic.com/obj/tiktok_web_login_static/tiktok/web/tiktok_fe_login_vmok/static/js/async/argus-builder-strategy.3e97a26f.js was preloaded using link preload but not used within a few seconds from the window's load event. Please make sure it has an appropriate `as` value and it is preloaded intentionally. @ https://www.tiktok.com/@elhegawyeditor?lang=en:0
[  111472ms] [WARNING] The resource https://sf16-website-login.neutral.ttwstatic.com/obj/tiktok_web_login_static/tiktok/web/tiktok_fe_login_vmok/static/js/async/6869.bf0826a7.js was preloaded using link preload but not used within a few seconds from the window's load event. Please make sure it has an appropriate `as` value and it is preloaded intentionally. @ https://www.tiktok.com/@elhegawyeditor?lang=en:0
[  111472ms] [WARNING] The resource https://sf16-website-login.neutral.ttwstatic.com/obj/tiktok_web_login_static/tiktok/web/tiktok_fe_login_vmok/static/js/async/6552.fd94ddd5.js was preloaded using link preload but not used within a few seconds from the window's load event. Please make sure it has an appropriate `as` value and it is preloaded intentionally. @ https://www.tiktok.com/@elhegawyeditor?lang=en:0
[  111472ms] [WARNING] The resource https://sf16-website-login.neutral.ttwstatic.com/obj/tiktok_web_login_static/tiktok/web/tiktok_fe_login_vmok/static/js/async/lib-axios.68812c5b.js was preloaded using link preload but not used within a few seconds from the window's load event. Please make sure it has an appropriate `as` value and it is preloaded intentionally. @ https://www.tiktok.com/@elhegawyeditor?lang=en:0
[  117096ms] [WARNING] The resource https://sf16-website-login.neutral.ttwstatic.com/obj/tiktok_web_login_static/tiktok/web/tiktok_fe_login_vmok/static/js/async/__federation_expose_pure.7bb71833.js was preloaded using link preload but not used within a few seconds from the window's load event. Please make sure it has an appropriate `as` value and it is preloaded intentionally. @ https://www.tiktok.com/@elhegawyeditor?lang=en:0
[  117096ms] [WARNING] The resource https://sf16-website-login.neutral.ttwstatic.com/obj/tiktok_web_login_static/tiktok/web/tiktok_fe_login_vmok/static/js/async/3911.77069edd.js was preloaded using link preload but not used within a few seconds from the window's load event. Please make sure it has an appropriate `as` value and it is preloaded intentionally. @ https://www.tiktok.com/@elhegawyeditor?lang=en:0
[  117096ms] [WARNING] The resource https://sf16-website-login.neutral.ttwstatic.com/obj/tiktok_web_login_static/tiktok/web/tiktok_fe_login_vmok/static/js/async/1265.abf06e8b.js was preloaded using link preload but not used within a few seconds from the window's load event. Please make sure it has an appropriate `as` value and it is preloaded intentionally. @ https://www.tiktok.com/@elhegawyeditor?lang=en:0
[  117096ms] [WARNING] The resource https://sf16-website-login.neutral.ttwstatic.com/obj/tiktok_web_login_static/tiktok/web/tiktok_fe_login_vmok/static/js/async/5613.8d5871a3.js was preloaded using link preload but not used within a few seconds from the window's load event. Please make sure it has an appropriate `as` value and it is preloaded intentionally. @ https://www.tiktok.com/@elhegawyeditor?lang=en:0
[  117097ms] [WARNING] The resource https://sf16-website-login.neutral.ttwstatic.com/obj/tiktok_web_login_static/tiktok/web/tiktok_fe_login_vmok/static/js/async/1775.2141490f.js was preloaded using link preload but not used within a few seconds from the window's load event. Please make sure it has an appropriate `as` value and it is preloaded intentionally. @ https://www.tiktok.com/@elhegawyeditor?lang=en:0
[  117097ms] [WARNING] The resource https://sf16-website-login.neutral.ttwstatic.com/obj/tiktok_web_login_static/tiktok/web/tiktok_fe_login_vmok/static/js/async/argus-builder-strategy.3e97a26f.js was preloaded using link preload but not used within a few seconds from the window's load event. Please make sure it has an appropriate `as` value and it is preloaded intentionally. @ https://www.tiktok.com/@elhegawyeditor?lang=en:0
[  117097ms] [WARNING] The resource https://sf16-website-login.neutral.ttwstatic.com/obj/tiktok_web_login_static/tiktok/web/tiktok_fe_login_vmok/static/js/async/6869.bf0826a7.js was preloaded using link preload but not used within a few seconds from the window's load event. Please make sure it has an appropriate `as` value and it is preloaded intentionally. @ https://www.tiktok.com/@elhegawyeditor?lang=en:0
[  117097ms] [WARNING] The resource https://sf16-website-login.neutral.ttwstatic.com/obj/tiktok_web_login_static/tiktok/web/tiktok_fe_login_vmok/static/js/async/6552.fd94ddd5.js was preloaded using link preload but not used within a few seconds from the window's load event. Please make sure it has an appropriate `as` value and it is preloaded intentionally. @ https://www.tiktok.com/@elhegawyeditor?lang=en:0
[  117097ms] [WARNING] The resource https://sf16-website-login.neutral.ttwstatic.com/obj/tiktok_web_login_static/tiktok/web/tiktok_fe_login_vmok/static/js/async/lib-axios.68812c5b.js was preloaded using link preload but not used within a few seconds from the window's load event. Please make sure it has an appropriate `as` value and it is preloaded intentionally. @ https://www.tiktok.com/@elhegawyeditor?lang=en:0
[  127810ms] [WARNING] The resource https://sf16-website-login.neutral.ttwstatic.com/obj/tiktok_web_login_static/tiktok/web/tiktok_fe_login_vmok/static/js/async/__federation_expose_pure.7bb71833.js was preloaded using link preload but not used within a few seconds from the window's load event. Please make sure it has an appropriate `as` value and it is preloaded intentionally. @ https://www.tiktok.com/@elhegawyeditor?lang=en:0
[  127810ms] [WARNING] The resource https://sf16-website-login.neutral.ttwstatic.com/obj/tiktok_web_login_static/tiktok/web/tiktok_fe_login_vmok/static/js/async/3911.77069edd.js was preloaded using link preload but not used within a few seconds from the window's load event. Please make sure it has an appropriate `as` value and it is preloaded intentionally. @ https://www.tiktok.com/@elhegawyeditor?lang=en:0
[  127810ms] [WARNING] The resource https://sf16-website-login.neutral.ttwstatic.com/obj/tiktok_web_login_static/tiktok/web/tiktok_fe_login_vmok/static/js/async/1265.abf06e8b.js was preloaded using link preload but not used within a few seconds from the window's load event. Please make sure it has an appropriate `as` value and it is preloaded intentionally. @ https://www.tiktok.com/@elhegawyeditor?lang=en:0
[  127810ms] [WARNING] The resource https://sf16-website-login.neutral.ttwstatic.com/obj/tiktok_web_login_static/tiktok/web/tiktok_fe_login_vmok/static/js/async/5613.8d5871a3.js was preloaded using link preload but not used within a few seconds from the window's load event. Please make sure it has an appropriate `as` value and it is preloaded intentionally. @ https://www.tiktok.com/@elhegawyeditor?lang=en:0
[  127810ms] [WARNING] The resource https://sf16-website-login.neutral.ttwstatic.com/obj/tiktok_web_login_static/tiktok/web/tiktok_fe_login_vmok/static/js/async/1775.2141490f.js was preloaded using link preload but not used within a few seconds from the window's load event. Please make sure it has an appropriate `as` value and it is preloaded intentionally. @ https://www.tiktok.com/@elhegawyeditor?lang=en:0
[  127810ms] [WARNING] The resource https://sf16-website-login.neutral.ttwstatic.com/obj/tiktok_web_login_static/tiktok/web/tiktok_fe_login_vmok/static/js/async/argus-builder-strategy.3e97a26f.js was preloaded using link preload but not used within a few seconds from the window's load event. Please make sure it has an appropriate `as` value and it is preloaded intentionally. @ https://www.tiktok.com/@elhegawyeditor?lang=en:0
[  127810ms] [WARNING] The resource https://sf16-website-login.neutral.ttwstatic.com/obj/tiktok_web_login_static/tiktok/web/tiktok_fe_login_vmok/static/js/async/6869.bf0826a7.js was preloaded using link preload but not used within a few seconds from the window's load event. Please make sure it has an appropriate `as` value and it is preloaded intentionally. @ https://www.tiktok.com/@elhegawyeditor?lang=en:0
[  127810ms] [WARNING] The resource https://sf16-website-login.neutral.ttwstatic.com/obj/tiktok_web_login_static/tiktok/web/tiktok_fe_login_vmok/static/js/async/6552.fd94ddd5.js was preloaded using link preload but not used within a few seconds from the window's load event. Please make sure it has an appropriate `as` value and it is preloaded intentionally. @ https://www.tiktok.com/@elhegawyeditor?lang=en:0
[  127810ms] [WARNING] The resource https://sf16-website-login.neutral.ttwstatic.com/obj/tiktok_web_login_static/tiktok/web/tiktok_fe_login_vmok/static/js/async/lib-axios.68812c5b.js was preloaded using link preload but not used within a few seconds from the window's load event. Please make sure it has an appropriate `as` value and it is preloaded intentionally. @ https://www.tiktok.com/@elhegawyeditor?lang=en:0
[  138429ms] [WARNING] The resource https://sf16-website-login.neutral.ttwstatic.com/obj/tiktok_web_login_static/tiktok/web/tiktok_fe_login_vmok/static/js/async/__federation_expose_pure.7bb71833.js was preloaded using link preload but not used within a few seconds from the window's load event. Please make sure it has an appropriate `as` value and it is preloaded intentionally. @ https://www.tiktok.com/@elhegawyeditor?lang=en:0
[  138429ms] [WARNING] The resource https://sf16-website-login.neutral.ttwstatic.com/obj/tiktok_web_login_static/tiktok/web/tiktok_fe_login_vmok/static/js/async/3911.77069edd.js was preloaded using link preload but not used within a few seconds from the window's load event. Please make sure it has an appropriate `as` value and it is preloaded intentionally. @ https://www.tiktok.com/@elhegawyeditor?lang=en:0
[  138429ms] [WARNING] The resource https://sf16-website-login.neutral.ttwstatic.com/obj/tiktok_web_login_static/tiktok/web/tiktok_fe_login_vmok/static/js/async/1265.abf06e8b.js was preloaded using link preload but not used within a few seconds from the window's load event. Please make sure it has an appropriate `as` value and it is preloaded intentionally. @ https://www.tiktok.com/@elhegawyeditor?lang=en:0
[  138429ms] [WARNING] The resource https://sf16-website-login.neutral.ttwstatic.com/obj/tiktok_web_login_static/tiktok/web/tiktok_fe_login_vmok/static/js/async/5613.8d5871a3.js was preloaded using link preload but not used within a few seconds from the window's load event. Please make sure it has an appropriate `as` value and it is preloaded intentionally. @ https://www.tiktok.com/@elhegawyeditor?lang=en:0
[  138429ms] [WARNING] The resource https://sf16-website-login.neutral.ttwstatic.com/obj/tiktok_web_login_static/tiktok/web/tiktok_fe_login_vmok/static/js/async/1775.2141490f.js was preloaded using link preload but not used within a few seconds from the window's load event. Please make sure it has an appropriate `as` value and it is preloaded intentionally. @ https://www.tiktok.com/@elhegawyeditor?lang=en:0
[  138429ms] [WARNING] The resource https://sf16-website-login.neutral.ttwstatic.com/obj/tiktok_web_login_static/tiktok/web/tiktok_fe_login_vmok/static/js/async/argus-builder-strategy.3e97a26f.js was preloaded using link preload but not used within a few seconds from the window's load event. Please make sure it has an appropriate `as` value and it is preloaded intentionally. @ https://www.tiktok.com/@elhegawyeditor?lang=en:0
[  138429ms] [WARNING] The resource https://sf16-website-login.neutral.ttwstatic.com/obj/tiktok_web_login_static/tiktok/web/tiktok_fe_login_vmok/static/js/async/6869.bf0826a7.js was preloaded using link preload but not used within a few seconds from the window's load event. Please make sure it has an appropriate `as` value and it is preloaded intentionally. @ https://www.tiktok.com/@elhegawyeditor?lang=en:0
[  138429ms] [WARNING] The resource https://sf16-website-login.neutral.ttwstatic.com/obj/tiktok_web_login_static/tiktok/web/tiktok_fe_login_vmok/static/js/async/6552.fd94ddd5.js was preloaded using link preload but not used within a few seconds from the window's load event. Please make sure it has an appropriate `as` value and it is preloaded intentionally. @ https://www.tiktok.com/@elhegawyeditor?lang=en:0
[  138429ms] [WARNING] The resource https://sf16-website-login.neutral.ttwstatic.com/obj/tiktok_web_login_static/tiktok/web/tiktok_fe_login_vmok/static/js/async/lib-axios.68812c5b.js was preloaded using link preload but not used within a few seconds from the window's load event. Please make sure it has an appropriate `as` value and it is preloaded intentionally. @ https://www.tiktok.com/@elhegawyeditor?lang=en:0
[  142313ms] [WARNING] The resource https://sf16-website-login.neutral.ttwstatic.com/obj/tiktok_web_login_static/tiktok/web/tiktok_fe_login_vmok/static/js/async/__federation_expose_pure.7bb71833.js was preloaded using link preload but not used within a few seconds from the window's load event. Please make sure it has an appropriate `as` value and it is preloaded intentionally. @ https://www.tiktok.com/@elhegawyeditor?lang=en:0
[  142313ms] [WARNING] The resource https://sf16-website-login.neutral.ttwstatic.com/obj/tiktok_web_login_static/tiktok/web/tiktok_fe_login_vmok/static/js/async/3911.77069edd.js was preloaded using link preload but not used within a few seconds from the window's load event. Please make sure it has an appropriate `as` value and it is preloaded intentionally. @ https://www.tiktok.com/@elhegawyeditor?lang=en:0
[  142313ms] [WARNING] The resource https://sf16-website-login.neutral.ttwstatic.com/obj/tiktok_web_login_static/tiktok/web/tiktok_fe_login_vmok/static/js/async/1265.abf06e8b.js was preloaded using link preload but not used within a few seconds from the window's load event. Please make sure it has an appropriate `as` value and it is preloaded intentionally. @ https://www.tiktok.com/@elhegawyeditor?lang=en:0
[  142314ms] [WARNING] The resource https://sf16-website-login.neutral.ttwstatic.com/obj/tiktok_web_login_static/tiktok/web/tiktok_fe_login_vmok/static/js/async/5613.8d5871a3.js was preloaded using link preload but not used within a few seconds from the window's load event. Please make sure it has an appropriate `as` value and it is preloaded intentionally. @ https://www.tiktok.com/@elhegawyeditor?lang=en:0
[  142314ms] [WARNING] The resource https://sf16-website-login.neutral.ttwstatic.com/obj/tiktok_web_login_static/tiktok/web/tiktok_fe_login_vmok/static/js/async/1775.2141490f.js was preloaded using link preload but not used within a few seconds from the window's load event. Please make sure it has an appropriate `as` value and it is preloaded intentionally. @ https://www.tiktok.com/@elhegawyeditor?lang=en:0
[  142314ms] [WARNING] The resource https://sf16-website-login.neutral.ttwstatic.com/obj/tiktok_web_login_static/tiktok/web/tiktok_fe_login_vmok/static/js/async/argus-builder-strategy.3e97a26f.js was preloaded using link preload but not used within a few seconds from the window's load event. Please make sure it has an appropriate `as` value and it is preloaded intentionally. @ https://www.tiktok.com/@elhegawyeditor?lang=en:0
[  142314ms] [WARNING] The resource https://sf16-website-login.neutral.ttwstatic.com/obj/tiktok_web_login_static/tiktok/web/tiktok_fe_login_vmok/static/js/async/6869.bf0826a7.js was preloaded using link preload but not used within a few seconds from the window's load event. Please make sure it has an appropriate `as` value and it is preloaded intentionally. @ https://www.tiktok.com/@elhegawyeditor?lang=en:0
[  142314ms] [WARNING] The resource https://sf16-website-login.neutral.ttwstatic.com/obj/tiktok_web_login_static/tiktok/web/tiktok_fe_login_vmok/static/js/async/6552.fd94ddd5.js was preloaded using link preload but not used within a few seconds from the window's load event. Please make sure it has an appropriate `as` value and it is preloaded intentionally. @ https://www.tiktok.com/@elhegawyeditor?lang=en:0
[  142314ms] [WARNING] The resource https://sf16-website-login.neutral.ttwstatic.com/obj/tiktok_web_login_static/tiktok/web/tiktok_fe_login_vmok/static/js/async/lib-axios.68812c5b.js was preloaded using link preload but not used within a few seconds from the window's load event. Please make sure it has an appropriate `as` value and it is preloaded intentionally. @ https://www.tiktok.com/@elhegawyeditor?lang=en:0
[  153385ms] [WARNING] The resource https://sf16-website-login.neutral.ttwstatic.com/obj/tiktok_web_login_static/tiktok/web/tiktok_fe_login_vmok/static/js/async/__federation_expose_pure.7bb71833.js was preloaded using link preload but not used within a few seconds from the window's load event. Please make sure it has an appropriate `as` value and it is preloaded intentionally. @ https://www.tiktok.com/@elhegawyeditor?lang=en:0
[  153385ms] [WARNING] The resource https://sf16-website-login.neutral.ttwstatic.com/obj/tiktok_web_login_static/tiktok/web/tiktok_fe_login_vmok/static/js/async/3911.77069edd.js was preloaded using link preload but not used within a few seconds from the window's load event. Please make sure it has an appropriate `as` value and it is preloaded intentionally. @ https://www.tiktok.com/@elhegawyeditor?lang=en:0
[  153385ms] [WARNING] The resource https://sf16-website-login.neutral.ttwstatic.com/obj/tiktok_web_login_static/tiktok/web/tiktok_fe_login_vmok/static/js/async/1265.abf06e8b.js was preloaded using link preload but not used within a few seconds from the window's load event. Please make sure it has an appropriate `as` value and it is preloaded intentionally. @ https://www.tiktok.com/@elhegawyeditor?lang=en:0
[  153385ms] [WARNING] The resource https://sf16-website-login.neutral.ttwstatic.com/obj/tiktok_web_login_static/tiktok/web/tiktok_fe_login_vmok/static/js/async/5613.8d5871a3.js was preloaded using link preload but not used within a few seconds from the window's load event. Please make sure it has an appropriate `as` value and it is preloaded intentionally. @ https://www.tiktok.com/@elhegawyeditor?lang=en:0
[  153385ms] [WARNING] The resource https://sf16-website-login.neutral.ttwstatic.com/obj/tiktok_web_login_static/tiktok/web/tiktok_fe_login_vmok/static/js/async/1775.2141490f.js was preloaded using link preload but not used within a few seconds from the window's load event. Please make sure it has an appropriate `as` value and it is preloaded intentionally. @ https://www.tiktok.com/@elhegawyeditor?lang=en:0
[  153385ms] [WARNING] The resource https://sf16-website-login.neutral.ttwstatic.com/obj/tiktok_web_login_static/tiktok/web/tiktok_fe_login_vmok/static/js/async/argus-builder-strategy.3e97a26f.js was preloaded using link preload but not used within a few seconds from the window's load event. Please make sure it has an appropriate `as` value and it is preloaded intentionally. @ https://www.tiktok.com/@elhegawyeditor?lang=en:0
[  153385ms] [WARNING] The resource https://sf16-website-login.neutral.ttwstatic.com/obj/tiktok_web_login_static/tiktok/web/tiktok_fe_login_vmok/static/js/async/6869.bf0826a7.js was preloaded using link preload but not used within a few seconds from the window's load event. Please make sure it has an appropriate `as` value and it is preloaded intentionally. @ https://www.tiktok.com/@elhegawyeditor?lang=en:0
[  153385ms] [WARNING] The resource https://sf16-website-login.neutral.ttwstatic.com/obj/tiktok_web_login_static/tiktok/web/tiktok_fe_login_vmok/static/js/async/6552.fd94ddd5.js was preloaded using link preload but not used within a few seconds from the window's load event. Please make sure it has an appropriate `as` value and it is preloaded intentionally. @ https://www.tiktok.com/@elhegawyeditor?lang=en:0
[  153385ms] [WARNING] The resource https://sf16-website-login.neutral.ttwstatic.com/obj/tiktok_web_login_static/tiktok/web/tiktok_fe_login_vmok/static/js/async/lib-axios.68812c5b.js was preloaded using link preload but not used within a few seconds from the window's load event. Please make sure it has an appropriate `as` value and it is preloaded intentionally. @ https://www.tiktok.com/@elhegawyeditor?lang=en:0
[  159638ms] [WARNING] The resource https://sf16-website-login.neutral.ttwstatic.com/obj/tiktok_web_login_static/tiktok/web/tiktok_fe_login_vmok/static/js/async/__federation_expose_pure.7bb71833.js was preloaded using link preload but not used within a few seconds from the window's load event. Please make sure it has an appropriate `as` value and it is preloaded intentionally. @ https://www.tiktok.com/@elhegawyeditor?lang=en:0
[  159638ms] [WARNING] The resource https://sf16-website-login.neutral.ttwstatic.com/obj/tiktok_web_login_static/tiktok/web/tiktok_fe_login_vmok/static/js/async/3911.77069edd.js was preloaded using link preload but not used within a few seconds from the window's load event. Please make sure it has an appropriate `as` value and it is preloaded intentionally. @ https://www.tiktok.com/@elhegawyeditor?lang=en:0
[  159638ms] [WARNING] The resource https://sf16-website-login.neutral.ttwstatic.com/obj/tiktok_web_login_static/tiktok/web/tiktok_fe_login_vmok/static/js/async/1265.abf06e8b.js was preloaded using link preload but not used within a few seconds from the window's load event. Please make sure it has an appropriate `as` value and it is preloaded intentionally. @ https://www.tiktok.com/@elhegawyeditor?lang=en:0
[  159638ms] [WARNING] The resource https://sf16-website-login.neutral.ttwstatic.com/obj/tiktok_web_login_static/tiktok/web/tiktok_fe_login_vmok/static/js/async/5613.8d5871a3.js was preloaded using link preload but not used within a few seconds from the window's load event. Please make sure it has an appropriate `as` value and it is preloaded intentionally. @ https://www.tiktok.com/@elhegawyeditor?lang=en:0
[  159638ms] [WARNING] The resource https://sf16-website-login.neutral.ttwstatic.com/obj/tiktok_web_login_static/tiktok/web/tiktok_fe_login_vmok/static/js/async/1775.2141490f.js was preloaded using link preload but not used within a few seconds from the window's load event. Please make sure it has an appropriate `as` value and it is preloaded intentionally. @ https://www.tiktok.com/@elhegawyeditor?lang=en:0
[  159638ms] [WARNING] The resource https://sf16-website-login.neutral.ttwstatic.com/obj/tiktok_web_login_static/tiktok/web/tiktok_fe_login_vmok/static/js/async/argus-builder-strategy.3e97a26f.js was preloaded using link preload but not used within a few seconds from the window's load event. Please make sure it has an appropriate `as` value and it is preloaded intentionally. @ https://www.tiktok.com/@elhegawyeditor?lang=en:0
[  159638ms] [WARNING] The resource https://sf16-website-login.neutral.ttwstatic.com/obj/tiktok_web_login_static/tiktok/web/tiktok_fe_login_vmok/static/js/async/6869.bf0826a7.js was preloaded using link preload but not used within a few seconds from the window's load event. Please make sure it has an appropriate `as` value and it is preloaded intentionally. @ https://www.tiktok.com/@elhegawyeditor?lang=en:0
[  159638ms] [WARNING] The resource https://sf16-website-login.neutral.ttwstatic.com/obj/tiktok_web_login_static/tiktok/web/tiktok_fe_login_vmok/static/js/async/6552.fd94ddd5.js was preloaded using link preload but not used within a few seconds from the window's load event. Please make sure it has an appropriate `as` value and it is preloaded intentionally. @ https://www.tiktok.com/@elhegawyeditor?lang=en:0
[  159638ms] [WARNING] The resource https://sf16-website-login.neutral.ttwstatic.com/obj/tiktok_web_login_static/tiktok/web/tiktok_fe_login_vmok/static/js/async/lib-axios.68812c5b.js was preloaded using link preload but not used within a few seconds from the window's load event. Please make sure it has an appropriate `as` value and it is preloaded intentionally. @ https://www.tiktok.com/@elhegawyeditor?lang=en:0
[  165067ms] Uncaught (in promise) TypeError: Cannot read properties of undefined (reading 'includes')
    at l.getConfigRegion (https://sf16-website-login.neutral.ttwstatic.com/obj/tiktok_web_login_static/tiktok/webapp/main/react-v18/webapp-desktop/static/js/secsdk_runtime_bundler_1104_278fdf08.js:4:25349)
    at l.gerReportUrl (https://sf16-website-login.neutral.ttwstatic.com/obj/tiktok_web_login_static/tiktok/webapp/main/react-v18/webapp-desktop/static/js/secsdk_runtime_bundler_1104_278fdf08.js:4:25458)
    at <anonymous> (https://sf16-website-login.neutral.ttwstatic.com/obj/tiktok_web_login_static/tiktok/webapp/main/react-v18/webapp-desktop/static/js/secsdk_runtime_bundler_1104_278fdf08.js:4:27736)
    at f (https://sf16-website-login.neutral.ttwstatic.com/obj/tiktok_web_login_static/tiktok/webapp/main/react-v18/webapp-desktop/static/js/secsdk_runtime_bundler_1104_278fdf08.js:4:3652)
    at <anonymous> (https://sf16-website-login.neutral.ttwstatic.com/obj/tiktok_web_login_static/tiktok/webapp/main/react-v18/webapp-desktop/static/js/secsdk_runtime_bundler_1104_278fdf08.js:4:4998)
    at <anonymous> (https://sf16-website-login.neutral.ttwstatic.com/obj/tiktok_web_login_static/tiktok/webapp/main/react-v18/webapp-desktop/static/js/secsdk_runtime_bundler_1104_278fdf08.js:4:4081)
    at a (https://sf16-website-login.neutral.ttwstatic.com/obj/tiktok_web_login_static/tiktok/webapp/main/react-v18/webapp-desktop/static/js/secsdk_runtime_bundler_1104_278fdf08.js:4:457)
    at c (https://sf16-website-login.neutral.ttwstatic.com/obj/tiktok_web_login_static/tiktok/webapp/main/react-v18/webapp-desktop/static/js/secsdk_runtime_bundler_1104_278fdf08.js:4:660)
    at <anonymous> (https://sf16-website-login.neutral.ttwstatic.com/obj/tiktok_web_login_static/tiktok/webapp/main/react-v18/webapp-desktop/static/js/secsdk_runtime_bundler_1104_278fdf08.js:4:719)
    at <anonymous> (https://sf16-website-login.neutral.ttwstatic.com/obj/tiktok_web_login_static/tiktok/webapp/main/react-v18/webapp-desktop/static/js/secsdk_runtime_bundler_1104_278fdf08.js:4:600)
    at <anonymous> (https://sf16-website-login.neutral.ttwstatic.com/obj/tiktok_web_login_static/tiktok/webapp/main/react-v18/webapp-desktop/static/js/secsdk_runtime_bundler_1104_278fdf08.js:4:29201)
    at value (https://sf16-website-login.neutral.ttwstatic.com/obj/tiktok_web_login_static/tiktok/webapp/main/react-v18/webapp-desktop/static/js/secsdk_runtime_bundler_1104_278fdf08.js:4:27589)
    at value (https://sf16-website-login.neutral.ttwstatic.com/obj/tiktok_web_login_static/tiktok/webapp/main/react-v18/webapp-desktop/static/js/secsdk_runtime_bundler_1104_278fdf08.js:4:27184)
    at value (https://sf16-website-login.neutral.ttwstatic.com/obj/tiktok_web_login_static/tiktok/webapp/main/react-v18/webapp-desktop/static/js/secsdk_runtime_bundler_1104_278fdf08.js:4:42112)
    at value (https://sf16-website-login.neutral.ttwstatic.com/obj/tiktok_web_login_static/tiktok/webapp/main/react-v18/webapp-desktop/static/js/secsdk_runtime_bundler_1104_278fdf08.js:4:42419)
    at window.registToModule (https://sf16-website-login.neutral.ttwstatic.com/obj/tiktok_web_login_static/tiktok/webapp/main/react-v18/webapp-desktop/static/js/secsdk_runtime_bundler_1104_278fdf08.js:4:16240)
    at <anonymous> (https://sf16-website-login.neutral.ttwstatic.com/obj/tiktok_web_login_static/tiktok/webapp/main/react-v18/webapp-desktop/static/js/secsdk_runtime_bundler_1104_278fdf08.js:29:67)
[  165067ms] Uncaught TypeError: Cannot read properties of undefined (reading 'includes')
    at l.getConfigRegion (https://sf16-website-login.neutral.ttwstatic.com/obj/tiktok_web_login_static/tiktok/webapp/main/react-v18/webapp-desktop/static/js/secsdk_runtime_bundler_1104_278fdf08.js:4:25349)
    at l.gerReportUrl (https://sf16-website-login.neutral.ttwstatic.com/obj/tiktok_web_login_static/tiktok/webapp/main/react-v18/webapp-desktop/static/js/secsdk_runtime_bundler_1104_278fdf08.js:4:25458)
    at <anonymous> (https://sf16-website-login.neutral.ttwstatic.com/obj/tiktok_web_login_static/tiktok/webapp/main/react-v18/webapp-desktop/static/js/secsdk_runtime_bundler_1104_278fdf08.js:4:35220)
    at s (https://sf16-website-login.neutral.ttwstatic.com/obj/tiktok_web_login_static/tiktok/webapp/main/react-v18/webapp-desktop/static/js/secsdk_runtime_bundler_1104_278fdf08.js:4:35120)
[  165104ms] [INFO] . @ https://sf16-website-login.neutral.ttwstatic.com/obj/tiktok_web_login_static/webmssdk/1.0.0.374/webmssdk.js:0
[  165120ms] Uncaught TypeError: Cannot read properties of undefined (reading 'includes')
    at l.getConfigRegion (https://sf16-website-login.neutral.ttwstatic.com/obj/tiktok_web_login_static/tiktok/webapp/main/react-v18/webapp-desktop/static/js/secsdk_runtime_bundler_1104_278fdf08.js:4:25349)
    at l.gerReportUrl (https://sf16-website-login.neutral.ttwstatic.com/obj/tiktok_web_login_static/tiktok/webapp/main/react-v18/webapp-desktop/static/js/secsdk_runtime_bundler_1104_278fdf08.js:4:25458)
    at <anonymous> (https://sf16-website-login.neutral.ttwstatic.com/obj/tiktok_web_login_static/tiktok/webapp/main/react-v18/webapp-desktop/static/js/secsdk_runtime_bundler_1104_278fdf08.js:4:35220)
    at s (https://sf16-website-login.neutral.ttwstatic.com/obj/tiktok_web_login_static/tiktok/webapp/main/react-v18/webapp-desktop/static/js/secsdk_runtime_bundler_1104_278fdf08.js:4:35120)
[  165188ms] [WARNING] Reflect is already polyfilled. @ https://sf16-website-login.neutral.ttwstatic.com/obj/tiktok_web_login_static/tiktok/webapp/main/react-v18/webapp-desktop/static/js/webapp-desktop.d69e4fd6.js:0
[  165225ms] [WARNING] AppContext will be overwritten @ https://sf16-website-login.neutral.ttwstatic.com/obj/tiktok_web_login_static/tiktok/webapp/main/react-v18/webapp-desktop/static/js/webapp-desktop.d69e4fd6.js:0
[  165226ms] [WARNING] AppContext will be overwritten @ https://sf16-website-login.neutral.ttwstatic.com/obj/tiktok_web_login_static/tiktok/webapp/main/react-v18/webapp-desktop/static/js/webapp-desktop.d69e4fd6.js:0
[  165226ms] [WARNING] AppContext will be overwritten @ https://sf16-website-login.neutral.ttwstatic.com/obj/tiktok_web_login_static/tiktok/webapp/main/react-v18/webapp-desktop/static/js/webapp-desktop.d69e4fd6.js:0
[  165226ms] [WARNING] AppContext will be overwritten @ https://sf16-website-login.neutral.ttwstatic.com/obj/tiktok_web_login_static/tiktok/webapp/main/react-v18/webapp-desktop/static/js/webapp-desktop.d69e4fd6.js:0
[  165226ms] [WARNING] AppContext will be overwritten @ https://sf16-website-login.neutral.ttwstatic.com/obj/tiktok_web_login_static/tiktok/webapp/main/react-v18/webapp-desktop/static/js/webapp-desktop.d69e4fd6.js:0
[  165227ms] [WARNING] AppContext will be overwritten @ https://sf16-website-login.neutral.ttwstatic.com/obj/tiktok_web_login_static/tiktok/webapp/main/react-v18/webapp-desktop/static/js/webapp-desktop.d69e4fd6.js:0
[  165227ms] [WARNING] AppContext will be overwritten @ https://sf16-website-login.neutral.ttwstatic.com/obj/tiktok_web_login_static/tiktok/webapp/main/react-v18/webapp-desktop/static/js/webapp-desktop.d69e4fd6.js:0
[  165227ms] [WARNING] AppContext will be overwritten @ https://sf16-website-login.neutral.ttwstatic.com/obj/tiktok_web_login_static/tiktok/webapp/main/react-v18/webapp-desktop/static/js/webapp-desktop.d69e4fd6.js:0
[  165227ms] [WARNING] AppContext will be overwritten @ https://sf16-website-login.neutral.ttwstatic.com/obj/tiktok_web_login_static/tiktok/webapp/main/react-v18/webapp-desktop/static/js/webapp-desktop.d69e4fd6.js:0
[  165240ms] [WARNING] AppContext will be overwritten @ https://sf16-website-login.neutral.ttwstatic.com/obj/tiktok_web_login_static/tiktok/webapp/main/react-v18/webapp-desktop/static/js/webapp-desktop.d69e4fd6.js:0
[  165242ms] [WARNING] AppContext will be overwritten @ https://sf16-website-login.neutral.ttwstatic.com/obj/tiktok_web_login_static/tiktok/webapp/main/react-v18/webapp-desktop/static/js/webapp-desktop.d69e4fd6.js:0
[  165242ms] [WARNING] loadable: `loadableReady()` requires state, please use `getScriptTags` or `getScriptElements` server-side @ https://sf16-website-login.neutral.ttwstatic.com/obj/tiktok_web_login_static/tiktok/webapp/main/react-v18/webapp-desktop/static/js/77750.55abd95f.js:1
[  165251ms] Uncaught TypeError: Cannot read properties of undefined (reading 'includes')
    at l.getConfigRegion (https://sf16-website-login.neutral.ttwstatic.com/obj/tiktok_web_login_static/tiktok/webapp/main/react-v18/webapp-desktop/static/js/secsdk_runtime_bundler_1104_278fdf08.js:4:25349)
    at l.gerReportUrl (https://sf16-website-login.neutral.ttwstatic.com/obj/tiktok_web_login_static/tiktok/webapp/main/react-v18/webapp-desktop/static/js/secsdk_runtime_bundler_1104_278fdf08.js:4:25458)
    at <anonymous> (https://sf16-website-login.neutral.ttwstatic.com/obj/tiktok_web_login_static/tiktok/webapp/main/react-v18/webapp-desktop/static/js/secsdk_runtime_bundler_1104_278fdf08.js:4:35220)
    at s (https://sf16-website-login.neutral.ttwstatic.com/obj/tiktok_web_login_static/tiktok/webapp/main/react-v18/webapp-desktop/static/js/secsdk_runtime_bundler_1104_278fdf08.js:4:35120)
[  165264ms] [LOG] %c %s color: yellow; background-color: black; [instance: default] appid: 1988, userInfo:{"user_unique_id":"7649786990460012039","user_type":12,"user_id":"7598222841687163921","user_is_login":true,"device_id":"7649786990460012039"} @ https://sf16-website-login.neutral.ttwstatic.com/obj/tiktok_web_login_static/webmssdk/1.0.0.374/webmssdk.js:0
[  165264ms] [LOG] %c %s color: yellow; background-color: black; [instance: default] appid: 1988, sdk is ready, version is 5.3.17, you can report now !!! @ https://sf16-website-login.neutral.ttwstatic.com/obj/tiktok_web_login_static/webmssdk/1.0.0.374/webmssdk.js:0
[  165283ms] Uncaught TypeError: Cannot read properties of undefined (reading 'includes')
    at l.getConfigRegion (https://sf16-website-login.neutral.ttwstatic.com/obj/tiktok_web_login_static/tiktok/webapp/main/react-v18/webapp-desktop/static/js/secsdk_runtime_bundler_1104_278fdf08.js:4:25349)
    at l.gerReportUrl (https://sf16-website-login.neutral.ttwstatic.com/obj/tiktok_web_login_static/tiktok/webapp/main/react-v18/webapp-desktop/static/js/secsdk_runtime_bundler_1104_278fdf08.js:4:25458)
    at <anonymous> (https://sf16-website-login.neutral.ttwstatic.com/obj/tiktok_web_login_static/tiktok/webapp/main/react-v18/webapp-desktop/static/js/secsdk_runtime_bundler_1104_278fdf08.js:4:35220)
    at s (https://sf16-website-login.neutral.ttwstatic.com/obj/tiktok_web_login_static/tiktok/webapp/main/react-v18/webapp-desktop/static/js/secsdk_runtime_bundler_1104_278fdf08.js:4:35120)
[  165272ms] [LOG] TypeError: Cannot read properties of null (reading 'toString')
    at main (https://sf16-website-login.neutral.ttwstatic.com/obj/tiktok_web_login_static/tiktok/webapp/main/react-v18/webapp-desktop/static/js/secsdk_runtime_bundler_1104_278fdf08.js:110:142)
    at postMessageOriginCheckExpression (https://sf16-website-login.neutral.ttwstatic.com/obj/tiktok_web_login_static/tiktok/webapp/main/react-v18/webapp-desktop/static/js/secsdk_runtime_bundler_1104_278fdf08.js:114:8)
    at e.value (https://sf16-website-login.neutral.ttwstatic.com/obj/tiktok_web_login_static/tiktok/webapp/main/react-v18/webapp-desktop/static/js/secsdk_runtime_bundler_1104_278fdf08.js:5:32209)
    at e.value (https://sf16-website-login.neutral.ttwstatic.com/obj/tiktok_web_login_static/tiktok/webapp/main/react-v18/webapp-desktop/static/js/secsdk_runtime_bundler_1104_278fdf08.js:5:34177)
    at MessagePort.s (https://sf16-website-login.neutral.ttwstatic.com/obj/tiktok_web_login_static/tiktok/webapp/main/react-v18/webapp-desktop/static/js/secsdk_runtime_bundler_1104_278fdf08.js:5:35519) @ https://sf16-website-login.neutral.ttwstatic.com/obj/tiktok_web_login_static/webmssdk/1.0.0.374/webmssdk.js:0
[  165415ms] Uncaught (in promise) TypeError: Cannot read properties of undefined (reading 'includes')
    at l.getConfigRegion (https://sf16-website-login.neutral.ttwstatic.com/obj/tiktok_web_login_static/tiktok/webapp/main/react-v18/webapp-desktop/static/js/secsdk_runtime_bundler_1104_278fdf08.js:4:25349)
    at l.gerReportUrl (https://sf16-website-login.neutral.ttwstatic.com/obj/tiktok_web_login_static/tiktok/webapp/main/react-v18/webapp-desktop/static/js/secsdk_runtime_bundler_1104_278fdf08.js:4:25458)
    at <anonymous> (https://sf16-website-login.neutral.ttwstatic.com/obj/tiktok_web_login_static/tiktok/webapp/main/react-v18/webapp-desktop/static/js/secsdk_runtime_bundler_1104_278fdf08.js:4:27736)
    at f (https://sf16-website-login.neutral.ttwstatic.com/obj/tiktok_web_login_static/tiktok/webapp/main/react-v18/webapp-desktop/static/js/secsdk_runtime_bundler_1104_278fdf08.js:4:3652)
    at <anonymous> (https://sf16-website-login.neutral.ttwstatic.com/obj/tiktok_web_login_static/tiktok/webapp/main/react-v18/webapp-desktop/static/js/secsdk_runtime_bundler_1104_278fdf08.js:4:4998)
    at <anonymous> (https://sf16-website-login.neutral.ttwstatic.com/obj/tiktok_web_login_static/tiktok/webapp/main/react-v18/webapp-desktop/static/js/secsdk_runtime_bundler_1104_278fdf08.js:4:4081)
    at a (https://sf16-website-login.neutral.ttwstatic.com/obj/tiktok_web_login_static/tiktok/webapp/main/react-v18/webapp-desktop/static/js/secsdk_runtime_bundler_1104_278fdf08.js:4:457)
    at c (https://sf16-website-login.neutral.ttwstatic.com/obj/tiktok_web_login_static/tiktok/webapp/main/react-v18/webapp-desktop/static/js/secsdk_runtime_bundler_1104_278fdf08.js:4:660)
    at <anonymous> (https://sf16-website-login.neutral.ttwstatic.com/obj/tiktok_web_login_static/tiktok/webapp/main/react-v18/webapp-desktop/static/js/secsdk_runtime_bundler_1104_278fdf08.js:4:719)
    at <anonymous> (https://sf16-website-login.neutral.ttwstatic.com/obj/tiktok_web_login_static/tiktok/webapp/main/react-v18/webapp-desktop/static/js/secsdk_runtime_bundler_1104_278fdf08.js:4:600)
    at <anonymous> (https://sf16-website-login.neutral.ttwstatic.com/obj/tiktok_web_login_static/tiktok/webapp/main/react-v18/webapp-desktop/static/js/secsdk_runtime_bundler_1104_278fdf08.js:4:29201)
    at value (https://sf16-website-login.neutral.ttwstatic.com/obj/tiktok_web_login_static/tiktok/webapp/main/react-v18/webapp-desktop/static/js/secsdk_runtime_bundler_1104_278fdf08.js:4:27589)
    at value (https://sf16-website-login.neutral.ttwstatic.com/obj/tiktok_web_login_static/tiktok/webapp/main/react-v18/webapp-desktop/static/js/secsdk_runtime_bundler_1104_278fdf08.js:4:27184)
    at me (https://sf16-website-login.neutral.ttwstatic.com/obj/tiktok_web_login_static/tiktok/webapp/main/react-v18/webapp-desktop/static/js/secsdk_runtime_bundler_1104_278fdf08.js:4:31008)
    at ge (https://sf16-website-login.neutral.ttwstatic.com/obj/tiktok_web_login_static/tiktok/webapp/main/react-v18/webapp-desktop/static/js/secsdk_runtime_bundler_1104_278fdf08.js:4:31262)
    at value (https://sf16-website-login.neutral.ttwstatic.com/obj/tiktok_web_login_static/tiktok/webapp/main/react-v18/webapp-desktop/static/js/secsdk_runtime_bundler_1104_278fdf08.js:4:32352)
    at value (https://sf16-website-login.neutral.ttwstatic.com/obj/tiktok_web_login_static/tiktok/webapp/main/react-v18/webapp-desktop/static/js/secsdk_runtime_bundler_1104_278fdf08.js:4:34176)
    at s (https://sf16-website-login.neutral.ttwstatic.com/obj/tiktok_web_login_static/tiktok/webapp/main/react-v18/webapp-desktop/static/js/secsdk_runtime_bundler_1104_278fdf08.js:4:35518)
[  165709ms] [WARNING] [i18n] missing key [en] Webapp Close_button Close_button @ https://sf16-website-login.neutral.ttwstatic.com/obj/tiktok_web_login_static/tiktok/webapp/main/react-v18/webapp-desktop/static/js/biz.common.lib.7eac74a6.js:0
[  166318ms] [LOG] ws.opened @ https://sf16-website-login.neutral.ttwstatic.com/obj/tiktok_web_login_static/webmssdk/1.0.0.374/webmssdk.js:0
[  166326ms] Uncaught (in promise) TypeError: a.init is not a function
    at <anonymous> (https://sf16-website-login.neutral.ttwstatic.com/obj/tiktok_web_login_static/tiktok/webapp/main/react-v18/webapp-desktop/static/js/async/64887.ba0a9df5.js:1:544240)
    at l (https://sf16-website-login.neutral.ttwstatic.com/obj/tiktok_web_login_static/tiktok/webapp/main/react-v18/webapp-desktop/static/js/async/64887.ba0a9df5.js:1:537334)
    at <anonymous> (https://sf16-website-login.neutral.ttwstatic.com/obj/tiktok_web_login_static/tiktok/webapp/main/react-v18/webapp-desktop/static/js/async/64887.ba0a9df5.js:1:538691)
    at <anonymous> (https://sf16-website-login.neutral.ttwstatic.com/obj/tiktok_web_login_static/tiktok/webapp/main/react-v18/webapp-desktop/static/js/async/64887.ba0a9df5.js:1:537727)
    at <anonymous> (https://sf16-website-login.neutral.ttwstatic.com/obj/tiktok_web_login_static/tiktok/webapp/main/react-v18/webapp-desktop/static/js/77750.55abd95f.js:4:181765)
    at p (https://sf16-website-login.neutral.ttwstatic.com/obj/tiktok_web_login_static/tiktok/webapp/main/react-v18/webapp-desktop/static/js/77750.55abd95f.js:4:181562)
    at value (https://sf16-website-login.neutral.ttwstatic.com/obj/tiktok_web_login_static/tiktok/webapp/main/react-v18/webapp-desktop/static/js/async/64887.ba0a9df5.js:1:543780)
    at value (https://sf16-website-login.neutral.ttwstatic.com/obj/tiktok_web_login_static/tiktok/webapp/main/react-v18/webapp-desktop/static/js/async/64887.ba0a9df5.js:1:543659)
    at <anonymous> (https://sf16-website-login.neutral.ttwstatic.com/obj/tiktok_web_login_static/tiktok/webapp/main/react-v18/webapp-desktop/static/js/async/64887.ba0a9df5.js:1:616448)
    at l (https://sf16-website-login.neutral.ttwstatic.com/obj/tiktok_web_login_static/tiktok/webapp/main/react-v18/webapp-desktop/static/js/async/64887.ba0a9df5.js:1:608637)
    at <anonymous> (https://sf16-website-login.neutral.ttwstatic.com/obj/tiktok_web_login_static/tiktok/webapp/main/react-v18/webapp-desktop/static/js/async/64887.ba0a9df5.js:1:609994)
    at <anonymous> (https://sf16-website-login.neutral.ttwstatic.com/obj/tiktok_web_login_static/tiktok/webapp/main/react-v18/webapp-desktop/static/js/async/64887.ba0a9df5.js:1:609030)
    at a (https://sf16-website-login.neutral.ttwstatic.com/obj/tiktok_web_login_static/tiktok/webapp/main/react-v18/webapp-desktop/static/js/77750.55abd95f.js:4:181618)
[  166382ms] [WARNING] [TikTok desktop app SDK Monitor]:   WARN:[printFirstFeedShow]The current environment is not inside the client. @ https://sf16-website-login.neutral.ttwstatic.com/obj/tiktok_web_login_static/tiktok/webapp/main/react-v18/webapp-desktop/static/js/webapp-desktop.d69e4fd6.js:0
[  166437ms] [WARNING] filter merge event: sibyl_sdk_collector_init_result error, pls check Converting circular structure to JSON
    --> starting at object with constructor 'e'
    |     property 'pluginInstances' -> object with constructor 'Array'
    |     index 0 -> object with constructor 'e'
    --- property 'collect' closes the circle @ https://sf16-website-login.neutral.ttwstatic.com/obj/tiktok_web_login_static/tiktok/webapp/main/react-v18/webapp-desktop/static/js/npm-dp-byted-tea-sdk-oversea.f4e273c4.js:0
[  166437ms] [LOG] %c %s color: yellow; background-color: black; [instance: sibylSdkTea] appid: 594856, userInfo:{"user_unique_id":"7649796668971861512","web_id":"7649796668971861512"} @ https://sf16-website-login.neutral.ttwstatic.com/obj/tiktok_web_login_static/webmssdk/1.0.0.374/webmssdk.js:0
[  166437ms] [LOG] %c %s color: yellow; background-color: black; [instance: sibylSdkTea] appid: 594856, sdk is ready, version is 5.3.17, you can report now !!! @ https://sf16-website-login.neutral.ttwstatic.com/obj/tiktok_web_login_static/webmssdk/1.0.0.374/webmssdk.js:0
[  167207ms] [LOG] %c %s color: yellow; background-color: black; [instance: cookie_banner_tea_sdk] appid: 345918, userInfo:{"user_unique_id":"7649787001097504274","web_id":"7649787001097504274"} @ https://sf16-website-login.neutral.ttwstatic.com/obj/tiktok_web_login_static/webmssdk/1.0.0.374/webmssdk.js:0
[  167208ms] [LOG] %c %s color: yellow; background-color: black; [instance: cookie_banner_tea_sdk] appid: 345918, sdk is ready, version is 5.3.17, you can report now !!! @ https://sf16-website-login.neutral.ttwstatic.com/obj/tiktok_web_login_static/webmssdk/1.0.0.374/webmssdk.js:0
[  167930ms] [WARNING] The 'deprecatedStyle' prop is deprecated. Please use the associated style props instead (e.g. "marginInline", "flex") @ https://sf16-website-login.neutral.ttwstatic.com/obj/tiktok_web_login_static/tiktok/webapp/main/react-v18/webapp-desktop/static/js/async/16119.40946b1b.js:0
[  168031ms] [WARNING] The 'deprecatedStyle' prop is deprecated. Please use the associated style props instead (e.g. "marginInline", "flex") @ https://sf16-website-login.neutral.ttwstatic.com/obj/tiktok_web_login_static/tiktok/webapp/main/react-v18/webapp-desktop/static/js/async/16119.40946b1b.js:0
[  168120ms] [WARNING] The 'deprecatedStyle' prop is deprecated. Please use the associated style props instead (e.g. "marginInline", "flex") @ https://sf16-website-login.neutral.ttwstatic.com/obj/tiktok_web_login_static/tiktok/webapp/main/react-v18/webapp-desktop/static/js/async/16119.40946b1b.js:0
[  168261ms] [WARNING] The 'deprecatedStyle' prop is deprecated. Please use the associated style props instead (e.g. "marginInline", "flex") @ https://sf16-website-login.neutral.ttwstatic.com/obj/tiktok_web_login_static/tiktok/webapp/main/react-v18/webapp-desktop/static/js/async/16119.40946b1b.js:0
[  168317ms] [WARNING] The 'deprecatedStyle' prop is deprecated. Please use the associated style props instead (e.g. "marginInline", "flex") @ https://sf16-website-login.neutral.ttwstatic.com/obj/tiktok_web_login_static/tiktok/webapp/main/react-v18/webapp-desktop/static/js/async/16119.40946b1b.js:0
[  182303ms] [WARNING] The resource https://sf16-website-login.neutral.ttwstatic.com/obj/tiktok_web_login_static/tiktok/web/tiktok_fe_login_vmok/static/js/async/__federation_expose_pure.7bb71833.js was preloaded using link preload but not used within a few seconds from the window's load event. Please make sure it has an appropriate `as` value and it is preloaded intentionally. @ https://www.tiktok.com/@elhegawyeditor?lang=en:0
[  182303ms] [WARNING] The resource https://sf16-website-login.neutral.ttwstatic.com/obj/tiktok_web_login_static/tiktok/web/tiktok_fe_login_vmok/static/js/async/3911.77069edd.js was preloaded using link preload but not used within a few seconds from the window's load event. Please make sure it has an appropriate `as` value and it is preloaded intentionally. @ https://www.tiktok.com/@elhegawyeditor?lang=en:0
[  182303ms] [WARNING] The resource https://sf16-website-login.neutral.ttwstatic.com/obj/tiktok_web_login_static/tiktok/web/tiktok_fe_login_vmok/static/js/async/1265.abf06e8b.js was preloaded using link preload but not used within a few seconds from the window's load event. Please make sure it has an appropriate `as` value and it is preloaded intentionally. @ https://www.tiktok.com/@elhegawyeditor?lang=en:0
[  182303ms] [WARNING] The resource https://sf16-website-login.neutral.ttwstatic.com/obj/tiktok_web_login_static/tiktok/web/tiktok_fe_login_vmok/static/js/async/5613.8d5871a3.js was preloaded using link preload but not used within a few seconds from the window's load event. Please make sure it has an appropriate `as` value and it is preloaded intentionally. @ https://www.tiktok.com/@elhegawyeditor?lang=en:0
[  182303ms] [WARNING] The resource https://sf16-website-login.neutral.ttwstatic.com/obj/tiktok_web_login_static/tiktok/web/tiktok_fe_login_vmok/static/js/async/1775.2141490f.js was preloaded using link preload but not used within a few seconds from the window's load event. Please make sure it has an appropriate `as` value and it is preloaded intentionally. @ https://www.tiktok.com/@elhegawyeditor?lang=en:0
[  182303ms] [WARNING] The resource https://sf16-website-login.neutral.ttwstatic.com/obj/tiktok_web_login_static/tiktok/web/tiktok_fe_login_vmok/static/js/async/argus-builder-strategy.3e97a26f.js was preloaded using link preload but not used within a few seconds from the window's load event. Please make sure it has an appropriate `as` value and it is preloaded intentionally. @ https://www.tiktok.com/@elhegawyeditor?lang=en:0
[  182303ms] [WARNING] The resource https://sf16-website-login.neutral.ttwstatic.com/obj/tiktok_web_login_static/tiktok/web/tiktok_fe_login_vmok/static/js/async/6869.bf0826a7.js was preloaded using link preload but not used within a few seconds from the window's load event. Please make sure it has an appropriate `as` value and it is preloaded intentionally. @ https://www.tiktok.com/@elhegawyeditor?lang=en:0
[  182303ms] [WARNING] The resource https://sf16-website-login.neutral.ttwstatic.com/obj/tiktok_web_login_static/tiktok/web/tiktok_fe_login_vmok/static/js/async/6552.fd94ddd5.js was preloaded using link preload but not used within a few seconds from the window's load event. Please make sure it has an appropriate `as` value and it is preloaded intentionally. @ https://www.tiktok.com/@elhegawyeditor?lang=en:0
[  182303ms] [WARNING] The resource https://sf16-website-login.neutral.ttwstatic.com/obj/tiktok_web_login_static/tiktok/web/tiktok_fe_login_vmok/static/js/async/lib-axios.68812c5b.js was preloaded using link preload but not used within a few seconds from the window's load event. Please make sure it has an appropriate `as` value and it is preloaded intentionally. @ https://www.tiktok.com/@elhegawyeditor?lang=en:0
[  192947ms] [WARNING] The resource https://sf16-website-login.neutral.ttwstatic.com/obj/tiktok_web_login_static/tiktok/web/tiktok_fe_login_vmok/static/js/async/__federation_expose_pure.7bb71833.js was preloaded using link preload but not used within a few seconds from the window's load event. Please make sure it has an appropriate `as` value and it is preloaded intentionally. @ https://www.tiktok.com/@elhegawyeditor?lang=en:0
[  192947ms] [WARNING] The resource https://sf16-website-login.neutral.ttwstatic.com/obj/tiktok_web_login_static/tiktok/web/tiktok_fe_login_vmok/static/js/async/3911.77069edd.js was preloaded using link preload but not used within a few seconds from the window's load event. Please make sure it has an appropriate `as` value and it is preloaded intentionally. @ https://www.tiktok.com/@elhegawyeditor?lang=en:0
[  192947ms] [WARNING] The resource https://sf16-website-login.neutral.ttwstatic.com/obj/tiktok_web_login_static/tiktok/web/tiktok_fe_login_vmok/static/js/async/1265.abf06e8b.js was preloaded using link preload but not used within a few seconds from the window's load event. Please make sure it has an appropriate `as` value and it is preloaded intentionally. @ https://www.tiktok.com/@elhegawyeditor?lang=en:0
[  192947ms] [WARNING] The resource https://sf16-website-login.neutral.ttwstatic.com/obj/tiktok_web_login_static/tiktok/web/tiktok_fe_login_vmok/static/js/async/5613.8d5871a3.js was preloaded using link preload but not used within a few seconds from the window's load event. Please make sure it has an appropriate `as` value and it is preloaded intentionally. @ https://www.tiktok.com/@elhegawyeditor?lang=en:0
[  192948ms] [WARNING] The resource https://sf16-website-login.neutral.ttwstatic.com/obj/tiktok_web_login_static/tiktok/web/tiktok_fe_login_vmok/static/js/async/1775.2141490f.js was preloaded using link preload but not used within a few seconds from the window's load event. Please make sure it has an appropriate `as` value and it is preloaded intentionally. @ https://www.tiktok.com/@elhegawyeditor?lang=en:0
[  192948ms] [WARNING] The resource https://sf16-website-login.neutral.ttwstatic.com/obj/tiktok_web_login_static/tiktok/web/tiktok_fe_login_vmok/static/js/async/argus-builder-strategy.3e97a26f.js was preloaded using link preload but not used within a few seconds from the window's load event. Please make sure it has an appropriate `as` value and it is preloaded intentionally. @ https://www.tiktok.com/@elhegawyeditor?lang=en:0
[  192948ms] [WARNING] The resource https://sf16-website-login.neutral.ttwstatic.com/obj/tiktok_web_login_static/tiktok/web/tiktok_fe_login_vmok/static/js/async/6869.bf0826a7.js was preloaded using link preload but not used within a few seconds from the window's load event. Please make sure it has an appropriate `as` value and it is preloaded intentionally. @ https://www.tiktok.com/@elhegawyeditor?lang=en:0
[  192948ms] [WARNING] The resource https://sf16-website-login.neutral.ttwstatic.com/obj/tiktok_web_login_static/tiktok/web/tiktok_fe_login_vmok/static/js/async/6552.fd94ddd5.js was preloaded using link preload but not used within a few seconds from the window's load event. Please make sure it has an appropriate `as` value and it is preloaded intentionally. @ https://www.tiktok.com/@elhegawyeditor?lang=en:0
[  192948ms] [WARNING] The resource https://sf16-website-login.neutral.ttwstatic.com/obj/tiktok_web_login_static/tiktok/web/tiktok_fe_login_vmok/static/js/async/lib-axios.68812c5b.js was preloaded using link preload but not used within a few seconds from the window's load event. Please make sure it has an appropriate `as` value and it is preloaded intentionally. @ https://www.tiktok.com/@elhegawyeditor?lang=en:0
[  203582ms] [WARNING] The resource https://sf16-website-login.neutral.ttwstatic.com/obj/tiktok_web_login_static/tiktok/web/tiktok_fe_login_vmok/static/js/async/__federation_expose_pure.7bb71833.js was preloaded using link preload but not used within a few seconds from the window's load event. Please make sure it has an appropriate `as` value and it is preloaded intentionally. @ https://www.tiktok.com/@elhegawyeditor?lang=en:0
[  203582ms] [WARNING] The resource https://sf16-website-login.neutral.ttwstatic.com/obj/tiktok_web_login_static/tiktok/web/tiktok_fe_login_vmok/static/js/async/3911.77069edd.js was preloaded using link preload but not used within a few seconds from the window's load event. Please make sure it has an appropriate `as` value and it is preloaded intentionally. @ https://www.tiktok.com/@elhegawyeditor?lang=en:0
[  203582ms] [WARNING] The resource https://sf16-website-login.neutral.ttwstatic.com/obj/tiktok_web_login_static/tiktok/web/tiktok_fe_login_vmok/static/js/async/1265.abf06e8b.js was preloaded using link preload but not used within a few seconds from the window's load event. Please make sure it has an appropriate `as` value and it is preloaded intentionally. @ https://www.tiktok.com/@elhegawyeditor?lang=en:0
[  203582ms] [WARNING] The resource https://sf16-website-login.neutral.ttwstatic.com/obj/tiktok_web_login_static/tiktok/web/tiktok_fe_login_vmok/static/js/async/5613.8d5871a3.js was preloaded using link preload but not used within a few seconds from the window's load event. Please make sure it has an appropriate `as` value and it is preloaded intentionally. @ https://www.tiktok.com/@elhegawyeditor?lang=en:0
[  203582ms] [WARNING] The resource https://sf16-website-login.neutral.ttwstatic.com/obj/tiktok_web_login_static/tiktok/web/tiktok_fe_login_vmok/static/js/async/1775.2141490f.js was preloaded using link preload but not used within a few seconds from the window's load event. Please make sure it has an appropriate `as` value and it is preloaded intentionally. @ https://www.tiktok.com/@elhegawyeditor?lang=en:0
[  203582ms] [WARNING] The resource https://sf16-website-login.neutral.ttwstatic.com/obj/tiktok_web_login_static/tiktok/web/tiktok_fe_login_vmok/static/js/async/argus-builder-strategy.3e97a26f.js was preloaded using link preload but not used within a few seconds from the window's load event. Please make sure it has an appropriate `as` value and it is preloaded intentionally. @ https://www.tiktok.com/@elhegawyeditor?lang=en:0
[  203582ms] [WARNING] The resource https://sf16-website-login.neutral.ttwstatic.com/obj/tiktok_web_login_static/tiktok/web/tiktok_fe_login_vmok/static/js/async/6869.bf0826a7.js was preloaded using link preload but not used within a few seconds from the window's load event. Please make sure it has an appropriate `as` value and it is preloaded intentionally. @ https://www.tiktok.com/@elhegawyeditor?lang=en:0
[  203582ms] [WARNING] The resource https://sf16-website-login.neutral.ttwstatic.com/obj/tiktok_web_login_static/tiktok/web/tiktok_fe_login_vmok/static/js/async/6552.fd94ddd5.js was preloaded using link preload but not used within a few seconds from the window's load event. Please make sure it has an appropriate `as` value and it is preloaded intentionally. @ https://www.tiktok.com/@elhegawyeditor?lang=en:0
[  203582ms] [WARNING] The resource https://sf16-website-login.neutral.ttwstatic.com/obj/tiktok_web_login_static/tiktok/web/tiktok_fe_login_vmok/static/js/async/lib-axios.68812c5b.js was preloaded using link preload but not used within a few seconds from the window's load event. Please make sure it has an appropriate `as` value and it is preloaded intentionally. @ https://www.tiktok.com/@elhegawyeditor?lang=en:0
[  214128ms] [WARNING] The resource https://sf16-website-login.neutral.ttwstatic.com/obj/tiktok_web_login_static/tiktok/web/tiktok_fe_login_vmok/static/js/async/__federation_expose_pure.7bb71833.js was preloaded using link preload but not used within a few seconds from the window's load event. Please make sure it has an appropriate `as` value and it is preloaded intentionally. @ https://www.tiktok.com/@elhegawyeditor?lang=en:0
[  214128ms] [WARNING] The resource https://sf16-website-login.neutral.ttwstatic.com/obj/tiktok_web_login_static/tiktok/web/tiktok_fe_login_vmok/static/js/async/3911.77069edd.js was preloaded using link preload but not used within a few seconds from the window's load event. Please make sure it has an appropriate `as` value and it is preloaded intentionally. @ https://www.tiktok.com/@elhegawyeditor?lang=en:0
[  214128ms] [WARNING] The resource https://sf16-website-login.neutral.ttwstatic.com/obj/tiktok_web_login_static/tiktok/web/tiktok_fe_login_vmok/static/js/async/1265.abf06e8b.js was preloaded using link preload but not used within a few seconds from the window's load event. Please make sure it has an appropriate `as` value and it is preloaded intentionally. @ https://www.tiktok.com/@elhegawyeditor?lang=en:0
[  214128ms] [WARNING] The resource https://sf16-website-login.neutral.ttwstatic.com/obj/tiktok_web_login_static/tiktok/web/tiktok_fe_login_vmok/static/js/async/5613.8d5871a3.js was preloaded using link preload but not used within a few seconds from the window's load event. Please make sure it has an appropriate `as` value and it is preloaded intentionally. @ https://www.tiktok.com/@elhegawyeditor?lang=en:0
[  214128ms] [WARNING] The resource https://sf16-website-login.neutral.ttwstatic.com/obj/tiktok_web_login_static/tiktok/web/tiktok_fe_login_vmok/static/js/async/1775.2141490f.js was preloaded using link preload but not used within a few seconds from the window's load event. Please make sure it has an appropriate `as` value and it is preloaded intentionally. @ https://www.tiktok.com/@elhegawyeditor?lang=en:0
[  214128ms] [WARNING] The resource https://sf16-website-login.neutral.ttwstatic.com/obj/tiktok_web_login_static/tiktok/web/tiktok_fe_login_vmok/static/js/async/argus-builder-strategy.3e97a26f.js was preloaded using link preload but not used within a few seconds from the window's load event. Please make sure it has an appropriate `as` value and it is preloaded intentionally. @ https://www.tiktok.com/@elhegawyeditor?lang=en:0
[  214128ms] [WARNING] The resource https://sf16-website-login.neutral.ttwstatic.com/obj/tiktok_web_login_static/tiktok/web/tiktok_fe_login_vmok/static/js/async/6869.bf0826a7.js was preloaded using link preload but not used within a few seconds from the window's load event. Please make sure it has an appropriate `as` value and it is preloaded intentionally. @ https://www.tiktok.com/@elhegawyeditor?lang=en:0
[  214128ms] [WARNING] The resource https://sf16-website-login.neutral.ttwstatic.com/obj/tiktok_web_login_static/tiktok/web/tiktok_fe_login_vmok/static/js/async/6552.fd94ddd5.js was preloaded using link preload but not used within a few seconds from the window's load event. Please make sure it has an appropriate `as` value and it is preloaded intentionally. @ https://www.tiktok.com/@elhegawyeditor?lang=en:0
[  214128ms] [WARNING] The resource https://sf16-website-login.neutral.ttwstatic.com/obj/tiktok_web_login_static/tiktok/web/tiktok_fe_login_vmok/static/js/async/lib-axios.68812c5b.js was preloaded using link preload but not used within a few seconds from the window's load event. Please make sure it has an appropriate `as` value and it is preloaded intentionally. @ https://www.tiktok.com/@elhegawyeditor?lang=en:0
[  224730ms] [WARNING] The resource https://sf16-website-login.neutral.ttwstatic.com/obj/tiktok_web_login_static/tiktok/web/tiktok_fe_login_vmok/static/js/async/__federation_expose_pure.7bb71833.js was preloaded using link preload but not used within a few seconds from the window's load event. Please make sure it has an appropriate `as` value and it is preloaded intentionally. @ https://www.tiktok.com/@elhegawyeditor?lang=en:0
[  224730ms] [WARNING] The resource https://sf16-website-login.neutral.ttwstatic.com/obj/tiktok_web_login_static/tiktok/web/tiktok_fe_login_vmok/static/js/async/3911.77069edd.js was preloaded using link preload but not used within a few seconds from the window's load event. Please make sure it has an appropriate `as` value and it is preloaded intentionally. @ https://www.tiktok.com/@elhegawyeditor?lang=en:0
[  224730ms] [WARNING] The resource https://sf16-website-login.neutral.ttwstatic.com/obj/tiktok_web_login_static/tiktok/web/tiktok_fe_login_vmok/static/js/async/1265.abf06e8b.js was preloaded using link preload but not used within a few seconds from the window's load event. Please make sure it has an appropriate `as` value and it is preloaded intentionally. @ https://www.tiktok.com/@elhegawyeditor?lang=en:0
[  224731ms] [WARNING] The resource https://sf16-website-login.neutral.ttwstatic.com/obj/tiktok_web_login_static/tiktok/web/tiktok_fe_login_vmok/static/js/async/5613.8d5871a3.js was preloaded using link preload but not used within a few seconds from the window's load event. Please make sure it has an appropriate `as` value and it is preloaded intentionally. @ https://www.tiktok.com/@elhegawyeditor?lang=en:0
[  224731ms] [WARNING] The resource https://sf16-website-login.neutral.ttwstatic.com/obj/tiktok_web_login_static/tiktok/web/tiktok_fe_login_vmok/static/js/async/1775.2141490f.js was preloaded using link preload but not used within a few seconds from the window's load event. Please make sure it has an appropriate `as` value and it is preloaded intentionally. @ https://www.tiktok.com/@elhegawyeditor?lang=en:0
[  224731ms] [WARNING] The resource https://sf16-website-login.neutral.ttwstatic.com/obj/tiktok_web_login_static/tiktok/web/tiktok_fe_login_vmok/static/js/async/argus-builder-strategy.3e97a26f.js was preloaded using link preload but not used within a few seconds from the window's load event. Please make sure it has an appropriate `as` value and it is preloaded intentionally. @ https://www.tiktok.com/@elhegawyeditor?lang=en:0
[  224731ms] [WARNING] The resource https://sf16-website-login.neutral.ttwstatic.com/obj/tiktok_web_login_static/tiktok/web/tiktok_fe_login_vmok/static/js/async/6869.bf0826a7.js was preloaded using link preload but not used within a few seconds from the window's load event. Please make sure it has an appropriate `as` value and it is preloaded intentionally. @ https://www.tiktok.com/@elhegawyeditor?lang=en:0
[  224731ms] [WARNING] The resource https://sf16-website-login.neutral.ttwstatic.com/obj/tiktok_web_login_static/tiktok/web/tiktok_fe_login_vmok/static/js/async/6552.fd94ddd5.js was preloaded using link preload but not used within a few seconds from the window's load event. Please make sure it has an appropriate `as` value and it is preloaded intentionally. @ https://www.tiktok.com/@elhegawyeditor?lang=en:0
[  224731ms] [WARNING] The resource https://sf16-website-login.neutral.ttwstatic.com/obj/tiktok_web_login_static/tiktok/web/tiktok_fe_login_vmok/static/js/async/lib-axios.68812c5b.js was preloaded using link preload but not used within a few seconds from the window's load event. Please make sure it has an appropriate `as` value and it is preloaded intentionally. @ https://www.tiktok.com/@elhegawyeditor?lang=en:0
[  231149ms] [WARNING] The resource https://sf16-website-login.neutral.ttwstatic.com/obj/tiktok_web_login_static/tiktok/web/tiktok_fe_login_vmok/static/js/async/__federation_expose_pure.7bb71833.js was preloaded using link preload but not used within a few seconds from the window's load event. Please make sure it has an appropriate `as` value and it is preloaded intentionally. @ https://www.tiktok.com/@elhegawyeditor?lang=en:0
[  231149ms] [WARNING] The resource https://sf16-website-login.neutral.ttwstatic.com/obj/tiktok_web_login_static/tiktok/web/tiktok_fe_login_vmok/static/js/async/3911.77069edd.js was preloaded using link preload but not used within a few seconds from the window's load event. Please make sure it has an appropriate `as` value and it is preloaded intentionally. @ https://www.tiktok.com/@elhegawyeditor?lang=en:0
[  231149ms] [WARNING] The resource https://sf16-website-login.neutral.ttwstatic.com/obj/tiktok_web_login_static/tiktok/web/tiktok_fe_login_vmok/static/js/async/1265.abf06e8b.js was preloaded using link preload but not used within a few seconds from the window's load event. Please make sure it has an appropriate `as` value and it is preloaded intentionally. @ https://www.tiktok.com/@elhegawyeditor?lang=en:0
[  231149ms] [WARNING] The resource https://sf16-website-login.neutral.ttwstatic.com/obj/tiktok_web_login_static/tiktok/web/tiktok_fe_login_vmok/static/js/async/5613.8d5871a3.js was preloaded using link preload but not used within a few seconds from the window's load event. Please make sure it has an appropriate `as` value and it is preloaded intentionally. @ https://www.tiktok.com/@elhegawyeditor?lang=en:0
[  231149ms] [WARNING] The resource https://sf16-website-login.neutral.ttwstatic.com/obj/tiktok_web_login_static/tiktok/web/tiktok_fe_login_vmok/static/js/async/1775.2141490f.js was preloaded using link preload but not used within a few seconds from the window's load event. Please make sure it has an appropriate `as` value and it is preloaded intentionally. @ https://www.tiktok.com/@elhegawyeditor?lang=en:0
[  231149ms] [WARNING] The resource https://sf16-website-login.neutral.ttwstatic.com/obj/tiktok_web_login_static/tiktok/web/tiktok_fe_login_vmok/static/js/async/argus-builder-strategy.3e97a26f.js was preloaded using link preload but not used within a few seconds from the window's load event. Please make sure it has an appropriate `as` value and it is preloaded intentionally. @ https://www.tiktok.com/@elhegawyeditor?lang=en:0
[  231149ms] [WARNING] The resource https://sf16-website-login.neutral.ttwstatic.com/obj/tiktok_web_login_static/tiktok/web/tiktok_fe_login_vmok/static/js/async/6869.bf0826a7.js was preloaded using link preload but not used within a few seconds from the window's load event. Please make sure it has an appropriate `as` value and it is preloaded intentionally. @ https://www.tiktok.com/@elhegawyeditor?lang=en:0
[  231149ms] [WARNING] The resource https://sf16-website-login.neutral.ttwstatic.com/obj/tiktok_web_login_static/tiktok/web/tiktok_fe_login_vmok/static/js/async/6552.fd94ddd5.js was preloaded using link preload but not used within a few seconds from the window's load event. Please make sure it has an appropriate `as` value and it is preloaded intentionally. @ https://www.tiktok.com/@elhegawyeditor?lang=en:0
[  231149ms] [WARNING] The resource https://sf16-website-login.neutral.ttwstatic.com/obj/tiktok_web_login_static/tiktok/web/tiktok_fe_login_vmok/static/js/async/lib-axios.68812c5b.js was preloaded using link preload but not used within a few seconds from the window's load event. Please make sure it has an appropriate `as` value and it is preloaded intentionally. @ https://www.tiktok.com/@elhegawyeditor?lang=en:0
[  238710ms] [WARNING] The resource https://sf16-website-login.neutral.ttwstatic.com/obj/tiktok_web_login_static/tiktok/web/tiktok_fe_login_vmok/static/js/async/__federation_expose_pure.7bb71833.js was preloaded using link preload but not used within a few seconds from the window's load event. Please make sure it has an appropriate `as` value and it is preloaded intentionally. @ https://www.tiktok.com/@elhegawyeditor?lang=en:0
[  238710ms] [WARNING] The resource https://sf16-website-login.neutral.ttwstatic.com/obj/tiktok_web_login_static/tiktok/web/tiktok_fe_login_vmok/static/js/async/3911.77069edd.js was preloaded using link preload but not used within a few seconds from the window's load event. Please make sure it has an appropriate `as` value and it is preloaded intentionally. @ https://www.tiktok.com/@elhegawyeditor?lang=en:0
[  238710ms] [WARNING] The resource https://sf16-website-login.neutral.ttwstatic.com/obj/tiktok_web_login_static/tiktok/web/tiktok_fe_login_vmok/static/js/async/1265.abf06e8b.js was preloaded using link preload but not used within a few seconds from the window's load event. Please make sure it has an appropriate `as` value and it is preloaded intentionally. @ https://www.tiktok.com/@elhegawyeditor?lang=en:0
[  238710ms] [WARNING] The resource https://sf16-website-login.neutral.ttwstatic.com/obj/tiktok_web_login_static/tiktok/web/tiktok_fe_login_vmok/static/js/async/5613.8d5871a3.js was preloaded using link preload but not used within a few seconds from the window's load event. Please make sure it has an appropriate `as` value and it is preloaded intentionally. @ https://www.tiktok.com/@elhegawyeditor?lang=en:0
[  238710ms] [WARNING] The resource https://sf16-website-login.neutral.ttwstatic.com/obj/tiktok_web_login_static/tiktok/web/tiktok_fe_login_vmok/static/js/async/1775.2141490f.js was preloaded using link preload but not used within a few seconds from the window's load event. Please make sure it has an appropriate `as` value and it is preloaded intentionally. @ https://www.tiktok.com/@elhegawyeditor?lang=en:0
[  238710ms] [WARNING] The resource https://sf16-website-login.neutral.ttwstatic.com/obj/tiktok_web_login_static/tiktok/web/tiktok_fe_login_vmok/static/js/async/argus-builder-strategy.3e97a26f.js was preloaded using link preload but not used within a few seconds from the window's load event. Please make sure it has an appropriate `as` value and it is preloaded intentionally. @ https://www.tiktok.com/@elhegawyeditor?lang=en:0
[  238710ms] [WARNING] The resource https://sf16-website-login.neutral.ttwstatic.com/obj/tiktok_web_login_static/tiktok/web/tiktok_fe_login_vmok/static/js/async/6869.bf0826a7.js was preloaded using link preload but not used within a few seconds from the window's load event. Please make sure it has an appropriate `as` value and it is preloaded intentionally. @ https://www.tiktok.com/@elhegawyeditor?lang=en:0
[  238710ms] [WARNING] The resource https://sf16-website-login.neutral.ttwstatic.com/obj/tiktok_web_login_static/tiktok/web/tiktok_fe_login_vmok/static/js/async/6552.fd94ddd5.js was preloaded using link preload but not used within a few seconds from the window's load event. Please make sure it has an appropriate `as` value and it is preloaded intentionally. @ https://www.tiktok.com/@elhegawyeditor?lang=en:0
[  238710ms] [WARNING] The resource https://sf16-website-login.neutral.ttwstatic.com/obj/tiktok_web_login_static/tiktok/web/tiktok_fe_login_vmok/static/js/async/lib-axios.68812c5b.js was preloaded using link preload but not used within a few seconds from the window's load event. Please make sure it has an appropriate `as` value and it is preloaded intentionally. @ https://www.tiktok.com/@elhegawyeditor?lang=en:0
[  246012ms] [WARNING] The resource https://sf16-website-login.neutral.ttwstatic.com/obj/tiktok_web_login_static/tiktok/web/tiktok_fe_login_vmok/static/js/async/__federation_expose_pure.7bb71833.js was preloaded using link preload but not used within a few seconds from the window's load event. Please make sure it has an appropriate `as` value and it is preloaded intentionally. @ https://www.tiktok.com/@elhegawyeditor?lang=en:0
[  246012ms] [WARNING] The resource https://sf16-website-login.neutral.ttwstatic.com/obj/tiktok_web_login_static/tiktok/web/tiktok_fe_login_vmok/static/js/async/3911.77069edd.js was preloaded using link preload but not used within a few seconds from the window's load event. Please make sure it has an appropriate `as` value and it is preloaded intentionally. @ https://www.tiktok.com/@elhegawyeditor?lang=en:0
[  246012ms] [WARNING] The resource https://sf16-website-login.neutral.ttwstatic.com/obj/tiktok_web_login_static/tiktok/web/tiktok_fe_login_vmok/static/js/async/1265.abf06e8b.js was preloaded using link preload but not used within a few seconds from the window's load event. Please make sure it has an appropriate `as` value and it is preloaded intentionally. @ https://www.tiktok.com/@elhegawyeditor?lang=en:0
[  246012ms] [WARNING] The resource https://sf16-website-login.neutral.ttwstatic.com/obj/tiktok_web_login_static/tiktok/web/tiktok_fe_login_vmok/static/js/async/5613.8d5871a3.js was preloaded using link preload but not used within a few seconds from the window's load event. Please make sure it has an appropriate `as` value and it is preloaded intentionally. @ https://www.tiktok.com/@elhegawyeditor?lang=en:0
[  246012ms] [WARNING] The resource https://sf16-website-login.neutral.ttwstatic.com/obj/tiktok_web_login_static/tiktok/web/tiktok_fe_login_vmok/static/js/async/1775.2141490f.js was preloaded using link preload but not used within a few seconds from the window's load event. Please make sure it has an appropriate `as` value and it is preloaded intentionally. @ https://www.tiktok.com/@elhegawyeditor?lang=en:0
[  246012ms] [WARNING] The resource https://sf16-website-login.neutral.ttwstatic.com/obj/tiktok_web_login_static/tiktok/web/tiktok_fe_login_vmok/static/js/async/argus-builder-strategy.3e97a26f.js was preloaded using link preload but not used within a few seconds from the window's load event. Please make sure it has an appropriate `as` value and it is preloaded intentionally. @ https://www.tiktok.com/@elhegawyeditor?lang=en:0
[  246012ms] [WARNING] The resource https://sf16-website-login.neutral.ttwstatic.com/obj/tiktok_web_login_static/tiktok/web/tiktok_fe_login_vmok/static/js/async/6869.bf0826a7.js was preloaded using link preload but not used within a few seconds from the window's load event. Please make sure it has an appropriate `as` value and it is preloaded intentionally. @ https://www.tiktok.com/@elhegawyeditor?lang=en:0
[  246012ms] [WARNING] The resource https://sf16-website-login.neutral.ttwstatic.com/obj/tiktok_web_login_static/tiktok/web/tiktok_fe_login_vmok/static/js/async/6552.fd94ddd5.js was preloaded using link preload but not used within a few seconds from the window's load event. Please make sure it has an appropriate `as` value and it is preloaded intentionally. @ https://www.tiktok.com/@elhegawyeditor?lang=en:0
[  246012ms] [WARNING] The resource https://sf16-website-login.neutral.ttwstatic.com/obj/tiktok_web_login_static/tiktok/web/tiktok_fe_login_vmok/static/js/async/lib-axios.68812c5b.js was preloaded using link preload but not used within a few seconds from the window's load event. Please make sure it has an appropriate `as` value and it is preloaded intentionally. @ https://www.tiktok.com/@elhegawyeditor?lang=en:0
