[    2051ms] Uncaught (in promise) TypeError: Cannot read properties of undefined (reading 'includes')
    at l.getConfigRegion (https://sf16-website-login.neutral.ttwstatic.com/obj/tiktok_web_login_static/tiktok/webapp/main/react-v18/webapp-desktop/static/js/secsdk_runtime_bundler_1104_278fdf08.js:4:25349)
    at l.gerReportUrl (https://sf16-website-login.neutral.ttwstatic.com/obj/tiktok_web_login_static/tiktok/webapp/main/react-v18/webapp-desktop/static/js/secsdk_runtime_bundler_1104_278fdf08.js:4:25458)
    at <anonymous> (https://sf16-website-login.neutral.ttwstatic.com/obj/tiktok_web_login_static/tiktok/webapp/main/react-v18/webapp-desktop/static/js/secsdk_runtime_bundler_1104_278fdf08.js:4:27736)
    at f (https://sf16-website-login.neutral.ttwstatic.com/obj/tiktok_web_login_static/tiktok/webapp/main/react-v18/webapp-desktop/static/js/secsdk_runtime_bundler_1104_278fdf08.js:4:3652)
    at <anonymous> (https://sf16-website-login.neutral.ttwstatic.com/obj/tiktok_web_login_static/tiktok/webapp/main/react-v18/webapp-desktop/static/js/secsdk_runtime_bundler_1104_278fdf08.js:4:4998)
    at <anonymous> (https://sf16-website-login.neutral.ttwstatic.com/obj/tiktok_web_login_static/tiktok/webapp/main/react-v18/webapp-desktop/static/js/secsdk_runtime_bundler_1104_278fdf08.js:4:4081)
    at a (https://sf16-website-login.neutral.ttwstatic.com/obj/tiktok_web_login_static/tiktok/webapp/main/react-v18/webapp-desktop/static/js/secsdk_runtime_bundler_1104_278fdf08.js:4:457)
    at c (https://sf16-website-login.neutral.ttwstatic.com/obj/tiktok_web_login_static/tiktok/webapp/main/react-v18/webapp-desktop/static/js/secsdk_runtime_bundler_1104_278fdf08.js:4:660)
    at <anonymous> (https://sf16-website-login.neutral.ttwstatic.com/obj/tiktok_web_login_static/tiktok/webapp/main/react-v18/webapp-desktop/static/js/secsdk_runtime_bundler_1104_278fdf08.js:4:719)
    at <anonymous> (https://sf16-website-login.neutral.ttwstatic.com/obj/tiktok_web_login_static/tiktok/webapp/main/react-v18/webapp-desktop/static/js/secsdk_runtime_bundler_1104_278fdf08.js:4:600)
    at <anonymous> (https://sf16-website-login.neutral.ttwstatic.com/obj/tiktok_web_login_static/tiktok/webapp/main/react-v18/webapp-desktop/static/js/secsdk_runtime_bundler_1104_278fdf08.js:4:29201)
    at value (https://sf16-website-login.neutral.ttwstatic.com/obj/tiktok_web_login_static/tiktok/webapp/main/react-v18/webapp-desktop/static/js/secsdk_runtime_bundler_1104_278fdf08.js:4:27589)
    at value (https://sf16-website-login.neutral.ttwstatic.com/obj/tiktok_web_login_static/tiktok/webapp/main/react-v18/webapp-desktop/static/js/secsdk_runtime_bundler_1104_278fdf08.js:4:27184)
    at value (https://sf16-website-login.neutral.ttwstatic.com/obj/tiktok_web_login_static/tiktok/webapp/main/react-v18/webapp-desktop/static/js/secsdk_runtime_bundler_1104_278fdf08.js:4:42112)
    at value (https://sf16-website-login.neutral.ttwstatic.com/obj/tiktok_web_login_static/tiktok/webapp/main/react-v18/webapp-desktop/static/js/secsdk_runtime_bundler_1104_278fdf08.js:4:42419)
    at window.registToModule (https://sf16-website-login.neutral.ttwstatic.com/obj/tiktok_web_login_static/tiktok/webapp/main/react-v18/webapp-desktop/static/js/secsdk_runtime_bundler_1104_278fdf08.js:4:16240)
    at <anonymous> (https://sf16-website-login.neutral.ttwstatic.com/obj/tiktok_web_login_static/tiktok/webapp/main/react-v18/webapp-desktop/static/js/secsdk_runtime_bundler_1104_278fdf08.js:29:67)
[    2060ms] Uncaught TypeError: Cannot read properties of undefined (reading 'includes')
    at l.getConfigRegion (https://sf16-website-login.neutral.ttwstatic.com/obj/tiktok_web_login_static/tiktok/webapp/main/react-v18/webapp-desktop/static/js/secsdk_runtime_bundler_1104_278fdf08.js:4:25349)
    at l.gerReportUrl (https://sf16-website-login.neutral.ttwstatic.com/obj/tiktok_web_login_static/tiktok/webapp/main/react-v18/webapp-desktop/static/js/secsdk_runtime_bundler_1104_278fdf08.js:4:25458)
    at <anonymous> (https://sf16-website-login.neutral.ttwstatic.com/obj/tiktok_web_login_static/tiktok/webapp/main/react-v18/webapp-desktop/static/js/secsdk_runtime_bundler_1104_278fdf08.js:4:35220)
    at s (https://sf16-website-login.neutral.ttwstatic.com/obj/tiktok_web_login_static/tiktok/webapp/main/react-v18/webapp-desktop/static/js/secsdk_runtime_bundler_1104_278fdf08.js:4:35120)
[    2065ms] Uncaught TypeError: Cannot read properties of undefined (reading 'includes')
    at l.getConfigRegion (https://sf16-website-login.neutral.ttwstatic.com/obj/tiktok_web_login_static/tiktok/webapp/main/react-v18/webapp-desktop/static/js/secsdk_runtime_bundler_1104_278fdf08.js:4:25349)
    at l.gerReportUrl (https://sf16-website-login.neutral.ttwstatic.com/obj/tiktok_web_login_static/tiktok/webapp/main/react-v18/webapp-desktop/static/js/secsdk_runtime_bundler_1104_278fdf08.js:4:25458)
    at <anonymous> (https://sf16-website-login.neutral.ttwstatic.com/obj/tiktok_web_login_static/tiktok/webapp/main/react-v18/webapp-desktop/static/js/secsdk_runtime_bundler_1104_278fdf08.js:4:35220)
    at s (https://sf16-website-login.neutral.ttwstatic.com/obj/tiktok_web_login_static/tiktok/webapp/main/react-v18/webapp-desktop/static/js/secsdk_runtime_bundler_1104_278fdf08.js:4:35120)
[    2086ms] Uncaught TypeError: Cannot read properties of undefined (reading 'includes')
    at l.getConfigRegion (https://sf16-website-login.neutral.ttwstatic.com/obj/tiktok_web_login_static/tiktok/webapp/main/react-v18/webapp-desktop/static/js/secsdk_runtime_bundler_1104_278fdf08.js:4:25349)
    at l.gerReportUrl (https://sf16-website-login.neutral.ttwstatic.com/obj/tiktok_web_login_static/tiktok/webapp/main/react-v18/webapp-desktop/static/js/secsdk_runtime_bundler_1104_278fdf08.js:4:25458)
    at <anonymous> (https://sf16-website-login.neutral.ttwstatic.com/obj/tiktok_web_login_static/tiktok/webapp/main/react-v18/webapp-desktop/static/js/secsdk_runtime_bundler_1104_278fdf08.js:4:35220)
    at s (https://sf16-website-login.neutral.ttwstatic.com/obj/tiktok_web_login_static/tiktok/webapp/main/react-v18/webapp-desktop/static/js/secsdk_runtime_bundler_1104_278fdf08.js:4:35120)
[    2104ms] Uncaught TypeError: Cannot read properties of undefined (reading 'includes')
    at l.getConfigRegion (https://sf16-website-login.neutral.ttwstatic.com/obj/tiktok_web_login_static/tiktok/webapp/main/react-v18/webapp-desktop/static/js/secsdk_runtime_bundler_1104_278fdf08.js:4:25349)
    at l.gerReportUrl (https://sf16-website-login.neutral.ttwstatic.com/obj/tiktok_web_login_static/tiktok/webapp/main/react-v18/webapp-desktop/static/js/secsdk_runtime_bundler_1104_278fdf08.js:4:25458)
    at <anonymous> (https://sf16-website-login.neutral.ttwstatic.com/obj/tiktok_web_login_static/tiktok/webapp/main/react-v18/webapp-desktop/static/js/secsdk_runtime_bundler_1104_278fdf08.js:4:35220)
    at s (https://sf16-website-login.neutral.ttwstatic.com/obj/tiktok_web_login_static/tiktok/webapp/main/react-v18/webapp-desktop/static/js/secsdk_runtime_bundler_1104_278fdf08.js:4:35120)
[    2122ms] Uncaught TypeError: Cannot read properties of undefined (reading 'includes')
    at l.getConfigRegion (https://sf16-website-login.neutral.ttwstatic.com/obj/tiktok_web_login_static/tiktok/webapp/main/react-v18/webapp-desktop/static/js/secsdk_runtime_bundler_1104_278fdf08.js:4:25349)
    at l.gerReportUrl (https://sf16-website-login.neutral.ttwstatic.com/obj/tiktok_web_login_static/tiktok/webapp/main/react-v18/webapp-desktop/static/js/secsdk_runtime_bundler_1104_278fdf08.js:4:25458)
    at <anonymous> (https://sf16-website-login.neutral.ttwstatic.com/obj/tiktok_web_login_static/tiktok/webapp/main/react-v18/webapp-desktop/static/js/secsdk_runtime_bundler_1104_278fdf08.js:4:35220)
    at s (https://sf16-website-login.neutral.ttwstatic.com/obj/tiktok_web_login_static/tiktok/webapp/main/react-v18/webapp-desktop/static/js/secsdk_runtime_bundler_1104_278fdf08.js:4:35120)
[    2178ms] [INFO] . @ https://sf16-website-login.neutral.ttwstatic.com/obj/tiktok_web_login_static/webmssdk/1.0.0.374/webmssdk.js:0
[    2189ms] Uncaught TypeError: Cannot read properties of undefined (reading 'includes')
    at l.getConfigRegion (https://sf16-website-login.neutral.ttwstatic.com/obj/tiktok_web_login_static/tiktok/webapp/main/react-v18/webapp-desktop/static/js/secsdk_runtime_bundler_1104_278fdf08.js:4:25349)
    at l.gerReportUrl (https://sf16-website-login.neutral.ttwstatic.com/obj/tiktok_web_login_static/tiktok/webapp/main/react-v18/webapp-desktop/static/js/secsdk_runtime_bundler_1104_278fdf08.js:4:25458)
    at <anonymous> (https://sf16-website-login.neutral.ttwstatic.com/obj/tiktok_web_login_static/tiktok/webapp/main/react-v18/webapp-desktop/static/js/secsdk_runtime_bundler_1104_278fdf08.js:4:35220)
    at s (https://sf16-website-login.neutral.ttwstatic.com/obj/tiktok_web_login_static/tiktok/webapp/main/react-v18/webapp-desktop/static/js/secsdk_runtime_bundler_1104_278fdf08.js:4:35120)
[    2274ms] Uncaught TypeError: Cannot read properties of undefined (reading 'includes')
    at l.getConfigRegion (https://sf16-website-login.neutral.ttwstatic.com/obj/tiktok_web_login_static/tiktok/webapp/main/react-v18/webapp-desktop/static/js/secsdk_runtime_bundler_1104_278fdf08.js:4:25349)
    at l.gerReportUrl (https://sf16-website-login.neutral.ttwstatic.com/obj/tiktok_web_login_static/tiktok/webapp/main/react-v18/webapp-desktop/static/js/secsdk_runtime_bundler_1104_278fdf08.js:4:25458)
    at <anonymous> (https://sf16-website-login.neutral.ttwstatic.com/obj/tiktok_web_login_static/tiktok/webapp/main/react-v18/webapp-desktop/static/js/secsdk_runtime_bundler_1104_278fdf08.js:4:35220)
    at s (https://sf16-website-login.neutral.ttwstatic.com/obj/tiktok_web_login_static/tiktok/webapp/main/react-v18/webapp-desktop/static/js/secsdk_runtime_bundler_1104_278fdf08.js:4:35120)
[    2283ms] [WARNING] Reflect is already polyfilled. @ https://sf16-website-login.neutral.ttwstatic.com/obj/tiktok_web_login_static/tiktok/webapp/main/react-v18/webapp-desktop/static/js/webapp-desktop.d69e4fd6.js:0
[    2320ms] [WARNING] AppContext will be overwritten @ https://sf16-website-login.neutral.ttwstatic.com/obj/tiktok_web_login_static/tiktok/webapp/main/react-v18/webapp-desktop/static/js/webapp-desktop.d69e4fd6.js:0
[    2320ms] [WARNING] AppContext will be overwritten @ https://sf16-website-login.neutral.ttwstatic.com/obj/tiktok_web_login_static/tiktok/webapp/main/react-v18/webapp-desktop/static/js/webapp-desktop.d69e4fd6.js:0
[    2320ms] [WARNING] AppContext will be overwritten @ https://sf16-website-login.neutral.ttwstatic.com/obj/tiktok_web_login_static/tiktok/webapp/main/react-v18/webapp-desktop/static/js/webapp-desktop.d69e4fd6.js:0
[    2321ms] [WARNING] AppContext will be overwritten @ https://sf16-website-login.neutral.ttwstatic.com/obj/tiktok_web_login_static/tiktok/webapp/main/react-v18/webapp-desktop/static/js/webapp-desktop.d69e4fd6.js:0
[    2321ms] [WARNING] AppContext will be overwritten @ https://sf16-website-login.neutral.ttwstatic.com/obj/tiktok_web_login_static/tiktok/webapp/main/react-v18/webapp-desktop/static/js/webapp-desktop.d69e4fd6.js:0
[    2323ms] [WARNING] AppContext will be overwritten @ https://sf16-website-login.neutral.ttwstatic.com/obj/tiktok_web_login_static/tiktok/webapp/main/react-v18/webapp-desktop/static/js/webapp-desktop.d69e4fd6.js:0
[    2323ms] [WARNING] AppContext will be overwritten @ https://sf16-website-login.neutral.ttwstatic.com/obj/tiktok_web_login_static/tiktok/webapp/main/react-v18/webapp-desktop/static/js/webapp-desktop.d69e4fd6.js:0
[    2323ms] [WARNING] AppContext will be overwritten @ https://sf16-website-login.neutral.ttwstatic.com/obj/tiktok_web_login_static/tiktok/webapp/main/react-v18/webapp-desktop/static/js/webapp-desktop.d69e4fd6.js:0
[    2324ms] [WARNING] AppContext will be overwritten @ https://sf16-website-login.neutral.ttwstatic.com/obj/tiktok_web_login_static/tiktok/webapp/main/react-v18/webapp-desktop/static/js/webapp-desktop.d69e4fd6.js:0
[    2338ms] [WARNING] AppContext will be overwritten @ https://sf16-website-login.neutral.ttwstatic.com/obj/tiktok_web_login_static/tiktok/webapp/main/react-v18/webapp-desktop/static/js/webapp-desktop.d69e4fd6.js:0
[    2341ms] [WARNING] AppContext will be overwritten @ https://sf16-website-login.neutral.ttwstatic.com/obj/tiktok_web_login_static/tiktok/webapp/main/react-v18/webapp-desktop/static/js/webapp-desktop.d69e4fd6.js:0
[    2341ms] [WARNING] loadable: `loadableReady()` requires state, please use `getScriptTags` or `getScriptElements` server-side @ https://sf16-website-login.neutral.ttwstatic.com/obj/tiktok_web_login_static/tiktok/webapp/main/react-v18/webapp-desktop/static/js/77750.55abd95f.js:1
[    2343ms] Uncaught TypeError: Cannot read properties of undefined (reading 'includes')
    at l.getConfigRegion (https://sf16-website-login.neutral.ttwstatic.com/obj/tiktok_web_login_static/tiktok/webapp/main/react-v18/webapp-desktop/static/js/secsdk_runtime_bundler_1104_278fdf08.js:4:25349)
    at l.gerReportUrl (https://sf16-website-login.neutral.ttwstatic.com/obj/tiktok_web_login_static/tiktok/webapp/main/react-v18/webapp-desktop/static/js/secsdk_runtime_bundler_1104_278fdf08.js:4:25458)
    at <anonymous> (https://sf16-website-login.neutral.ttwstatic.com/obj/tiktok_web_login_static/tiktok/webapp/main/react-v18/webapp-desktop/static/js/secsdk_runtime_bundler_1104_278fdf08.js:4:35220)
    at s (https://sf16-website-login.neutral.ttwstatic.com/obj/tiktok_web_login_static/tiktok/webapp/main/react-v18/webapp-desktop/static/js/secsdk_runtime_bundler_1104_278fdf08.js:4:35120)
[    2361ms] [LOG] %c %s color: yellow; background-color: black; [instance: default] appid: 1988, userInfo:{"user_unique_id":"7649786990460012039","user_type":12,"user_id":"7598222841687163921","user_is_login":true,"device_id":"7649786990460012039"} @ https://sf16-website-login.neutral.ttwstatic.com/obj/tiktok_web_login_static/webmssdk/1.0.0.374/webmssdk.js:0
[    2361ms] [LOG] %c %s color: yellow; background-color: black; [instance: default] appid: 1988, sdk is ready, version is 5.3.17, you can report now !!! @ https://sf16-website-login.neutral.ttwstatic.com/obj/tiktok_web_login_static/webmssdk/1.0.0.374/webmssdk.js:0
[    2374ms] Uncaught TypeError: Cannot read properties of undefined (reading 'includes')
    at l.getConfigRegion (https://sf16-website-login.neutral.ttwstatic.com/obj/tiktok_web_login_static/tiktok/webapp/main/react-v18/webapp-desktop/static/js/secsdk_runtime_bundler_1104_278fdf08.js:4:25349)
    at l.gerReportUrl (https://sf16-website-login.neutral.ttwstatic.com/obj/tiktok_web_login_static/tiktok/webapp/main/react-v18/webapp-desktop/static/js/secsdk_runtime_bundler_1104_278fdf08.js:4:25458)
    at <anonymous> (https://sf16-website-login.neutral.ttwstatic.com/obj/tiktok_web_login_static/tiktok/webapp/main/react-v18/webapp-desktop/static/js/secsdk_runtime_bundler_1104_278fdf08.js:4:35220)
    at s (https://sf16-website-login.neutral.ttwstatic.com/obj/tiktok_web_login_static/tiktok/webapp/main/react-v18/webapp-desktop/static/js/secsdk_runtime_bundler_1104_278fdf08.js:4:35120)
[    2375ms] [LOG] TypeError: Cannot read properties of null (reading 'toString')
    at main (https://sf16-website-login.neutral.ttwstatic.com/obj/tiktok_web_login_static/tiktok/webapp/main/react-v18/webapp-desktop/static/js/secsdk_runtime_bundler_1104_278fdf08.js:110:142)
    at postMessageOriginCheckExpression (https://sf16-website-login.neutral.ttwstatic.com/obj/tiktok_web_login_static/tiktok/webapp/main/react-v18/webapp-desktop/static/js/secsdk_runtime_bundler_1104_278fdf08.js:114:8)
    at e.value (https://sf16-website-login.neutral.ttwstatic.com/obj/tiktok_web_login_static/tiktok/webapp/main/react-v18/webapp-desktop/static/js/secsdk_runtime_bundler_1104_278fdf08.js:5:32209)
    at e.value (https://sf16-website-login.neutral.ttwstatic.com/obj/tiktok_web_login_static/tiktok/webapp/main/react-v18/webapp-desktop/static/js/secsdk_runtime_bundler_1104_278fdf08.js:5:34177)
    at MessagePort.s (https://sf16-website-login.neutral.ttwstatic.com/obj/tiktok_web_login_static/tiktok/webapp/main/react-v18/webapp-desktop/static/js/secsdk_runtime_bundler_1104_278fdf08.js:5:35519) @ https://sf16-website-login.neutral.ttwstatic.com/obj/tiktok_web_login_static/webmssdk/1.0.0.374/webmssdk.js:0
[    2506ms] Uncaught (in promise) TypeError: Cannot read properties of undefined (reading 'includes')
    at l.getConfigRegion (https://sf16-website-login.neutral.ttwstatic.com/obj/tiktok_web_login_static/tiktok/webapp/main/react-v18/webapp-desktop/static/js/secsdk_runtime_bundler_1104_278fdf08.js:4:25349)
    at l.gerReportUrl (https://sf16-website-login.neutral.ttwstatic.com/obj/tiktok_web_login_static/tiktok/webapp/main/react-v18/webapp-desktop/static/js/secsdk_runtime_bundler_1104_278fdf08.js:4:25458)
    at <anonymous> (https://sf16-website-login.neutral.ttwstatic.com/obj/tiktok_web_login_static/tiktok/webapp/main/react-v18/webapp-desktop/static/js/secsdk_runtime_bundler_1104_278fdf08.js:4:27736)
    at f (https://sf16-website-login.neutral.ttwstatic.com/obj/tiktok_web_login_static/tiktok/webapp/main/react-v18/webapp-desktop/static/js/secsdk_runtime_bundler_1104_278fdf08.js:4:3652)
    at <anonymous> (https://sf16-website-login.neutral.ttwstatic.com/obj/tiktok_web_login_static/tiktok/webapp/main/react-v18/webapp-desktop/static/js/secsdk_runtime_bundler_1104_278fdf08.js:4:4998)
    at <anonymous> (https://sf16-website-login.neutral.ttwstatic.com/obj/tiktok_web_login_static/tiktok/webapp/main/react-v18/webapp-desktop/static/js/secsdk_runtime_bundler_1104_278fdf08.js:4:4081)
    at a (https://sf16-website-login.neutral.ttwstatic.com/obj/tiktok_web_login_static/tiktok/webapp/main/react-v18/webapp-desktop/static/js/secsdk_runtime_bundler_1104_278fdf08.js:4:457)
    at c (https://sf16-website-login.neutral.ttwstatic.com/obj/tiktok_web_login_static/tiktok/webapp/main/react-v18/webapp-desktop/static/js/secsdk_runtime_bundler_1104_278fdf08.js:4:660)
    at <anonymous> (https://sf16-website-login.neutral.ttwstatic.com/obj/tiktok_web_login_static/tiktok/webapp/main/react-v18/webapp-desktop/static/js/secsdk_runtime_bundler_1104_278fdf08.js:4:719)
    at <anonymous> (https://sf16-website-login.neutral.ttwstatic.com/obj/tiktok_web_login_static/tiktok/webapp/main/react-v18/webapp-desktop/static/js/secsdk_runtime_bundler_1104_278fdf08.js:4:600)
    at <anonymous> (https://sf16-website-login.neutral.ttwstatic.com/obj/tiktok_web_login_static/tiktok/webapp/main/react-v18/webapp-desktop/static/js/secsdk_runtime_bundler_1104_278fdf08.js:4:29201)
    at value (https://sf16-website-login.neutral.ttwstatic.com/obj/tiktok_web_login_static/tiktok/webapp/main/react-v18/webapp-desktop/static/js/secsdk_runtime_bundler_1104_278fdf08.js:4:27589)
    at value (https://sf16-website-login.neutral.ttwstatic.com/obj/tiktok_web_login_static/tiktok/webapp/main/react-v18/webapp-desktop/static/js/secsdk_runtime_bundler_1104_278fdf08.js:4:27184)
    at me (https://sf16-website-login.neutral.ttwstatic.com/obj/tiktok_web_login_static/tiktok/webapp/main/react-v18/webapp-desktop/static/js/secsdk_runtime_bundler_1104_278fdf08.js:4:31008)
    at ge (https://sf16-website-login.neutral.ttwstatic.com/obj/tiktok_web_login_static/tiktok/webapp/main/react-v18/webapp-desktop/static/js/secsdk_runtime_bundler_1104_278fdf08.js:4:31262)
    at value (https://sf16-website-login.neutral.ttwstatic.com/obj/tiktok_web_login_static/tiktok/webapp/main/react-v18/webapp-desktop/static/js/secsdk_runtime_bundler_1104_278fdf08.js:4:32352)
    at value (https://sf16-website-login.neutral.ttwstatic.com/obj/tiktok_web_login_static/tiktok/webapp/main/react-v18/webapp-desktop/static/js/secsdk_runtime_bundler_1104_278fdf08.js:4:34176)
    at s (https://sf16-website-login.neutral.ttwstatic.com/obj/tiktok_web_login_static/tiktok/webapp/main/react-v18/webapp-desktop/static/js/secsdk_runtime_bundler_1104_278fdf08.js:4:35518)
[    2937ms] [WARNING] [i18n] missing key [en] Webapp Close_button Close_button @ https://sf16-website-login.neutral.ttwstatic.com/obj/tiktok_web_login_static/tiktok/webapp/main/react-v18/webapp-desktop/static/js/biz.common.lib.7eac74a6.js:0
[    2995ms] [WARNING] filter merge event: sibyl_sdk_collector_init_result error, pls check Converting circular structure to JSON
    --> starting at object with constructor 'e'
    |     property 'pluginInstances' -> object with constructor 'Array'
    |     index 0 -> object with constructor 'e'
    --- property 'collect' closes the circle @ https://sf16-website-login.neutral.ttwstatic.com/obj/tiktok_web_login_static/tiktok/webapp/main/react-v18/webapp-desktop/static/js/npm-dp-byted-tea-sdk-oversea.f4e273c4.js:0
[    2995ms] [LOG] %c %s color: yellow; background-color: black; [instance: sibylSdkTea] appid: 594856, userInfo:{"user_unique_id":"7649796668971861512","web_id":"7649796668971861512"} @ https://sf16-website-login.neutral.ttwstatic.com/obj/tiktok_web_login_static/webmssdk/1.0.0.374/webmssdk.js:0
[    2995ms] [LOG] %c %s color: yellow; background-color: black; [instance: sibylSdkTea] appid: 594856, sdk is ready, version is 5.3.17, you can report now !!! @ https://sf16-website-login.neutral.ttwstatic.com/obj/tiktok_web_login_static/webmssdk/1.0.0.374/webmssdk.js:0
[    3875ms] [LOG] ws.opened @ https://sf16-website-login.neutral.ttwstatic.com/obj/tiktok_web_login_static/webmssdk/1.0.0.374/webmssdk.js:0
[    3933ms] Uncaught (in promise) TypeError: a.init is not a function
    at <anonymous> (https://sf16-website-login.neutral.ttwstatic.com/obj/tiktok_web_login_static/tiktok/webapp/main/react-v18/webapp-desktop/static/js/async/64887.ba0a9df5.js:1:544240)
    at l (https://sf16-website-login.neutral.ttwstatic.com/obj/tiktok_web_login_static/tiktok/webapp/main/react-v18/webapp-desktop/static/js/async/64887.ba0a9df5.js:1:537334)
    at <anonymous> (https://sf16-website-login.neutral.ttwstatic.com/obj/tiktok_web_login_static/tiktok/webapp/main/react-v18/webapp-desktop/static/js/async/64887.ba0a9df5.js:1:538691)
    at <anonymous> (https://sf16-website-login.neutral.ttwstatic.com/obj/tiktok_web_login_static/tiktok/webapp/main/react-v18/webapp-desktop/static/js/async/64887.ba0a9df5.js:1:537727)
    at <anonymous> (https://sf16-website-login.neutral.ttwstatic.com/obj/tiktok_web_login_static/tiktok/webapp/main/react-v18/webapp-desktop/static/js/77750.55abd95f.js:4:181765)
    at p (https://sf16-website-login.neutral.ttwstatic.com/obj/tiktok_web_login_static/tiktok/webapp/main/react-v18/webapp-desktop/static/js/77750.55abd95f.js:4:181562)
    at value (https://sf16-website-login.neutral.ttwstatic.com/obj/tiktok_web_login_static/tiktok/webapp/main/react-v18/webapp-desktop/static/js/async/64887.ba0a9df5.js:1:543780)
    at value (https://sf16-website-login.neutral.ttwstatic.com/obj/tiktok_web_login_static/tiktok/webapp/main/react-v18/webapp-desktop/static/js/async/64887.ba0a9df5.js:1:543659)
    at <anonymous> (https://sf16-website-login.neutral.ttwstatic.com/obj/tiktok_web_login_static/tiktok/webapp/main/react-v18/webapp-desktop/static/js/async/64887.ba0a9df5.js:1:616448)
    at l (https://sf16-website-login.neutral.ttwstatic.com/obj/tiktok_web_login_static/tiktok/webapp/main/react-v18/webapp-desktop/static/js/async/64887.ba0a9df5.js:1:608637)
    at <anonymous> (https://sf16-website-login.neutral.ttwstatic.com/obj/tiktok_web_login_static/tiktok/webapp/main/react-v18/webapp-desktop/static/js/async/64887.ba0a9df5.js:1:609994)
    at <anonymous> (https://sf16-website-login.neutral.ttwstatic.com/obj/tiktok_web_login_static/tiktok/webapp/main/react-v18/webapp-desktop/static/js/async/64887.ba0a9df5.js:1:609030)
    at a (https://sf16-website-login.neutral.ttwstatic.com/obj/tiktok_web_login_static/tiktok/webapp/main/react-v18/webapp-desktop/static/js/77750.55abd95f.js:4:181618)
[    4667ms] [LOG] %c %s color: yellow; background-color: black; [instance: cookie_banner_tea_sdk] appid: 345918, userInfo:{"user_unique_id":"7649787001097504274","web_id":"7649787001097504274"} @ https://sf16-website-login.neutral.ttwstatic.com/obj/tiktok_web_login_static/webmssdk/1.0.0.374/webmssdk.js:0
[    4667ms] [LOG] %c %s color: yellow; background-color: black; [instance: cookie_banner_tea_sdk] appid: 345918, sdk is ready, version is 5.3.17, you can report now !!! @ https://sf16-website-login.neutral.ttwstatic.com/obj/tiktok_web_login_static/webmssdk/1.0.0.374/webmssdk.js:0
[    4753ms] [WARNING] The 'deprecatedStyle' prop is deprecated. Please use the associated style props instead (e.g. "marginInline", "flex") @ https://sf16-website-login.neutral.ttwstatic.com/obj/tiktok_web_login_static/tiktok/webapp/main/react-v18/webapp-desktop/static/js/async/16119.40946b1b.js:0
[    4812ms] [WARNING] The 'deprecatedStyle' prop is deprecated. Please use the associated style props instead (e.g. "marginInline", "flex") @ https://sf16-website-login.neutral.ttwstatic.com/obj/tiktok_web_login_static/tiktok/webapp/main/react-v18/webapp-desktop/static/js/async/16119.40946b1b.js:0
[    4864ms] [WARNING] The 'deprecatedStyle' prop is deprecated. Please use the associated style props instead (e.g. "marginInline", "flex") @ https://sf16-website-login.neutral.ttwstatic.com/obj/tiktok_web_login_static/tiktok/webapp/main/react-v18/webapp-desktop/static/js/async/16119.40946b1b.js:0
[    6845ms] [WARNING] The 'deprecatedStyle' prop is deprecated. Please use the associated style props instead (e.g. "marginInline", "flex") @ https://sf16-website-login.neutral.ttwstatic.com/obj/tiktok_web_login_static/tiktok/webapp/main/react-v18/webapp-desktop/static/js/async/16119.40946b1b.js:0
[   17652ms] [WARNING] The resource https://sf16-website-login.neutral.ttwstatic.com/obj/tiktok_web_login_static/tiktok/web/tiktok_fe_login_vmok/static/js/async/__federation_expose_pure.7bb71833.js was preloaded using link preload but not used within a few seconds from the window's load event. Please make sure it has an appropriate `as` value and it is preloaded intentionally. @ https://www.tiktok.com/@hegawystores?lang=en:0
[   17652ms] [WARNING] The resource https://sf16-website-login.neutral.ttwstatic.com/obj/tiktok_web_login_static/tiktok/web/tiktok_fe_login_vmok/static/js/async/3911.77069edd.js was preloaded using link preload but not used within a few seconds from the window's load event. Please make sure it has an appropriate `as` value and it is preloaded intentionally. @ https://www.tiktok.com/@hegawystores?lang=en:0
[   17652ms] [WARNING] The resource https://sf16-website-login.neutral.ttwstatic.com/obj/tiktok_web_login_static/tiktok/web/tiktok_fe_login_vmok/static/js/async/1265.abf06e8b.js was preloaded using link preload but not used within a few seconds from the window's load event. Please make sure it has an appropriate `as` value and it is preloaded intentionally. @ https://www.tiktok.com/@hegawystores?lang=en:0
[   17652ms] [WARNING] The resource https://sf16-website-login.neutral.ttwstatic.com/obj/tiktok_web_login_static/tiktok/web/tiktok_fe_login_vmok/static/js/async/5613.8d5871a3.js was preloaded using link preload but not used within a few seconds from the window's load event. Please make sure it has an appropriate `as` value and it is preloaded intentionally. @ https://www.tiktok.com/@hegawystores?lang=en:0
[   17652ms] [WARNING] The resource https://sf16-website-login.neutral.ttwstatic.com/obj/tiktok_web_login_static/tiktok/web/tiktok_fe_login_vmok/static/js/async/1775.2141490f.js was preloaded using link preload but not used within a few seconds from the window's load event. Please make sure it has an appropriate `as` value and it is preloaded intentionally. @ https://www.tiktok.com/@hegawystores?lang=en:0
[   17652ms] [WARNING] The resource https://sf16-website-login.neutral.ttwstatic.com/obj/tiktok_web_login_static/tiktok/web/tiktok_fe_login_vmok/static/js/async/argus-builder-strategy.3e97a26f.js was preloaded using link preload but not used within a few seconds from the window's load event. Please make sure it has an appropriate `as` value and it is preloaded intentionally. @ https://www.tiktok.com/@hegawystores?lang=en:0
[   17652ms] [WARNING] The resource https://sf16-website-login.neutral.ttwstatic.com/obj/tiktok_web_login_static/tiktok/web/tiktok_fe_login_vmok/static/js/async/6869.bf0826a7.js was preloaded using link preload but not used within a few seconds from the window's load event. Please make sure it has an appropriate `as` value and it is preloaded intentionally. @ https://www.tiktok.com/@hegawystores?lang=en:0
[   17652ms] [WARNING] The resource https://sf16-website-login.neutral.ttwstatic.com/obj/tiktok_web_login_static/tiktok/web/tiktok_fe_login_vmok/static/js/async/6552.fd94ddd5.js was preloaded using link preload but not used within a few seconds from the window's load event. Please make sure it has an appropriate `as` value and it is preloaded intentionally. @ https://www.tiktok.com/@hegawystores?lang=en:0
[   17652ms] [WARNING] The resource https://sf16-website-login.neutral.ttwstatic.com/obj/tiktok_web_login_static/tiktok/web/tiktok_fe_login_vmok/static/js/async/lib-axios.68812c5b.js was preloaded using link preload but not used within a few seconds from the window's load event. Please make sure it has an appropriate `as` value and it is preloaded intentionally. @ https://www.tiktok.com/@hegawystores?lang=en:0
[   28200ms] [WARNING] The resource https://sf16-website-login.neutral.ttwstatic.com/obj/tiktok_web_login_static/tiktok/web/tiktok_fe_login_vmok/static/js/async/__federation_expose_pure.7bb71833.js was preloaded using link preload but not used within a few seconds from the window's load event. Please make sure it has an appropriate `as` value and it is preloaded intentionally. @ https://www.tiktok.com/@hegawystores?lang=en:0
[   28200ms] [WARNING] The resource https://sf16-website-login.neutral.ttwstatic.com/obj/tiktok_web_login_static/tiktok/web/tiktok_fe_login_vmok/static/js/async/3911.77069edd.js was preloaded using link preload but not used within a few seconds from the window's load event. Please make sure it has an appropriate `as` value and it is preloaded intentionally. @ https://www.tiktok.com/@hegawystores?lang=en:0
[   28200ms] [WARNING] The resource https://sf16-website-login.neutral.ttwstatic.com/obj/tiktok_web_login_static/tiktok/web/tiktok_fe_login_vmok/static/js/async/1265.abf06e8b.js was preloaded using link preload but not used within a few seconds from the window's load event. Please make sure it has an appropriate `as` value and it is preloaded intentionally. @ https://www.tiktok.com/@hegawystores?lang=en:0
[   28201ms] [WARNING] The resource https://sf16-website-login.neutral.ttwstatic.com/obj/tiktok_web_login_static/tiktok/web/tiktok_fe_login_vmok/static/js/async/5613.8d5871a3.js was preloaded using link preload but not used within a few seconds from the window's load event. Please make sure it has an appropriate `as` value and it is preloaded intentionally. @ https://www.tiktok.com/@hegawystores?lang=en:0
[   28201ms] [WARNING] The resource https://sf16-website-login.neutral.ttwstatic.com/obj/tiktok_web_login_static/tiktok/web/tiktok_fe_login_vmok/static/js/async/1775.2141490f.js was preloaded using link preload but not used within a few seconds from the window's load event. Please make sure it has an appropriate `as` value and it is preloaded intentionally. @ https://www.tiktok.com/@hegawystores?lang=en:0
[   28201ms] [WARNING] The resource https://sf16-website-login.neutral.ttwstatic.com/obj/tiktok_web_login_static/tiktok/web/tiktok_fe_login_vmok/static/js/async/argus-builder-strategy.3e97a26f.js was preloaded using link preload but not used within a few seconds from the window's load event. Please make sure it has an appropriate `as` value and it is preloaded intentionally. @ https://www.tiktok.com/@hegawystores?lang=en:0
[   28201ms] [WARNING] The resource https://sf16-website-login.neutral.ttwstatic.com/obj/tiktok_web_login_static/tiktok/web/tiktok_fe_login_vmok/static/js/async/6869.bf0826a7.js was preloaded using link preload but not used within a few seconds from the window's load event. Please make sure it has an appropriate `as` value and it is preloaded intentionally. @ https://www.tiktok.com/@hegawystores?lang=en:0
[   28201ms] [WARNING] The resource https://sf16-website-login.neutral.ttwstatic.com/obj/tiktok_web_login_static/tiktok/web/tiktok_fe_login_vmok/static/js/async/6552.fd94ddd5.js was preloaded using link preload but not used within a few seconds from the window's load event. Please make sure it has an appropriate `as` value and it is preloaded intentionally. @ https://www.tiktok.com/@hegawystores?lang=en:0
[   28201ms] [WARNING] The resource https://sf16-website-login.neutral.ttwstatic.com/obj/tiktok_web_login_static/tiktok/web/tiktok_fe_login_vmok/static/js/async/lib-axios.68812c5b.js was preloaded using link preload but not used within a few seconds from the window's load event. Please make sure it has an appropriate `as` value and it is preloaded intentionally. @ https://www.tiktok.com/@hegawystores?lang=en:0
[   32361ms] [ERROR] error Error: Timeout
    at https://sf16-website-login.neutral.ttwstatic.com/obj/tiktok_web_login_static/tiktok/webapp/main/react-v18/webapp-desktop/static/js/slardar.60eb93eb.js:2:77479 @ https://sf16-website-login.neutral.ttwstatic.com/obj/tiktok_web_login_static/tiktok/webapp/main/react-v18/webapp-desktop/static/js/webapp-desktop.d69e4fd6.js:0
[   38764ms] [WARNING] The resource https://sf16-website-login.neutral.ttwstatic.com/obj/tiktok_web_login_static/tiktok/web/tiktok_fe_login_vmok/static/js/async/__federation_expose_pure.7bb71833.js was preloaded using link preload but not used within a few seconds from the window's load event. Please make sure it has an appropriate `as` value and it is preloaded intentionally. @ https://www.tiktok.com/@hegawystores?lang=en:0
[   38764ms] [WARNING] The resource https://sf16-website-login.neutral.ttwstatic.com/obj/tiktok_web_login_static/tiktok/web/tiktok_fe_login_vmok/static/js/async/3911.77069edd.js was preloaded using link preload but not used within a few seconds from the window's load event. Please make sure it has an appropriate `as` value and it is preloaded intentionally. @ https://www.tiktok.com/@hegawystores?lang=en:0
[   38764ms] [WARNING] The resource https://sf16-website-login.neutral.ttwstatic.com/obj/tiktok_web_login_static/tiktok/web/tiktok_fe_login_vmok/static/js/async/1265.abf06e8b.js was preloaded using link preload but not used within a few seconds from the window's load event. Please make sure it has an appropriate `as` value and it is preloaded intentionally. @ https://www.tiktok.com/@hegawystores?lang=en:0
[   38764ms] [WARNING] The resource https://sf16-website-login.neutral.ttwstatic.com/obj/tiktok_web_login_static/tiktok/web/tiktok_fe_login_vmok/static/js/async/5613.8d5871a3.js was preloaded using link preload but not used within a few seconds from the window's load event. Please make sure it has an appropriate `as` value and it is preloaded intentionally. @ https://www.tiktok.com/@hegawystores?lang=en:0
[   38764ms] [WARNING] The resource https://sf16-website-login.neutral.ttwstatic.com/obj/tiktok_web_login_static/tiktok/web/tiktok_fe_login_vmok/static/js/async/1775.2141490f.js was preloaded using link preload but not used within a few seconds from the window's load event. Please make sure it has an appropriate `as` value and it is preloaded intentionally. @ https://www.tiktok.com/@hegawystores?lang=en:0
[   38764ms] [WARNING] The resource https://sf16-website-login.neutral.ttwstatic.com/obj/tiktok_web_login_static/tiktok/web/tiktok_fe_login_vmok/static/js/async/argus-builder-strategy.3e97a26f.js was preloaded using link preload but not used within a few seconds from the window's load event. Please make sure it has an appropriate `as` value and it is preloaded intentionally. @ https://www.tiktok.com/@hegawystores?lang=en:0
[   38764ms] [WARNING] The resource https://sf16-website-login.neutral.ttwstatic.com/obj/tiktok_web_login_static/tiktok/web/tiktok_fe_login_vmok/static/js/async/6869.bf0826a7.js was preloaded using link preload but not used within a few seconds from the window's load event. Please make sure it has an appropriate `as` value and it is preloaded intentionally. @ https://www.tiktok.com/@hegawystores?lang=en:0
[   38764ms] [WARNING] The resource https://sf16-website-login.neutral.ttwstatic.com/obj/tiktok_web_login_static/tiktok/web/tiktok_fe_login_vmok/static/js/async/6552.fd94ddd5.js was preloaded using link preload but not used within a few seconds from the window's load event. Please make sure it has an appropriate `as` value and it is preloaded intentionally. @ https://www.tiktok.com/@hegawystores?lang=en:0
[   38764ms] [WARNING] The resource https://sf16-website-login.neutral.ttwstatic.com/obj/tiktok_web_login_static/tiktok/web/tiktok_fe_login_vmok/static/js/async/lib-axios.68812c5b.js was preloaded using link preload but not used within a few seconds from the window's load event. Please make sure it has an appropriate `as` value and it is preloaded intentionally. @ https://www.tiktok.com/@hegawystores?lang=en:0
[   49371ms] [WARNING] The resource https://sf16-website-login.neutral.ttwstatic.com/obj/tiktok_web_login_static/tiktok/web/tiktok_fe_login_vmok/static/js/async/__federation_expose_pure.7bb71833.js was preloaded using link preload but not used within a few seconds from the window's load event. Please make sure it has an appropriate `as` value and it is preloaded intentionally. @ https://www.tiktok.com/@hegawystores?lang=en:0
[   49371ms] [WARNING] The resource https://sf16-website-login.neutral.ttwstatic.com/obj/tiktok_web_login_static/tiktok/web/tiktok_fe_login_vmok/static/js/async/3911.77069edd.js was preloaded using link preload but not used within a few seconds from the window's load event. Please make sure it has an appropriate `as` value and it is preloaded intentionally. @ https://www.tiktok.com/@hegawystores?lang=en:0
[   49371ms] [WARNING] The resource https://sf16-website-login.neutral.ttwstatic.com/obj/tiktok_web_login_static/tiktok/web/tiktok_fe_login_vmok/static/js/async/1265.abf06e8b.js was preloaded using link preload but not used within a few seconds from the window's load event. Please make sure it has an appropriate `as` value and it is preloaded intentionally. @ https://www.tiktok.com/@hegawystores?lang=en:0
[   49371ms] [WARNING] The resource https://sf16-website-login.neutral.ttwstatic.com/obj/tiktok_web_login_static/tiktok/web/tiktok_fe_login_vmok/static/js/async/5613.8d5871a3.js was preloaded using link preload but not used within a few seconds from the window's load event. Please make sure it has an appropriate `as` value and it is preloaded intentionally. @ https://www.tiktok.com/@hegawystores?lang=en:0
[   49371ms] [WARNING] The resource https://sf16-website-login.neutral.ttwstatic.com/obj/tiktok_web_login_static/tiktok/web/tiktok_fe_login_vmok/static/js/async/1775.2141490f.js was preloaded using link preload but not used within a few seconds from the window's load event. Please make sure it has an appropriate `as` value and it is preloaded intentionally. @ https://www.tiktok.com/@hegawystores?lang=en:0
[   49371ms] [WARNING] The resource https://sf16-website-login.neutral.ttwstatic.com/obj/tiktok_web_login_static/tiktok/web/tiktok_fe_login_vmok/static/js/async/argus-builder-strategy.3e97a26f.js was preloaded using link preload but not used within a few seconds from the window's load event. Please make sure it has an appropriate `as` value and it is preloaded intentionally. @ https://www.tiktok.com/@hegawystores?lang=en:0
[   49371ms] [WARNING] The resource https://sf16-website-login.neutral.ttwstatic.com/obj/tiktok_web_login_static/tiktok/web/tiktok_fe_login_vmok/static/js/async/6869.bf0826a7.js was preloaded using link preload but not used within a few seconds from the window's load event. Please make sure it has an appropriate `as` value and it is preloaded intentionally. @ https://www.tiktok.com/@hegawystores?lang=en:0
[   49371ms] [WARNING] The resource https://sf16-website-login.neutral.ttwstatic.com/obj/tiktok_web_login_static/tiktok/web/tiktok_fe_login_vmok/static/js/async/6552.fd94ddd5.js was preloaded using link preload but not used within a few seconds from the window's load event. Please make sure it has an appropriate `as` value and it is preloaded intentionally. @ https://www.tiktok.com/@hegawystores?lang=en:0
[   49371ms] [WARNING] The resource https://sf16-website-login.neutral.ttwstatic.com/obj/tiktok_web_login_static/tiktok/web/tiktok_fe_login_vmok/static/js/async/lib-axios.68812c5b.js was preloaded using link preload but not used within a few seconds from the window's load event. Please make sure it has an appropriate `as` value and it is preloaded intentionally. @ https://www.tiktok.com/@hegawystores?lang=en:0
[   59949ms] [WARNING] The resource https://sf16-website-login.neutral.ttwstatic.com/obj/tiktok_web_login_static/tiktok/web/tiktok_fe_login_vmok/static/js/async/__federation_expose_pure.7bb71833.js was preloaded using link preload but not used within a few seconds from the window's load event. Please make sure it has an appropriate `as` value and it is preloaded intentionally. @ https://www.tiktok.com/@hegawystores?lang=en:0
[   59949ms] [WARNING] The resource https://sf16-website-login.neutral.ttwstatic.com/obj/tiktok_web_login_static/tiktok/web/tiktok_fe_login_vmok/static/js/async/3911.77069edd.js was preloaded using link preload but not used within a few seconds from the window's load event. Please make sure it has an appropriate `as` value and it is preloaded intentionally. @ https://www.tiktok.com/@hegawystores?lang=en:0
[   59949ms] [WARNING] The resource https://sf16-website-login.neutral.ttwstatic.com/obj/tiktok_web_login_static/tiktok/web/tiktok_fe_login_vmok/static/js/async/1265.abf06e8b.js was preloaded using link preload but not used within a few seconds from the window's load event. Please make sure it has an appropriate `as` value and it is preloaded intentionally. @ https://www.tiktok.com/@hegawystores?lang=en:0
[   59949ms] [WARNING] The resource https://sf16-website-login.neutral.ttwstatic.com/obj/tiktok_web_login_static/tiktok/web/tiktok_fe_login_vmok/static/js/async/5613.8d5871a3.js was preloaded using link preload but not used within a few seconds from the window's load event. Please make sure it has an appropriate `as` value and it is preloaded intentionally. @ https://www.tiktok.com/@hegawystores?lang=en:0
[   59949ms] [WARNING] The resource https://sf16-website-login.neutral.ttwstatic.com/obj/tiktok_web_login_static/tiktok/web/tiktok_fe_login_vmok/static/js/async/1775.2141490f.js was preloaded using link preload but not used within a few seconds from the window's load event. Please make sure it has an appropriate `as` value and it is preloaded intentionally. @ https://www.tiktok.com/@hegawystores?lang=en:0
[   59949ms] [WARNING] The resource https://sf16-website-login.neutral.ttwstatic.com/obj/tiktok_web_login_static/tiktok/web/tiktok_fe_login_vmok/static/js/async/argus-builder-strategy.3e97a26f.js was preloaded using link preload but not used within a few seconds from the window's load event. Please make sure it has an appropriate `as` value and it is preloaded intentionally. @ https://www.tiktok.com/@hegawystores?lang=en:0
[   59950ms] [WARNING] The resource https://sf16-website-login.neutral.ttwstatic.com/obj/tiktok_web_login_static/tiktok/web/tiktok_fe_login_vmok/static/js/async/6869.bf0826a7.js was preloaded using link preload but not used within a few seconds from the window's load event. Please make sure it has an appropriate `as` value and it is preloaded intentionally. @ https://www.tiktok.com/@hegawystores?lang=en:0
[   59950ms] [WARNING] The resource https://sf16-website-login.neutral.ttwstatic.com/obj/tiktok_web_login_static/tiktok/web/tiktok_fe_login_vmok/static/js/async/6552.fd94ddd5.js was preloaded using link preload but not used within a few seconds from the window's load event. Please make sure it has an appropriate `as` value and it is preloaded intentionally. @ https://www.tiktok.com/@hegawystores?lang=en:0
[   59950ms] [WARNING] The resource https://sf16-website-login.neutral.ttwstatic.com/obj/tiktok_web_login_static/tiktok/web/tiktok_fe_login_vmok/static/js/async/lib-axios.68812c5b.js was preloaded using link preload but not used within a few seconds from the window's load event. Please make sure it has an appropriate `as` value and it is preloaded intentionally. @ https://www.tiktok.com/@hegawystores?lang=en:0
[   70535ms] [WARNING] The resource https://sf16-website-login.neutral.ttwstatic.com/obj/tiktok_web_login_static/tiktok/web/tiktok_fe_login_vmok/static/js/async/__federation_expose_pure.7bb71833.js was preloaded using link preload but not used within a few seconds from the window's load event. Please make sure it has an appropriate `as` value and it is preloaded intentionally. @ https://www.tiktok.com/@hegawystores?lang=en:0
[   70535ms] [WARNING] The resource https://sf16-website-login.neutral.ttwstatic.com/obj/tiktok_web_login_static/tiktok/web/tiktok_fe_login_vmok/static/js/async/3911.77069edd.js was preloaded using link preload but not used within a few seconds from the window's load event. Please make sure it has an appropriate `as` value and it is preloaded intentionally. @ https://www.tiktok.com/@hegawystores?lang=en:0
[   70535ms] [WARNING] The resource https://sf16-website-login.neutral.ttwstatic.com/obj/tiktok_web_login_static/tiktok/web/tiktok_fe_login_vmok/static/js/async/1265.abf06e8b.js was preloaded using link preload but not used within a few seconds from the window's load event. Please make sure it has an appropriate `as` value and it is preloaded intentionally. @ https://www.tiktok.com/@hegawystores?lang=en:0
[   70535ms] [WARNING] The resource https://sf16-website-login.neutral.ttwstatic.com/obj/tiktok_web_login_static/tiktok/web/tiktok_fe_login_vmok/static/js/async/5613.8d5871a3.js was preloaded using link preload but not used within a few seconds from the window's load event. Please make sure it has an appropriate `as` value and it is preloaded intentionally. @ https://www.tiktok.com/@hegawystores?lang=en:0
[   70535ms] [WARNING] The resource https://sf16-website-login.neutral.ttwstatic.com/obj/tiktok_web_login_static/tiktok/web/tiktok_fe_login_vmok/static/js/async/1775.2141490f.js was preloaded using link preload but not used within a few seconds from the window's load event. Please make sure it has an appropriate `as` value and it is preloaded intentionally. @ https://www.tiktok.com/@hegawystores?lang=en:0
[   70535ms] [WARNING] The resource https://sf16-website-login.neutral.ttwstatic.com/obj/tiktok_web_login_static/tiktok/web/tiktok_fe_login_vmok/static/js/async/argus-builder-strategy.3e97a26f.js was preloaded using link preload but not used within a few seconds from the window's load event. Please make sure it has an appropriate `as` value and it is preloaded intentionally. @ https://www.tiktok.com/@hegawystores?lang=en:0
[   70536ms] [WARNING] The resource https://sf16-website-login.neutral.ttwstatic.com/obj/tiktok_web_login_static/tiktok/web/tiktok_fe_login_vmok/static/js/async/6869.bf0826a7.js was preloaded using link preload but not used within a few seconds from the window's load event. Please make sure it has an appropriate `as` value and it is preloaded intentionally. @ https://www.tiktok.com/@hegawystores?lang=en:0
[   70536ms] [WARNING] The resource https://sf16-website-login.neutral.ttwstatic.com/obj/tiktok_web_login_static/tiktok/web/tiktok_fe_login_vmok/static/js/async/6552.fd94ddd5.js was preloaded using link preload but not used within a few seconds from the window's load event. Please make sure it has an appropriate `as` value and it is preloaded intentionally. @ https://www.tiktok.com/@hegawystores?lang=en:0
[   70536ms] [WARNING] The resource https://sf16-website-login.neutral.ttwstatic.com/obj/tiktok_web_login_static/tiktok/web/tiktok_fe_login_vmok/static/js/async/lib-axios.68812c5b.js was preloaded using link preload but not used within a few seconds from the window's load event. Please make sure it has an appropriate `as` value and it is preloaded intentionally. @ https://www.tiktok.com/@hegawystores?lang=en:0
[   74129ms] [WARNING] The resource https://sf16-website-login.neutral.ttwstatic.com/obj/tiktok_web_login_static/tiktok/web/tiktok_fe_login_vmok/static/js/async/__federation_expose_pure.7bb71833.js was preloaded using link preload but not used within a few seconds from the window's load event. Please make sure it has an appropriate `as` value and it is preloaded intentionally. @ https://www.tiktok.com/@hegawystores?lang=en:0
[   74129ms] [WARNING] The resource https://sf16-website-login.neutral.ttwstatic.com/obj/tiktok_web_login_static/tiktok/web/tiktok_fe_login_vmok/static/js/async/3911.77069edd.js was preloaded using link preload but not used within a few seconds from the window's load event. Please make sure it has an appropriate `as` value and it is preloaded intentionally. @ https://www.tiktok.com/@hegawystores?lang=en:0
[   74129ms] [WARNING] The resource https://sf16-website-login.neutral.ttwstatic.com/obj/tiktok_web_login_static/tiktok/web/tiktok_fe_login_vmok/static/js/async/1265.abf06e8b.js was preloaded using link preload but not used within a few seconds from the window's load event. Please make sure it has an appropriate `as` value and it is preloaded intentionally. @ https://www.tiktok.com/@hegawystores?lang=en:0
[   74129ms] [WARNING] The resource https://sf16-website-login.neutral.ttwstatic.com/obj/tiktok_web_login_static/tiktok/web/tiktok_fe_login_vmok/static/js/async/5613.8d5871a3.js was preloaded using link preload but not used within a few seconds from the window's load event. Please make sure it has an appropriate `as` value and it is preloaded intentionally. @ https://www.tiktok.com/@hegawystores?lang=en:0
[   74130ms] [WARNING] The resource https://sf16-website-login.neutral.ttwstatic.com/obj/tiktok_web_login_static/tiktok/web/tiktok_fe_login_vmok/static/js/async/1775.2141490f.js was preloaded using link preload but not used within a few seconds from the window's load event. Please make sure it has an appropriate `as` value and it is preloaded intentionally. @ https://www.tiktok.com/@hegawystores?lang=en:0
[   74130ms] [WARNING] The resource https://sf16-website-login.neutral.ttwstatic.com/obj/tiktok_web_login_static/tiktok/web/tiktok_fe_login_vmok/static/js/async/argus-builder-strategy.3e97a26f.js was preloaded using link preload but not used within a few seconds from the window's load event. Please make sure it has an appropriate `as` value and it is preloaded intentionally. @ https://www.tiktok.com/@hegawystores?lang=en:0
[   74130ms] [WARNING] The resource https://sf16-website-login.neutral.ttwstatic.com/obj/tiktok_web_login_static/tiktok/web/tiktok_fe_login_vmok/static/js/async/6869.bf0826a7.js was preloaded using link preload but not used within a few seconds from the window's load event. Please make sure it has an appropriate `as` value and it is preloaded intentionally. @ https://www.tiktok.com/@hegawystores?lang=en:0
[   74130ms] [WARNING] The resource https://sf16-website-login.neutral.ttwstatic.com/obj/tiktok_web_login_static/tiktok/web/tiktok_fe_login_vmok/static/js/async/6552.fd94ddd5.js was preloaded using link preload but not used within a few seconds from the window's load event. Please make sure it has an appropriate `as` value and it is preloaded intentionally. @ https://www.tiktok.com/@hegawystores?lang=en:0
[   74130ms] [WARNING] The resource https://sf16-website-login.neutral.ttwstatic.com/obj/tiktok_web_login_static/tiktok/web/tiktok_fe_login_vmok/static/js/async/lib-axios.68812c5b.js was preloaded using link preload but not used within a few seconds from the window's load event. Please make sure it has an appropriate `as` value and it is preloaded intentionally. @ https://www.tiktok.com/@hegawystores?lang=en:0
[   81101ms] [WARNING] The resource https://sf16-website-login.neutral.ttwstatic.com/obj/tiktok_web_login_static/tiktok/web/tiktok_fe_login_vmok/static/js/async/__federation_expose_pure.7bb71833.js was preloaded using link preload but not used within a few seconds from the window's load event. Please make sure it has an appropriate `as` value and it is preloaded intentionally. @ https://www.tiktok.com/@hegawystores?lang=en:0
[   81101ms] [WARNING] The resource https://sf16-website-login.neutral.ttwstatic.com/obj/tiktok_web_login_static/tiktok/web/tiktok_fe_login_vmok/static/js/async/3911.77069edd.js was preloaded using link preload but not used within a few seconds from the window's load event. Please make sure it has an appropriate `as` value and it is preloaded intentionally. @ https://www.tiktok.com/@hegawystores?lang=en:0
[   81101ms] [WARNING] The resource https://sf16-website-login.neutral.ttwstatic.com/obj/tiktok_web_login_static/tiktok/web/tiktok_fe_login_vmok/static/js/async/1265.abf06e8b.js was preloaded using link preload but not used within a few seconds from the window's load event. Please make sure it has an appropriate `as` value and it is preloaded intentionally. @ https://www.tiktok.com/@hegawystores?lang=en:0
[   81101ms] [WARNING] The resource https://sf16-website-login.neutral.ttwstatic.com/obj/tiktok_web_login_static/tiktok/web/tiktok_fe_login_vmok/static/js/async/5613.8d5871a3.js was preloaded using link preload but not used within a few seconds from the window's load event. Please make sure it has an appropriate `as` value and it is preloaded intentionally. @ https://www.tiktok.com/@hegawystores?lang=en:0
[   81101ms] [WARNING] The resource https://sf16-website-login.neutral.ttwstatic.com/obj/tiktok_web_login_static/tiktok/web/tiktok_fe_login_vmok/static/js/async/1775.2141490f.js was preloaded using link preload but not used within a few seconds from the window's load event. Please make sure it has an appropriate `as` value and it is preloaded intentionally. @ https://www.tiktok.com/@hegawystores?lang=en:0
[   81101ms] [WARNING] The resource https://sf16-website-login.neutral.ttwstatic.com/obj/tiktok_web_login_static/tiktok/web/tiktok_fe_login_vmok/static/js/async/argus-builder-strategy.3e97a26f.js was preloaded using link preload but not used within a few seconds from the window's load event. Please make sure it has an appropriate `as` value and it is preloaded intentionally. @ https://www.tiktok.com/@hegawystores?lang=en:0
[   81102ms] [WARNING] The resource https://sf16-website-login.neutral.ttwstatic.com/obj/tiktok_web_login_static/tiktok/web/tiktok_fe_login_vmok/static/js/async/6869.bf0826a7.js was preloaded using link preload but not used within a few seconds from the window's load event. Please make sure it has an appropriate `as` value and it is preloaded intentionally. @ https://www.tiktok.com/@hegawystores?lang=en:0
[   81102ms] [WARNING] The resource https://sf16-website-login.neutral.ttwstatic.com/obj/tiktok_web_login_static/tiktok/web/tiktok_fe_login_vmok/static/js/async/6552.fd94ddd5.js was preloaded using link preload but not used within a few seconds from the window's load event. Please make sure it has an appropriate `as` value and it is preloaded intentionally. @ https://www.tiktok.com/@hegawystores?lang=en:0
[   81102ms] [WARNING] The resource https://sf16-website-login.neutral.ttwstatic.com/obj/tiktok_web_login_static/tiktok/web/tiktok_fe_login_vmok/static/js/async/lib-axios.68812c5b.js was preloaded using link preload but not used within a few seconds from the window's load event. Please make sure it has an appropriate `as` value and it is preloaded intentionally. @ https://www.tiktok.com/@hegawystores?lang=en:0
[   91690ms] [WARNING] The resource https://sf16-website-login.neutral.ttwstatic.com/obj/tiktok_web_login_static/tiktok/web/tiktok_fe_login_vmok/static/js/async/__federation_expose_pure.7bb71833.js was preloaded using link preload but not used within a few seconds from the window's load event. Please make sure it has an appropriate `as` value and it is preloaded intentionally. @ https://www.tiktok.com/@hegawystores?lang=en:0
[   91690ms] [WARNING] The resource https://sf16-website-login.neutral.ttwstatic.com/obj/tiktok_web_login_static/tiktok/web/tiktok_fe_login_vmok/static/js/async/3911.77069edd.js was preloaded using link preload but not used within a few seconds from the window's load event. Please make sure it has an appropriate `as` value and it is preloaded intentionally. @ https://www.tiktok.com/@hegawystores?lang=en:0
[   91690ms] [WARNING] The resource https://sf16-website-login.neutral.ttwstatic.com/obj/tiktok_web_login_static/tiktok/web/tiktok_fe_login_vmok/static/js/async/1265.abf06e8b.js was preloaded using link preload but not used within a few seconds from the window's load event. Please make sure it has an appropriate `as` value and it is preloaded intentionally. @ https://www.tiktok.com/@hegawystores?lang=en:0
[   91690ms] [WARNING] The resource https://sf16-website-login.neutral.ttwstatic.com/obj/tiktok_web_login_static/tiktok/web/tiktok_fe_login_vmok/static/js/async/5613.8d5871a3.js was preloaded using link preload but not used within a few seconds from the window's load event. Please make sure it has an appropriate `as` value and it is preloaded intentionally. @ https://www.tiktok.com/@hegawystores?lang=en:0
[   91690ms] [WARNING] The resource https://sf16-website-login.neutral.ttwstatic.com/obj/tiktok_web_login_static/tiktok/web/tiktok_fe_login_vmok/static/js/async/1775.2141490f.js was preloaded using link preload but not used within a few seconds from the window's load event. Please make sure it has an appropriate `as` value and it is preloaded intentionally. @ https://www.tiktok.com/@hegawystores?lang=en:0
[   91690ms] [WARNING] The resource https://sf16-website-login.neutral.ttwstatic.com/obj/tiktok_web_login_static/tiktok/web/tiktok_fe_login_vmok/static/js/async/argus-builder-strategy.3e97a26f.js was preloaded using link preload but not used within a few seconds from the window's load event. Please make sure it has an appropriate `as` value and it is preloaded intentionally. @ https://www.tiktok.com/@hegawystores?lang=en:0
[   91690ms] [WARNING] The resource https://sf16-website-login.neutral.ttwstatic.com/obj/tiktok_web_login_static/tiktok/web/tiktok_fe_login_vmok/static/js/async/6869.bf0826a7.js was preloaded using link preload but not used within a few seconds from the window's load event. Please make sure it has an appropriate `as` value and it is preloaded intentionally. @ https://www.tiktok.com/@hegawystores?lang=en:0
[   91690ms] [WARNING] The resource https://sf16-website-login.neutral.ttwstatic.com/obj/tiktok_web_login_static/tiktok/web/tiktok_fe_login_vmok/static/js/async/6552.fd94ddd5.js was preloaded using link preload but not used within a few seconds from the window's load event. Please make sure it has an appropriate `as` value and it is preloaded intentionally. @ https://www.tiktok.com/@hegawystores?lang=en:0
[   91690ms] [WARNING] The resource https://sf16-website-login.neutral.ttwstatic.com/obj/tiktok_web_login_static/tiktok/web/tiktok_fe_login_vmok/static/js/async/lib-axios.68812c5b.js was preloaded using link preload but not used within a few seconds from the window's load event. Please make sure it has an appropriate `as` value and it is preloaded intentionally. @ https://www.tiktok.com/@hegawystores?lang=en:0
[   96920ms] [WARNING] The resource https://sf16-website-login.neutral.ttwstatic.com/obj/tiktok_web_login_static/tiktok/web/tiktok_fe_login_vmok/static/js/async/__federation_expose_pure.7bb71833.js was preloaded using link preload but not used within a few seconds from the window's load event. Please make sure it has an appropriate `as` value and it is preloaded intentionally. @ https://www.tiktok.com/@hegawystores?lang=en:0
[   96921ms] [WARNING] The resource https://sf16-website-login.neutral.ttwstatic.com/obj/tiktok_web_login_static/tiktok/web/tiktok_fe_login_vmok/static/js/async/3911.77069edd.js was preloaded using link preload but not used within a few seconds from the window's load event. Please make sure it has an appropriate `as` value and it is preloaded intentionally. @ https://www.tiktok.com/@hegawystores?lang=en:0
[   96921ms] [WARNING] The resource https://sf16-website-login.neutral.ttwstatic.com/obj/tiktok_web_login_static/tiktok/web/tiktok_fe_login_vmok/static/js/async/1265.abf06e8b.js was preloaded using link preload but not used within a few seconds from the window's load event. Please make sure it has an appropriate `as` value and it is preloaded intentionally. @ https://www.tiktok.com/@hegawystores?lang=en:0
[   96921ms] [WARNING] The resource https://sf16-website-login.neutral.ttwstatic.com/obj/tiktok_web_login_static/tiktok/web/tiktok_fe_login_vmok/static/js/async/5613.8d5871a3.js was preloaded using link preload but not used within a few seconds from the window's load event. Please make sure it has an appropriate `as` value and it is preloaded intentionally. @ https://www.tiktok.com/@hegawystores?lang=en:0
[   96921ms] [WARNING] The resource https://sf16-website-login.neutral.ttwstatic.com/obj/tiktok_web_login_static/tiktok/web/tiktok_fe_login_vmok/static/js/async/1775.2141490f.js was preloaded using link preload but not used within a few seconds from the window's load event. Please make sure it has an appropriate `as` value and it is preloaded intentionally. @ https://www.tiktok.com/@hegawystores?lang=en:0
[   96921ms] [WARNING] The resource https://sf16-website-login.neutral.ttwstatic.com/obj/tiktok_web_login_static/tiktok/web/tiktok_fe_login_vmok/static/js/async/argus-builder-strategy.3e97a26f.js was preloaded using link preload but not used within a few seconds from the window's load event. Please make sure it has an appropriate `as` value and it is preloaded intentionally. @ https://www.tiktok.com/@hegawystores?lang=en:0
[   96921ms] [WARNING] The resource https://sf16-website-login.neutral.ttwstatic.com/obj/tiktok_web_login_static/tiktok/web/tiktok_fe_login_vmok/static/js/async/6869.bf0826a7.js was preloaded using link preload but not used within a few seconds from the window's load event. Please make sure it has an appropriate `as` value and it is preloaded intentionally. @ https://www.tiktok.com/@hegawystores?lang=en:0
[   96921ms] [WARNING] The resource https://sf16-website-login.neutral.ttwstatic.com/obj/tiktok_web_login_static/tiktok/web/tiktok_fe_login_vmok/static/js/async/6552.fd94ddd5.js was preloaded using link preload but not used within a few seconds from the window's load event. Please make sure it has an appropriate `as` value and it is preloaded intentionally. @ https://www.tiktok.com/@hegawystores?lang=en:0
[   96921ms] [WARNING] The resource https://sf16-website-login.neutral.ttwstatic.com/obj/tiktok_web_login_static/tiktok/web/tiktok_fe_login_vmok/static/js/async/lib-axios.68812c5b.js was preloaded using link preload but not used within a few seconds from the window's load event. Please make sure it has an appropriate `as` value and it is preloaded intentionally. @ https://www.tiktok.com/@hegawystores?lang=en:0
[  102286ms] [WARNING] The resource https://sf16-website-login.neutral.ttwstatic.com/obj/tiktok_web_login_static/tiktok/web/tiktok_fe_login_vmok/static/js/async/__federation_expose_pure.7bb71833.js was preloaded using link preload but not used within a few seconds from the window's load event. Please make sure it has an appropriate `as` value and it is preloaded intentionally. @ https://www.tiktok.com/@hegawystores?lang=en:0
[  102286ms] [WARNING] The resource https://sf16-website-login.neutral.ttwstatic.com/obj/tiktok_web_login_static/tiktok/web/tiktok_fe_login_vmok/static/js/async/3911.77069edd.js was preloaded using link preload but not used within a few seconds from the window's load event. Please make sure it has an appropriate `as` value and it is preloaded intentionally. @ https://www.tiktok.com/@hegawystores?lang=en:0
[  102286ms] [WARNING] The resource https://sf16-website-login.neutral.ttwstatic.com/obj/tiktok_web_login_static/tiktok/web/tiktok_fe_login_vmok/static/js/async/1265.abf06e8b.js was preloaded using link preload but not used within a few seconds from the window's load event. Please make sure it has an appropriate `as` value and it is preloaded intentionally. @ https://www.tiktok.com/@hegawystores?lang=en:0
[  102286ms] [WARNING] The resource https://sf16-website-login.neutral.ttwstatic.com/obj/tiktok_web_login_static/tiktok/web/tiktok_fe_login_vmok/static/js/async/5613.8d5871a3.js was preloaded using link preload but not used within a few seconds from the window's load event. Please make sure it has an appropriate `as` value and it is preloaded intentionally. @ https://www.tiktok.com/@hegawystores?lang=en:0
[  102286ms] [WARNING] The resource https://sf16-website-login.neutral.ttwstatic.com/obj/tiktok_web_login_static/tiktok/web/tiktok_fe_login_vmok/static/js/async/1775.2141490f.js was preloaded using link preload but not used within a few seconds from the window's load event. Please make sure it has an appropriate `as` value and it is preloaded intentionally. @ https://www.tiktok.com/@hegawystores?lang=en:0
[  102286ms] [WARNING] The resource https://sf16-website-login.neutral.ttwstatic.com/obj/tiktok_web_login_static/tiktok/web/tiktok_fe_login_vmok/static/js/async/argus-builder-strategy.3e97a26f.js was preloaded using link preload but not used within a few seconds from the window's load event. Please make sure it has an appropriate `as` value and it is preloaded intentionally. @ https://www.tiktok.com/@hegawystores?lang=en:0
[  102287ms] [WARNING] The resource https://sf16-website-login.neutral.ttwstatic.com/obj/tiktok_web_login_static/tiktok/web/tiktok_fe_login_vmok/static/js/async/6869.bf0826a7.js was preloaded using link preload but not used within a few seconds from the window's load event. Please make sure it has an appropriate `as` value and it is preloaded intentionally. @ https://www.tiktok.com/@hegawystores?lang=en:0
[  102287ms] [WARNING] The resource https://sf16-website-login.neutral.ttwstatic.com/obj/tiktok_web_login_static/tiktok/web/tiktok_fe_login_vmok/static/js/async/6552.fd94ddd5.js was preloaded using link preload but not used within a few seconds from the window's load event. Please make sure it has an appropriate `as` value and it is preloaded intentionally. @ https://www.tiktok.com/@hegawystores?lang=en:0
[  102287ms] [WARNING] The resource https://sf16-website-login.neutral.ttwstatic.com/obj/tiktok_web_login_static/tiktok/web/tiktok_fe_login_vmok/static/js/async/lib-axios.68812c5b.js was preloaded using link preload but not used within a few seconds from the window's load event. Please make sure it has an appropriate `as` value and it is preloaded intentionally. @ https://www.tiktok.com/@hegawystores?lang=en:0
[  112868ms] [WARNING] The resource https://sf16-website-login.neutral.ttwstatic.com/obj/tiktok_web_login_static/tiktok/web/tiktok_fe_login_vmok/static/js/async/__federation_expose_pure.7bb71833.js was preloaded using link preload but not used within a few seconds from the window's load event. Please make sure it has an appropriate `as` value and it is preloaded intentionally. @ https://www.tiktok.com/@hegawystores?lang=en:0
[  112868ms] [WARNING] The resource https://sf16-website-login.neutral.ttwstatic.com/obj/tiktok_web_login_static/tiktok/web/tiktok_fe_login_vmok/static/js/async/3911.77069edd.js was preloaded using link preload but not used within a few seconds from the window's load event. Please make sure it has an appropriate `as` value and it is preloaded intentionally. @ https://www.tiktok.com/@hegawystores?lang=en:0
[  112868ms] [WARNING] The resource https://sf16-website-login.neutral.ttwstatic.com/obj/tiktok_web_login_static/tiktok/web/tiktok_fe_login_vmok/static/js/async/1265.abf06e8b.js was preloaded using link preload but not used within a few seconds from the window's load event. Please make sure it has an appropriate `as` value and it is preloaded intentionally. @ https://www.tiktok.com/@hegawystores?lang=en:0
[  112868ms] [WARNING] The resource https://sf16-website-login.neutral.ttwstatic.com/obj/tiktok_web_login_static/tiktok/web/tiktok_fe_login_vmok/static/js/async/5613.8d5871a3.js was preloaded using link preload but not used within a few seconds from the window's load event. Please make sure it has an appropriate `as` value and it is preloaded intentionally. @ https://www.tiktok.com/@hegawystores?lang=en:0
[  112868ms] [WARNING] The resource https://sf16-website-login.neutral.ttwstatic.com/obj/tiktok_web_login_static/tiktok/web/tiktok_fe_login_vmok/static/js/async/1775.2141490f.js was preloaded using link preload but not used within a few seconds from the window's load event. Please make sure it has an appropriate `as` value and it is preloaded intentionally. @ https://www.tiktok.com/@hegawystores?lang=en:0
[  112868ms] [WARNING] The resource https://sf16-website-login.neutral.ttwstatic.com/obj/tiktok_web_login_static/tiktok/web/tiktok_fe_login_vmok/static/js/async/argus-builder-strategy.3e97a26f.js was preloaded using link preload but not used within a few seconds from the window's load event. Please make sure it has an appropriate `as` value and it is preloaded intentionally. @ https://www.tiktok.com/@hegawystores?lang=en:0
[  112868ms] [WARNING] The resource https://sf16-website-login.neutral.ttwstatic.com/obj/tiktok_web_login_static/tiktok/web/tiktok_fe_login_vmok/static/js/async/6869.bf0826a7.js was preloaded using link preload but not used within a few seconds from the window's load event. Please make sure it has an appropriate `as` value and it is preloaded intentionally. @ https://www.tiktok.com/@hegawystores?lang=en:0
[  112869ms] [WARNING] The resource https://sf16-website-login.neutral.ttwstatic.com/obj/tiktok_web_login_static/tiktok/web/tiktok_fe_login_vmok/static/js/async/6552.fd94ddd5.js was preloaded using link preload but not used within a few seconds from the window's load event. Please make sure it has an appropriate `as` value and it is preloaded intentionally. @ https://www.tiktok.com/@hegawystores?lang=en:0
[  112869ms] [WARNING] The resource https://sf16-website-login.neutral.ttwstatic.com/obj/tiktok_web_login_static/tiktok/web/tiktok_fe_login_vmok/static/js/async/lib-axios.68812c5b.js was preloaded using link preload but not used within a few seconds from the window's load event. Please make sure it has an appropriate `as` value and it is preloaded intentionally. @ https://www.tiktok.com/@hegawystores?lang=en:0
[  123466ms] [WARNING] The resource https://sf16-website-login.neutral.ttwstatic.com/obj/tiktok_web_login_static/tiktok/web/tiktok_fe_login_vmok/static/js/async/__federation_expose_pure.7bb71833.js was preloaded using link preload but not used within a few seconds from the window's load event. Please make sure it has an appropriate `as` value and it is preloaded intentionally. @ https://www.tiktok.com/@hegawystores?lang=en:0
[  123466ms] [WARNING] The resource https://sf16-website-login.neutral.ttwstatic.com/obj/tiktok_web_login_static/tiktok/web/tiktok_fe_login_vmok/static/js/async/3911.77069edd.js was preloaded using link preload but not used within a few seconds from the window's load event. Please make sure it has an appropriate `as` value and it is preloaded intentionally. @ https://www.tiktok.com/@hegawystores?lang=en:0
[  123466ms] [WARNING] The resource https://sf16-website-login.neutral.ttwstatic.com/obj/tiktok_web_login_static/tiktok/web/tiktok_fe_login_vmok/static/js/async/1265.abf06e8b.js was preloaded using link preload but not used within a few seconds from the window's load event. Please make sure it has an appropriate `as` value and it is preloaded intentionally. @ https://www.tiktok.com/@hegawystores?lang=en:0
[  123467ms] [WARNING] The resource https://sf16-website-login.neutral.ttwstatic.com/obj/tiktok_web_login_static/tiktok/web/tiktok_fe_login_vmok/static/js/async/5613.8d5871a3.js was preloaded using link preload but not used within a few seconds from the window's load event. Please make sure it has an appropriate `as` value and it is preloaded intentionally. @ https://www.tiktok.com/@hegawystores?lang=en:0
[  123467ms] [WARNING] The resource https://sf16-website-login.neutral.ttwstatic.com/obj/tiktok_web_login_static/tiktok/web/tiktok_fe_login_vmok/static/js/async/1775.2141490f.js was preloaded using link preload but not used within a few seconds from the window's load event. Please make sure it has an appropriate `as` value and it is preloaded intentionally. @ https://www.tiktok.com/@hegawystores?lang=en:0
[  123467ms] [WARNING] The resource https://sf16-website-login.neutral.ttwstatic.com/obj/tiktok_web_login_static/tiktok/web/tiktok_fe_login_vmok/static/js/async/argus-builder-strategy.3e97a26f.js was preloaded using link preload but not used within a few seconds from the window's load event. Please make sure it has an appropriate `as` value and it is preloaded intentionally. @ https://www.tiktok.com/@hegawystores?lang=en:0
[  123467ms] [WARNING] The resource https://sf16-website-login.neutral.ttwstatic.com/obj/tiktok_web_login_static/tiktok/web/tiktok_fe_login_vmok/static/js/async/6869.bf0826a7.js was preloaded using link preload but not used within a few seconds from the window's load event. Please make sure it has an appropriate `as` value and it is preloaded intentionally. @ https://www.tiktok.com/@hegawystores?lang=en:0
[  123467ms] [WARNING] The resource https://sf16-website-login.neutral.ttwstatic.com/obj/tiktok_web_login_static/tiktok/web/tiktok_fe_login_vmok/static/js/async/6552.fd94ddd5.js was preloaded using link preload but not used within a few seconds from the window's load event. Please make sure it has an appropriate `as` value and it is preloaded intentionally. @ https://www.tiktok.com/@hegawystores?lang=en:0
[  123468ms] [WARNING] The resource https://sf16-website-login.neutral.ttwstatic.com/obj/tiktok_web_login_static/tiktok/web/tiktok_fe_login_vmok/static/js/async/lib-axios.68812c5b.js was preloaded using link preload but not used within a few seconds from the window's load event. Please make sure it has an appropriate `as` value and it is preloaded intentionally. @ https://www.tiktok.com/@hegawystores?lang=en:0
[  126901ms] [WARNING] The resource https://sf16-website-login.neutral.ttwstatic.com/obj/tiktok_web_login_static/tiktok/web/tiktok_fe_login_vmok/static/js/async/__federation_expose_pure.7bb71833.js was preloaded using link preload but not used within a few seconds from the window's load event. Please make sure it has an appropriate `as` value and it is preloaded intentionally. @ https://www.tiktok.com/@hegawystores?lang=en:0
[  126901ms] [WARNING] The resource https://sf16-website-login.neutral.ttwstatic.com/obj/tiktok_web_login_static/tiktok/web/tiktok_fe_login_vmok/static/js/async/3911.77069edd.js was preloaded using link preload but not used within a few seconds from the window's load event. Please make sure it has an appropriate `as` value and it is preloaded intentionally. @ https://www.tiktok.com/@hegawystores?lang=en:0
[  126901ms] [WARNING] The resource https://sf16-website-login.neutral.ttwstatic.com/obj/tiktok_web_login_static/tiktok/web/tiktok_fe_login_vmok/static/js/async/1265.abf06e8b.js was preloaded using link preload but not used within a few seconds from the window's load event. Please make sure it has an appropriate `as` value and it is preloaded intentionally. @ https://www.tiktok.com/@hegawystores?lang=en:0
[  126901ms] [WARNING] The resource https://sf16-website-login.neutral.ttwstatic.com/obj/tiktok_web_login_static/tiktok/web/tiktok_fe_login_vmok/static/js/async/5613.8d5871a3.js was preloaded using link preload but not used within a few seconds from the window's load event. Please make sure it has an appropriate `as` value and it is preloaded intentionally. @ https://www.tiktok.com/@hegawystores?lang=en:0
[  126901ms] [WARNING] The resource https://sf16-website-login.neutral.ttwstatic.com/obj/tiktok_web_login_static/tiktok/web/tiktok_fe_login_vmok/static/js/async/1775.2141490f.js was preloaded using link preload but not used within a few seconds from the window's load event. Please make sure it has an appropriate `as` value and it is preloaded intentionally. @ https://www.tiktok.com/@hegawystores?lang=en:0
[  126902ms] [WARNING] The resource https://sf16-website-login.neutral.ttwstatic.com/obj/tiktok_web_login_static/tiktok/web/tiktok_fe_login_vmok/static/js/async/argus-builder-strategy.3e97a26f.js was preloaded using link preload but not used within a few seconds from the window's load event. Please make sure it has an appropriate `as` value and it is preloaded intentionally. @ https://www.tiktok.com/@hegawystores?lang=en:0
[  126902ms] [WARNING] The resource https://sf16-website-login.neutral.ttwstatic.com/obj/tiktok_web_login_static/tiktok/web/tiktok_fe_login_vmok/static/js/async/6869.bf0826a7.js was preloaded using link preload but not used within a few seconds from the window's load event. Please make sure it has an appropriate `as` value and it is preloaded intentionally. @ https://www.tiktok.com/@hegawystores?lang=en:0
[  126902ms] [WARNING] The resource https://sf16-website-login.neutral.ttwstatic.com/obj/tiktok_web_login_static/tiktok/web/tiktok_fe_login_vmok/static/js/async/6552.fd94ddd5.js was preloaded using link preload but not used within a few seconds from the window's load event. Please make sure it has an appropriate `as` value and it is preloaded intentionally. @ https://www.tiktok.com/@hegawystores?lang=en:0
[  126902ms] [WARNING] The resource https://sf16-website-login.neutral.ttwstatic.com/obj/tiktok_web_login_static/tiktok/web/tiktok_fe_login_vmok/static/js/async/lib-axios.68812c5b.js was preloaded using link preload but not used within a few seconds from the window's load event. Please make sure it has an appropriate `as` value and it is preloaded intentionally. @ https://www.tiktok.com/@hegawystores?lang=en:0
[  134034ms] [WARNING] The resource https://sf16-website-login.neutral.ttwstatic.com/obj/tiktok_web_login_static/tiktok/web/tiktok_fe_login_vmok/static/js/async/__federation_expose_pure.7bb71833.js was preloaded using link preload but not used within a few seconds from the window's load event. Please make sure it has an appropriate `as` value and it is preloaded intentionally. @ https://www.tiktok.com/@hegawystores?lang=en:0
[  134034ms] [WARNING] The resource https://sf16-website-login.neutral.ttwstatic.com/obj/tiktok_web_login_static/tiktok/web/tiktok_fe_login_vmok/static/js/async/3911.77069edd.js was preloaded using link preload but not used within a few seconds from the window's load event. Please make sure it has an appropriate `as` value and it is preloaded intentionally. @ https://www.tiktok.com/@hegawystores?lang=en:0
[  134034ms] [WARNING] The resource https://sf16-website-login.neutral.ttwstatic.com/obj/tiktok_web_login_static/tiktok/web/tiktok_fe_login_vmok/static/js/async/1265.abf06e8b.js was preloaded using link preload but not used within a few seconds from the window's load event. Please make sure it has an appropriate `as` value and it is preloaded intentionally. @ https://www.tiktok.com/@hegawystores?lang=en:0
[  134034ms] [WARNING] The resource https://sf16-website-login.neutral.ttwstatic.com/obj/tiktok_web_login_static/tiktok/web/tiktok_fe_login_vmok/static/js/async/5613.8d5871a3.js was preloaded using link preload but not used within a few seconds from the window's load event. Please make sure it has an appropriate `as` value and it is preloaded intentionally. @ https://www.tiktok.com/@hegawystores?lang=en:0
[  134034ms] [WARNING] The resource https://sf16-website-login.neutral.ttwstatic.com/obj/tiktok_web_login_static/tiktok/web/tiktok_fe_login_vmok/static/js/async/1775.2141490f.js was preloaded using link preload but not used within a few seconds from the window's load event. Please make sure it has an appropriate `as` value and it is preloaded intentionally. @ https://www.tiktok.com/@hegawystores?lang=en:0
[  134034ms] [WARNING] The resource https://sf16-website-login.neutral.ttwstatic.com/obj/tiktok_web_login_static/tiktok/web/tiktok_fe_login_vmok/static/js/async/argus-builder-strategy.3e97a26f.js was preloaded using link preload but not used within a few seconds from the window's load event. Please make sure it has an appropriate `as` value and it is preloaded intentionally. @ https://www.tiktok.com/@hegawystores?lang=en:0
[  134034ms] [WARNING] The resource https://sf16-website-login.neutral.ttwstatic.com/obj/tiktok_web_login_static/tiktok/web/tiktok_fe_login_vmok/static/js/async/6869.bf0826a7.js was preloaded using link preload but not used within a few seconds from the window's load event. Please make sure it has an appropriate `as` value and it is preloaded intentionally. @ https://www.tiktok.com/@hegawystores?lang=en:0
[  134034ms] [WARNING] The resource https://sf16-website-login.neutral.ttwstatic.com/obj/tiktok_web_login_static/tiktok/web/tiktok_fe_login_vmok/static/js/async/6552.fd94ddd5.js was preloaded using link preload but not used within a few seconds from the window's load event. Please make sure it has an appropriate `as` value and it is preloaded intentionally. @ https://www.tiktok.com/@hegawystores?lang=en:0
[  134034ms] [WARNING] The resource https://sf16-website-login.neutral.ttwstatic.com/obj/tiktok_web_login_static/tiktok/web/tiktok_fe_login_vmok/static/js/async/lib-axios.68812c5b.js was preloaded using link preload but not used within a few seconds from the window's load event. Please make sure it has an appropriate `as` value and it is preloaded intentionally. @ https://www.tiktok.com/@hegawystores?lang=en:0
[  144601ms] [WARNING] The resource https://sf16-website-login.neutral.ttwstatic.com/obj/tiktok_web_login_static/tiktok/web/tiktok_fe_login_vmok/static/js/async/__federation_expose_pure.7bb71833.js was preloaded using link preload but not used within a few seconds from the window's load event. Please make sure it has an appropriate `as` value and it is preloaded intentionally. @ https://www.tiktok.com/@hegawystores?lang=en:0
[  144601ms] [WARNING] The resource https://sf16-website-login.neutral.ttwstatic.com/obj/tiktok_web_login_static/tiktok/web/tiktok_fe_login_vmok/static/js/async/3911.77069edd.js was preloaded using link preload but not used within a few seconds from the window's load event. Please make sure it has an appropriate `as` value and it is preloaded intentionally. @ https://www.tiktok.com/@hegawystores?lang=en:0
[  144601ms] [WARNING] The resource https://sf16-website-login.neutral.ttwstatic.com/obj/tiktok_web_login_static/tiktok/web/tiktok_fe_login_vmok/static/js/async/1265.abf06e8b.js was preloaded using link preload but not used within a few seconds from the window's load event. Please make sure it has an appropriate `as` value and it is preloaded intentionally. @ https://www.tiktok.com/@hegawystores?lang=en:0
[  144601ms] [WARNING] The resource https://sf16-website-login.neutral.ttwstatic.com/obj/tiktok_web_login_static/tiktok/web/tiktok_fe_login_vmok/static/js/async/5613.8d5871a3.js was preloaded using link preload but not used within a few seconds from the window's load event. Please make sure it has an appropriate `as` value and it is preloaded intentionally. @ https://www.tiktok.com/@hegawystores?lang=en:0
[  144602ms] [WARNING] The resource https://sf16-website-login.neutral.ttwstatic.com/obj/tiktok_web_login_static/tiktok/web/tiktok_fe_login_vmok/static/js/async/1775.2141490f.js was preloaded using link preload but not used within a few seconds from the window's load event. Please make sure it has an appropriate `as` value and it is preloaded intentionally. @ https://www.tiktok.com/@hegawystores?lang=en:0
[  144602ms] [WARNING] The resource https://sf16-website-login.neutral.ttwstatic.com/obj/tiktok_web_login_static/tiktok/web/tiktok_fe_login_vmok/static/js/async/argus-builder-strategy.3e97a26f.js was preloaded using link preload but not used within a few seconds from the window's load event. Please make sure it has an appropriate `as` value and it is preloaded intentionally. @ https://www.tiktok.com/@hegawystores?lang=en:0
[  144602ms] [WARNING] The resource https://sf16-website-login.neutral.ttwstatic.com/obj/tiktok_web_login_static/tiktok/web/tiktok_fe_login_vmok/static/js/async/6869.bf0826a7.js was preloaded using link preload but not used within a few seconds from the window's load event. Please make sure it has an appropriate `as` value and it is preloaded intentionally. @ https://www.tiktok.com/@hegawystores?lang=en:0
[  144603ms] [WARNING] The resource https://sf16-website-login.neutral.ttwstatic.com/obj/tiktok_web_login_static/tiktok/web/tiktok_fe_login_vmok/static/js/async/6552.fd94ddd5.js was preloaded using link preload but not used within a few seconds from the window's load event. Please make sure it has an appropriate `as` value and it is preloaded intentionally. @ https://www.tiktok.com/@hegawystores?lang=en:0
[  144603ms] [WARNING] The resource https://sf16-website-login.neutral.ttwstatic.com/obj/tiktok_web_login_static/tiktok/web/tiktok_fe_login_vmok/static/js/async/lib-axios.68812c5b.js was preloaded using link preload but not used within a few seconds from the window's load event. Please make sure it has an appropriate `as` value and it is preloaded intentionally. @ https://www.tiktok.com/@hegawystores?lang=en:0
[  156935ms] [WARNING] The resource https://sf16-website-login.neutral.ttwstatic.com/obj/tiktok_web_login_static/tiktok/web/tiktok_fe_login_vmok/static/js/async/__federation_expose_pure.7bb71833.js was preloaded using link preload but not used within a few seconds from the window's load event. Please make sure it has an appropriate `as` value and it is preloaded intentionally. @ https://www.tiktok.com/@hegawystores?lang=en:0
[  156935ms] [WARNING] The resource https://sf16-website-login.neutral.ttwstatic.com/obj/tiktok_web_login_static/tiktok/web/tiktok_fe_login_vmok/static/js/async/3911.77069edd.js was preloaded using link preload but not used within a few seconds from the window's load event. Please make sure it has an appropriate `as` value and it is preloaded intentionally. @ https://www.tiktok.com/@hegawystores?lang=en:0
[  156935ms] [WARNING] The resource https://sf16-website-login.neutral.ttwstatic.com/obj/tiktok_web_login_static/tiktok/web/tiktok_fe_login_vmok/static/js/async/1265.abf06e8b.js was preloaded using link preload but not used within a few seconds from the window's load event. Please make sure it has an appropriate `as` value and it is preloaded intentionally. @ https://www.tiktok.com/@hegawystores?lang=en:0
[  156935ms] [WARNING] The resource https://sf16-website-login.neutral.ttwstatic.com/obj/tiktok_web_login_static/tiktok/web/tiktok_fe_login_vmok/static/js/async/5613.8d5871a3.js was preloaded using link preload but not used within a few seconds from the window's load event. Please make sure it has an appropriate `as` value and it is preloaded intentionally. @ https://www.tiktok.com/@hegawystores?lang=en:0
[  156935ms] [WARNING] The resource https://sf16-website-login.neutral.ttwstatic.com/obj/tiktok_web_login_static/tiktok/web/tiktok_fe_login_vmok/static/js/async/1775.2141490f.js was preloaded using link preload but not used within a few seconds from the window's load event. Please make sure it has an appropriate `as` value and it is preloaded intentionally. @ https://www.tiktok.com/@hegawystores?lang=en:0
[  156936ms] [WARNING] The resource https://sf16-website-login.neutral.ttwstatic.com/obj/tiktok_web_login_static/tiktok/web/tiktok_fe_login_vmok/static/js/async/argus-builder-strategy.3e97a26f.js was preloaded using link preload but not used within a few seconds from the window's load event. Please make sure it has an appropriate `as` value and it is preloaded intentionally. @ https://www.tiktok.com/@hegawystores?lang=en:0
[  156936ms] [WARNING] The resource https://sf16-website-login.neutral.ttwstatic.com/obj/tiktok_web_login_static/tiktok/web/tiktok_fe_login_vmok/static/js/async/6869.bf0826a7.js was preloaded using link preload but not used within a few seconds from the window's load event. Please make sure it has an appropriate `as` value and it is preloaded intentionally. @ https://www.tiktok.com/@hegawystores?lang=en:0
[  156936ms] [WARNING] The resource https://sf16-website-login.neutral.ttwstatic.com/obj/tiktok_web_login_static/tiktok/web/tiktok_fe_login_vmok/static/js/async/6552.fd94ddd5.js was preloaded using link preload but not used within a few seconds from the window's load event. Please make sure it has an appropriate `as` value and it is preloaded intentionally. @ https://www.tiktok.com/@hegawystores?lang=en:0
[  156936ms] [WARNING] The resource https://sf16-website-login.neutral.ttwstatic.com/obj/tiktok_web_login_static/tiktok/web/tiktok_fe_login_vmok/static/js/async/lib-axios.68812c5b.js was preloaded using link preload but not used within a few seconds from the window's load event. Please make sure it has an appropriate `as` value and it is preloaded intentionally. @ https://www.tiktok.com/@hegawystores?lang=en:0
[  165850ms] [WARNING] The resource https://sf16-website-login.neutral.ttwstatic.com/obj/tiktok_web_login_static/tiktok/web/tiktok_fe_login_vmok/static/js/async/__federation_expose_pure.7bb71833.js was preloaded using link preload but not used within a few seconds from the window's load event. Please make sure it has an appropriate `as` value and it is preloaded intentionally. @ https://www.tiktok.com/@hegawystores?lang=en:0
[  165850ms] [WARNING] The resource https://sf16-website-login.neutral.ttwstatic.com/obj/tiktok_web_login_static/tiktok/web/tiktok_fe_login_vmok/static/js/async/3911.77069edd.js was preloaded using link preload but not used within a few seconds from the window's load event. Please make sure it has an appropriate `as` value and it is preloaded intentionally. @ https://www.tiktok.com/@hegawystores?lang=en:0
[  165850ms] [WARNING] The resource https://sf16-website-login.neutral.ttwstatic.com/obj/tiktok_web_login_static/tiktok/web/tiktok_fe_login_vmok/static/js/async/1265.abf06e8b.js was preloaded using link preload but not used within a few seconds from the window's load event. Please make sure it has an appropriate `as` value and it is preloaded intentionally. @ https://www.tiktok.com/@hegawystores?lang=en:0
[  165850ms] [WARNING] The resource https://sf16-website-login.neutral.ttwstatic.com/obj/tiktok_web_login_static/tiktok/web/tiktok_fe_login_vmok/static/js/async/5613.8d5871a3.js was preloaded using link preload but not used within a few seconds from the window's load event. Please make sure it has an appropriate `as` value and it is preloaded intentionally. @ https://www.tiktok.com/@hegawystores?lang=en:0
[  165850ms] [WARNING] The resource https://sf16-website-login.neutral.ttwstatic.com/obj/tiktok_web_login_static/tiktok/web/tiktok_fe_login_vmok/static/js/async/1775.2141490f.js was preloaded using link preload but not used within a few seconds from the window's load event. Please make sure it has an appropriate `as` value and it is preloaded intentionally. @ https://www.tiktok.com/@hegawystores?lang=en:0
[  165850ms] [WARNING] The resource https://sf16-website-login.neutral.ttwstatic.com/obj/tiktok_web_login_static/tiktok/web/tiktok_fe_login_vmok/static/js/async/argus-builder-strategy.3e97a26f.js was preloaded using link preload but not used within a few seconds from the window's load event. Please make sure it has an appropriate `as` value and it is preloaded intentionally. @ https://www.tiktok.com/@hegawystores?lang=en:0
[  165850ms] [WARNING] The resource https://sf16-website-login.neutral.ttwstatic.com/obj/tiktok_web_login_static/tiktok/web/tiktok_fe_login_vmok/static/js/async/6869.bf0826a7.js was preloaded using link preload but not used within a few seconds from the window's load event. Please make sure it has an appropriate `as` value and it is preloaded intentionally. @ https://www.tiktok.com/@hegawystores?lang=en:0
[  165850ms] [WARNING] The resource https://sf16-website-login.neutral.ttwstatic.com/obj/tiktok_web_login_static/tiktok/web/tiktok_fe_login_vmok/static/js/async/6552.fd94ddd5.js was preloaded using link preload but not used within a few seconds from the window's load event. Please make sure it has an appropriate `as` value and it is preloaded intentionally. @ https://www.tiktok.com/@hegawystores?lang=en:0
[  165850ms] [WARNING] The resource https://sf16-website-login.neutral.ttwstatic.com/obj/tiktok_web_login_static/tiktok/web/tiktok_fe_login_vmok/static/js/async/lib-axios.68812c5b.js was preloaded using link preload but not used within a few seconds from the window's load event. Please make sure it has an appropriate `as` value and it is preloaded intentionally. @ https://www.tiktok.com/@hegawystores?lang=en:0
[  176492ms] [WARNING] The resource https://sf16-website-login.neutral.ttwstatic.com/obj/tiktok_web_login_static/tiktok/web/tiktok_fe_login_vmok/static/js/async/__federation_expose_pure.7bb71833.js was preloaded using link preload but not used within a few seconds from the window's load event. Please make sure it has an appropriate `as` value and it is preloaded intentionally. @ https://www.tiktok.com/@hegawystores?lang=en:0
[  176492ms] [WARNING] The resource https://sf16-website-login.neutral.ttwstatic.com/obj/tiktok_web_login_static/tiktok/web/tiktok_fe_login_vmok/static/js/async/3911.77069edd.js was preloaded using link preload but not used within a few seconds from the window's load event. Please make sure it has an appropriate `as` value and it is preloaded intentionally. @ https://www.tiktok.com/@hegawystores?lang=en:0
[  176492ms] [WARNING] The resource https://sf16-website-login.neutral.ttwstatic.com/obj/tiktok_web_login_static/tiktok/web/tiktok_fe_login_vmok/static/js/async/1265.abf06e8b.js was preloaded using link preload but not used within a few seconds from the window's load event. Please make sure it has an appropriate `as` value and it is preloaded intentionally. @ https://www.tiktok.com/@hegawystores?lang=en:0
[  176492ms] [WARNING] The resource https://sf16-website-login.neutral.ttwstatic.com/obj/tiktok_web_login_static/tiktok/web/tiktok_fe_login_vmok/static/js/async/5613.8d5871a3.js was preloaded using link preload but not used within a few seconds from the window's load event. Please make sure it has an appropriate `as` value and it is preloaded intentionally. @ https://www.tiktok.com/@hegawystores?lang=en:0
[  176492ms] [WARNING] The resource https://sf16-website-login.neutral.ttwstatic.com/obj/tiktok_web_login_static/tiktok/web/tiktok_fe_login_vmok/static/js/async/1775.2141490f.js was preloaded using link preload but not used within a few seconds from the window's load event. Please make sure it has an appropriate `as` value and it is preloaded intentionally. @ https://www.tiktok.com/@hegawystores?lang=en:0
[  176493ms] [WARNING] The resource https://sf16-website-login.neutral.ttwstatic.com/obj/tiktok_web_login_static/tiktok/web/tiktok_fe_login_vmok/static/js/async/argus-builder-strategy.3e97a26f.js was preloaded using link preload but not used within a few seconds from the window's load event. Please make sure it has an appropriate `as` value and it is preloaded intentionally. @ https://www.tiktok.com/@hegawystores?lang=en:0
[  176493ms] [WARNING] The resource https://sf16-website-login.neutral.ttwstatic.com/obj/tiktok_web_login_static/tiktok/web/tiktok_fe_login_vmok/static/js/async/6869.bf0826a7.js was preloaded using link preload but not used within a few seconds from the window's load event. Please make sure it has an appropriate `as` value and it is preloaded intentionally. @ https://www.tiktok.com/@hegawystores?lang=en:0
[  176493ms] [WARNING] The resource https://sf16-website-login.neutral.ttwstatic.com/obj/tiktok_web_login_static/tiktok/web/tiktok_fe_login_vmok/static/js/async/6552.fd94ddd5.js was preloaded using link preload but not used within a few seconds from the window's load event. Please make sure it has an appropriate `as` value and it is preloaded intentionally. @ https://www.tiktok.com/@hegawystores?lang=en:0
[  176493ms] [WARNING] The resource https://sf16-website-login.neutral.ttwstatic.com/obj/tiktok_web_login_static/tiktok/web/tiktok_fe_login_vmok/static/js/async/lib-axios.68812c5b.js was preloaded using link preload but not used within a few seconds from the window's load event. Please make sure it has an appropriate `as` value and it is preloaded intentionally. @ https://www.tiktok.com/@hegawystores?lang=en:0
[  187598ms] [WARNING] The resource https://sf16-website-login.neutral.ttwstatic.com/obj/tiktok_web_login_static/tiktok/web/tiktok_fe_login_vmok/static/js/async/__federation_expose_pure.7bb71833.js was preloaded using link preload but not used within a few seconds from the window's load event. Please make sure it has an appropriate `as` value and it is preloaded intentionally. @ https://www.tiktok.com/@hegawystores?lang=en:0
[  187598ms] [WARNING] The resource https://sf16-website-login.neutral.ttwstatic.com/obj/tiktok_web_login_static/tiktok/web/tiktok_fe_login_vmok/static/js/async/3911.77069edd.js was preloaded using link preload but not used within a few seconds from the window's load event. Please make sure it has an appropriate `as` value and it is preloaded intentionally. @ https://www.tiktok.com/@hegawystores?lang=en:0
[  187598ms] [WARNING] The resource https://sf16-website-login.neutral.ttwstatic.com/obj/tiktok_web_login_static/tiktok/web/tiktok_fe_login_vmok/static/js/async/1265.abf06e8b.js was preloaded using link preload but not used within a few seconds from the window's load event. Please make sure it has an appropriate `as` value and it is preloaded intentionally. @ https://www.tiktok.com/@hegawystores?lang=en:0
[  187599ms] [WARNING] The resource https://sf16-website-login.neutral.ttwstatic.com/obj/tiktok_web_login_static/tiktok/web/tiktok_fe_login_vmok/static/js/async/5613.8d5871a3.js was preloaded using link preload but not used within a few seconds from the window's load event. Please make sure it has an appropriate `as` value and it is preloaded intentionally. @ https://www.tiktok.com/@hegawystores?lang=en:0
[  187599ms] [WARNING] The resource https://sf16-website-login.neutral.ttwstatic.com/obj/tiktok_web_login_static/tiktok/web/tiktok_fe_login_vmok/static/js/async/1775.2141490f.js was preloaded using link preload but not used within a few seconds from the window's load event. Please make sure it has an appropriate `as` value and it is preloaded intentionally. @ https://www.tiktok.com/@hegawystores?lang=en:0
[  187599ms] [WARNING] The resource https://sf16-website-login.neutral.ttwstatic.com/obj/tiktok_web_login_static/tiktok/web/tiktok_fe_login_vmok/static/js/async/argus-builder-strategy.3e97a26f.js was preloaded using link preload but not used within a few seconds from the window's load event. Please make sure it has an appropriate `as` value and it is preloaded intentionally. @ https://www.tiktok.com/@hegawystores?lang=en:0
[  187599ms] [WARNING] The resource https://sf16-website-login.neutral.ttwstatic.com/obj/tiktok_web_login_static/tiktok/web/tiktok_fe_login_vmok/static/js/async/6869.bf0826a7.js was preloaded using link preload but not used within a few seconds from the window's load event. Please make sure it has an appropriate `as` value and it is preloaded intentionally. @ https://www.tiktok.com/@hegawystores?lang=en:0
[  187599ms] [WARNING] The resource https://sf16-website-login.neutral.ttwstatic.com/obj/tiktok_web_login_static/tiktok/web/tiktok_fe_login_vmok/static/js/async/6552.fd94ddd5.js was preloaded using link preload but not used within a few seconds from the window's load event. Please make sure it has an appropriate `as` value and it is preloaded intentionally. @ https://www.tiktok.com/@hegawystores?lang=en:0
[  187599ms] [WARNING] The resource https://sf16-website-login.neutral.ttwstatic.com/obj/tiktok_web_login_static/tiktok/web/tiktok_fe_login_vmok/static/js/async/lib-axios.68812c5b.js was preloaded using link preload but not used within a few seconds from the window's load event. Please make sure it has an appropriate `as` value and it is preloaded intentionally. @ https://www.tiktok.com/@hegawystores?lang=en:0
[  197840ms] [WARNING] The resource https://sf16-website-login.neutral.ttwstatic.com/obj/tiktok_web_login_static/tiktok/web/tiktok_fe_login_vmok/static/js/async/__federation_expose_pure.7bb71833.js was preloaded using link preload but not used within a few seconds from the window's load event. Please make sure it has an appropriate `as` value and it is preloaded intentionally. @ https://www.tiktok.com/@hegawystores?lang=en:0
[  197841ms] [WARNING] The resource https://sf16-website-login.neutral.ttwstatic.com/obj/tiktok_web_login_static/tiktok/web/tiktok_fe_login_vmok/static/js/async/3911.77069edd.js was preloaded using link preload but not used within a few seconds from the window's load event. Please make sure it has an appropriate `as` value and it is preloaded intentionally. @ https://www.tiktok.com/@hegawystores?lang=en:0
[  197841ms] [WARNING] The resource https://sf16-website-login.neutral.ttwstatic.com/obj/tiktok_web_login_static/tiktok/web/tiktok_fe_login_vmok/static/js/async/1265.abf06e8b.js was preloaded using link preload but not used within a few seconds from the window's load event. Please make sure it has an appropriate `as` value and it is preloaded intentionally. @ https://www.tiktok.com/@hegawystores?lang=en:0
[  197841ms] [WARNING] The resource https://sf16-website-login.neutral.ttwstatic.com/obj/tiktok_web_login_static/tiktok/web/tiktok_fe_login_vmok/static/js/async/5613.8d5871a3.js was preloaded using link preload but not used within a few seconds from the window's load event. Please make sure it has an appropriate `as` value and it is preloaded intentionally. @ https://www.tiktok.com/@hegawystores?lang=en:0
[  197841ms] [WARNING] The resource https://sf16-website-login.neutral.ttwstatic.com/obj/tiktok_web_login_static/tiktok/web/tiktok_fe_login_vmok/static/js/async/1775.2141490f.js was preloaded using link preload but not used within a few seconds from the window's load event. Please make sure it has an appropriate `as` value and it is preloaded intentionally. @ https://www.tiktok.com/@hegawystores?lang=en:0
[  197841ms] [WARNING] The resource https://sf16-website-login.neutral.ttwstatic.com/obj/tiktok_web_login_static/tiktok/web/tiktok_fe_login_vmok/static/js/async/argus-builder-strategy.3e97a26f.js was preloaded using link preload but not used within a few seconds from the window's load event. Please make sure it has an appropriate `as` value and it is preloaded intentionally. @ https://www.tiktok.com/@hegawystores?lang=en:0
[  197841ms] [WARNING] The resource https://sf16-website-login.neutral.ttwstatic.com/obj/tiktok_web_login_static/tiktok/web/tiktok_fe_login_vmok/static/js/async/6869.bf0826a7.js was preloaded using link preload but not used within a few seconds from the window's load event. Please make sure it has an appropriate `as` value and it is preloaded intentionally. @ https://www.tiktok.com/@hegawystores?lang=en:0
[  197841ms] [WARNING] The resource https://sf16-website-login.neutral.ttwstatic.com/obj/tiktok_web_login_static/tiktok/web/tiktok_fe_login_vmok/static/js/async/6552.fd94ddd5.js was preloaded using link preload but not used within a few seconds from the window's load event. Please make sure it has an appropriate `as` value and it is preloaded intentionally. @ https://www.tiktok.com/@hegawystores?lang=en:0
[  197841ms] [WARNING] The resource https://sf16-website-login.neutral.ttwstatic.com/obj/tiktok_web_login_static/tiktok/web/tiktok_fe_login_vmok/static/js/async/lib-axios.68812c5b.js was preloaded using link preload but not used within a few seconds from the window's load event. Please make sure it has an appropriate `as` value and it is preloaded intentionally. @ https://www.tiktok.com/@hegawystores?lang=en:0
[  208555ms] [WARNING] The resource https://sf16-website-login.neutral.ttwstatic.com/obj/tiktok_web_login_static/tiktok/web/tiktok_fe_login_vmok/static/js/async/__federation_expose_pure.7bb71833.js was preloaded using link preload but not used within a few seconds from the window's load event. Please make sure it has an appropriate `as` value and it is preloaded intentionally. @ https://www.tiktok.com/@hegawystores?lang=en:0
[  208555ms] [WARNING] The resource https://sf16-website-login.neutral.ttwstatic.com/obj/tiktok_web_login_static/tiktok/web/tiktok_fe_login_vmok/static/js/async/3911.77069edd.js was preloaded using link preload but not used within a few seconds from the window's load event. Please make sure it has an appropriate `as` value and it is preloaded intentionally. @ https://www.tiktok.com/@hegawystores?lang=en:0
[  208555ms] [WARNING] The resource https://sf16-website-login.neutral.ttwstatic.com/obj/tiktok_web_login_static/tiktok/web/tiktok_fe_login_vmok/static/js/async/1265.abf06e8b.js was preloaded using link preload but not used within a few seconds from the window's load event. Please make sure it has an appropriate `as` value and it is preloaded intentionally. @ https://www.tiktok.com/@hegawystores?lang=en:0
[  208555ms] [WARNING] The resource https://sf16-website-login.neutral.ttwstatic.com/obj/tiktok_web_login_static/tiktok/web/tiktok_fe_login_vmok/static/js/async/5613.8d5871a3.js was preloaded using link preload but not used within a few seconds from the window's load event. Please make sure it has an appropriate `as` value and it is preloaded intentionally. @ https://www.tiktok.com/@hegawystores?lang=en:0
[  208555ms] [WARNING] The resource https://sf16-website-login.neutral.ttwstatic.com/obj/tiktok_web_login_static/tiktok/web/tiktok_fe_login_vmok/static/js/async/1775.2141490f.js was preloaded using link preload but not used within a few seconds from the window's load event. Please make sure it has an appropriate `as` value and it is preloaded intentionally. @ https://www.tiktok.com/@hegawystores?lang=en:0
[  208556ms] [WARNING] The resource https://sf16-website-login.neutral.ttwstatic.com/obj/tiktok_web_login_static/tiktok/web/tiktok_fe_login_vmok/static/js/async/argus-builder-strategy.3e97a26f.js was preloaded using link preload but not used within a few seconds from the window's load event. Please make sure it has an appropriate `as` value and it is preloaded intentionally. @ https://www.tiktok.com/@hegawystores?lang=en:0
[  208556ms] [WARNING] The resource https://sf16-website-login.neutral.ttwstatic.com/obj/tiktok_web_login_static/tiktok/web/tiktok_fe_login_vmok/static/js/async/6869.bf0826a7.js was preloaded using link preload but not used within a few seconds from the window's load event. Please make sure it has an appropriate `as` value and it is preloaded intentionally. @ https://www.tiktok.com/@hegawystores?lang=en:0
[  208556ms] [WARNING] The resource https://sf16-website-login.neutral.ttwstatic.com/obj/tiktok_web_login_static/tiktok/web/tiktok_fe_login_vmok/static/js/async/6552.fd94ddd5.js was preloaded using link preload but not used within a few seconds from the window's load event. Please make sure it has an appropriate `as` value and it is preloaded intentionally. @ https://www.tiktok.com/@hegawystores?lang=en:0
[  208556ms] [WARNING] The resource https://sf16-website-login.neutral.ttwstatic.com/obj/tiktok_web_login_static/tiktok/web/tiktok_fe_login_vmok/static/js/async/lib-axios.68812c5b.js was preloaded using link preload but not used within a few seconds from the window's load event. Please make sure it has an appropriate `as` value and it is preloaded intentionally. @ https://www.tiktok.com/@hegawystores?lang=en:0
[  219149ms] [WARNING] The resource https://sf16-website-login.neutral.ttwstatic.com/obj/tiktok_web_login_static/tiktok/web/tiktok_fe_login_vmok/static/js/async/__federation_expose_pure.7bb71833.js was preloaded using link preload but not used within a few seconds from the window's load event. Please make sure it has an appropriate `as` value and it is preloaded intentionally. @ https://www.tiktok.com/@hegawystores?lang=en:0
[  219149ms] [WARNING] The resource https://sf16-website-login.neutral.ttwstatic.com/obj/tiktok_web_login_static/tiktok/web/tiktok_fe_login_vmok/static/js/async/3911.77069edd.js was preloaded using link preload but not used within a few seconds from the window's load event. Please make sure it has an appropriate `as` value and it is preloaded intentionally. @ https://www.tiktok.com/@hegawystores?lang=en:0
[  219149ms] [WARNING] The resource https://sf16-website-login.neutral.ttwstatic.com/obj/tiktok_web_login_static/tiktok/web/tiktok_fe_login_vmok/static/js/async/1265.abf06e8b.js was preloaded using link preload but not used within a few seconds from the window's load event. Please make sure it has an appropriate `as` value and it is preloaded intentionally. @ https://www.tiktok.com/@hegawystores?lang=en:0
[  219149ms] [WARNING] The resource https://sf16-website-login.neutral.ttwstatic.com/obj/tiktok_web_login_static/tiktok/web/tiktok_fe_login_vmok/static/js/async/5613.8d5871a3.js was preloaded using link preload but not used within a few seconds from the window's load event. Please make sure it has an appropriate `as` value and it is preloaded intentionally. @ https://www.tiktok.com/@hegawystores?lang=en:0
[  219150ms] [WARNING] The resource https://sf16-website-login.neutral.ttwstatic.com/obj/tiktok_web_login_static/tiktok/web/tiktok_fe_login_vmok/static/js/async/1775.2141490f.js was preloaded using link preload but not used within a few seconds from the window's load event. Please make sure it has an appropriate `as` value and it is preloaded intentionally. @ https://www.tiktok.com/@hegawystores?lang=en:0
[  219150ms] [WARNING] The resource https://sf16-website-login.neutral.ttwstatic.com/obj/tiktok_web_login_static/tiktok/web/tiktok_fe_login_vmok/static/js/async/argus-builder-strategy.3e97a26f.js was preloaded using link preload but not used within a few seconds from the window's load event. Please make sure it has an appropriate `as` value and it is preloaded intentionally. @ https://www.tiktok.com/@hegawystores?lang=en:0
[  219150ms] [WARNING] The resource https://sf16-website-login.neutral.ttwstatic.com/obj/tiktok_web_login_static/tiktok/web/tiktok_fe_login_vmok/static/js/async/6869.bf0826a7.js was preloaded using link preload but not used within a few seconds from the window's load event. Please make sure it has an appropriate `as` value and it is preloaded intentionally. @ https://www.tiktok.com/@hegawystores?lang=en:0
[  219150ms] [WARNING] The resource https://sf16-website-login.neutral.ttwstatic.com/obj/tiktok_web_login_static/tiktok/web/tiktok_fe_login_vmok/static/js/async/6552.fd94ddd5.js was preloaded using link preload but not used within a few seconds from the window's load event. Please make sure it has an appropriate `as` value and it is preloaded intentionally. @ https://www.tiktok.com/@hegawystores?lang=en:0
[  219150ms] [WARNING] The resource https://sf16-website-login.neutral.ttwstatic.com/obj/tiktok_web_login_static/tiktok/web/tiktok_fe_login_vmok/static/js/async/lib-axios.68812c5b.js was preloaded using link preload but not used within a few seconds from the window's load event. Please make sure it has an appropriate `as` value and it is preloaded intentionally. @ https://www.tiktok.com/@hegawystores?lang=en:0
[  229696ms] [WARNING] The resource https://sf16-website-login.neutral.ttwstatic.com/obj/tiktok_web_login_static/tiktok/web/tiktok_fe_login_vmok/static/js/async/__federation_expose_pure.7bb71833.js was preloaded using link preload but not used within a few seconds from the window's load event. Please make sure it has an appropriate `as` value and it is preloaded intentionally. @ https://www.tiktok.com/@hegawystores?lang=en:0
[  229696ms] [WARNING] The resource https://sf16-website-login.neutral.ttwstatic.com/obj/tiktok_web_login_static/tiktok/web/tiktok_fe_login_vmok/static/js/async/3911.77069edd.js was preloaded using link preload but not used within a few seconds from the window's load event. Please make sure it has an appropriate `as` value and it is preloaded intentionally. @ https://www.tiktok.com/@hegawystores?lang=en:0
[  229696ms] [WARNING] The resource https://sf16-website-login.neutral.ttwstatic.com/obj/tiktok_web_login_static/tiktok/web/tiktok_fe_login_vmok/static/js/async/1265.abf06e8b.js was preloaded using link preload but not used within a few seconds from the window's load event. Please make sure it has an appropriate `as` value and it is preloaded intentionally. @ https://www.tiktok.com/@hegawystores?lang=en:0
[  229696ms] [WARNING] The resource https://sf16-website-login.neutral.ttwstatic.com/obj/tiktok_web_login_static/tiktok/web/tiktok_fe_login_vmok/static/js/async/5613.8d5871a3.js was preloaded using link preload but not used within a few seconds from the window's load event. Please make sure it has an appropriate `as` value and it is preloaded intentionally. @ https://www.tiktok.com/@hegawystores?lang=en:0
[  229696ms] [WARNING] The resource https://sf16-website-login.neutral.ttwstatic.com/obj/tiktok_web_login_static/tiktok/web/tiktok_fe_login_vmok/static/js/async/1775.2141490f.js was preloaded using link preload but not used within a few seconds from the window's load event. Please make sure it has an appropriate `as` value and it is preloaded intentionally. @ https://www.tiktok.com/@hegawystores?lang=en:0
[  229696ms] [WARNING] The resource https://sf16-website-login.neutral.ttwstatic.com/obj/tiktok_web_login_static/tiktok/web/tiktok_fe_login_vmok/static/js/async/argus-builder-strategy.3e97a26f.js was preloaded using link preload but not used within a few seconds from the window's load event. Please make sure it has an appropriate `as` value and it is preloaded intentionally. @ https://www.tiktok.com/@hegawystores?lang=en:0
[  229696ms] [WARNING] The resource https://sf16-website-login.neutral.ttwstatic.com/obj/tiktok_web_login_static/tiktok/web/tiktok_fe_login_vmok/static/js/async/6869.bf0826a7.js was preloaded using link preload but not used within a few seconds from the window's load event. Please make sure it has an appropriate `as` value and it is preloaded intentionally. @ https://www.tiktok.com/@hegawystores?lang=en:0
[  229696ms] [WARNING] The resource https://sf16-website-login.neutral.ttwstatic.com/obj/tiktok_web_login_static/tiktok/web/tiktok_fe_login_vmok/static/js/async/6552.fd94ddd5.js was preloaded using link preload but not used within a few seconds from the window's load event. Please make sure it has an appropriate `as` value and it is preloaded intentionally. @ https://www.tiktok.com/@hegawystores?lang=en:0
[  229696ms] [WARNING] The resource https://sf16-website-login.neutral.ttwstatic.com/obj/tiktok_web_login_static/tiktok/web/tiktok_fe_login_vmok/static/js/async/lib-axios.68812c5b.js was preloaded using link preload but not used within a few seconds from the window's load event. Please make sure it has an appropriate `as` value and it is preloaded intentionally. @ https://www.tiktok.com/@hegawystores?lang=en:0
[  240280ms] [WARNING] The resource https://sf16-website-login.neutral.ttwstatic.com/obj/tiktok_web_login_static/tiktok/web/tiktok_fe_login_vmok/static/js/async/__federation_expose_pure.7bb71833.js was preloaded using link preload but not used within a few seconds from the window's load event. Please make sure it has an appropriate `as` value and it is preloaded intentionally. @ https://www.tiktok.com/@hegawystores?lang=en:0
[  240280ms] [WARNING] The resource https://sf16-website-login.neutral.ttwstatic.com/obj/tiktok_web_login_static/tiktok/web/tiktok_fe_login_vmok/static/js/async/3911.77069edd.js was preloaded using link preload but not used within a few seconds from the window's load event. Please make sure it has an appropriate `as` value and it is preloaded intentionally. @ https://www.tiktok.com/@hegawystores?lang=en:0
[  240280ms] [WARNING] The resource https://sf16-website-login.neutral.ttwstatic.com/obj/tiktok_web_login_static/tiktok/web/tiktok_fe_login_vmok/static/js/async/1265.abf06e8b.js was preloaded using link preload but not used within a few seconds from the window's load event. Please make sure it has an appropriate `as` value and it is preloaded intentionally. @ https://www.tiktok.com/@hegawystores?lang=en:0
[  240280ms] [WARNING] The resource https://sf16-website-login.neutral.ttwstatic.com/obj/tiktok_web_login_static/tiktok/web/tiktok_fe_login_vmok/static/js/async/5613.8d5871a3.js was preloaded using link preload but not used within a few seconds from the window's load event. Please make sure it has an appropriate `as` value and it is preloaded intentionally. @ https://www.tiktok.com/@hegawystores?lang=en:0
[  240281ms] [WARNING] The resource https://sf16-website-login.neutral.ttwstatic.com/obj/tiktok_web_login_static/tiktok/web/tiktok_fe_login_vmok/static/js/async/1775.2141490f.js was preloaded using link preload but not used within a few seconds from the window's load event. Please make sure it has an appropriate `as` value and it is preloaded intentionally. @ https://www.tiktok.com/@hegawystores?lang=en:0
[  240281ms] [WARNING] The resource https://sf16-website-login.neutral.ttwstatic.com/obj/tiktok_web_login_static/tiktok/web/tiktok_fe_login_vmok/static/js/async/argus-builder-strategy.3e97a26f.js was preloaded using link preload but not used within a few seconds from the window's load event. Please make sure it has an appropriate `as` value and it is preloaded intentionally. @ https://www.tiktok.com/@hegawystores?lang=en:0
[  240281ms] [WARNING] The resource https://sf16-website-login.neutral.ttwstatic.com/obj/tiktok_web_login_static/tiktok/web/tiktok_fe_login_vmok/static/js/async/6869.bf0826a7.js was preloaded using link preload but not used within a few seconds from the window's load event. Please make sure it has an appropriate `as` value and it is preloaded intentionally. @ https://www.tiktok.com/@hegawystores?lang=en:0
[  240281ms] [WARNING] The resource https://sf16-website-login.neutral.ttwstatic.com/obj/tiktok_web_login_static/tiktok/web/tiktok_fe_login_vmok/static/js/async/6552.fd94ddd5.js was preloaded using link preload but not used within a few seconds from the window's load event. Please make sure it has an appropriate `as` value and it is preloaded intentionally. @ https://www.tiktok.com/@hegawystores?lang=en:0
[  240281ms] [WARNING] The resource https://sf16-website-login.neutral.ttwstatic.com/obj/tiktok_web_login_static/tiktok/web/tiktok_fe_login_vmok/static/js/async/lib-axios.68812c5b.js was preloaded using link preload but not used within a few seconds from the window's load event. Please make sure it has an appropriate `as` value and it is preloaded intentionally. @ https://www.tiktok.com/@hegawystores?lang=en:0
[  250887ms] [WARNING] The resource https://sf16-website-login.neutral.ttwstatic.com/obj/tiktok_web_login_static/tiktok/web/tiktok_fe_login_vmok/static/js/async/__federation_expose_pure.7bb71833.js was preloaded using link preload but not used within a few seconds from the window's load event. Please make sure it has an appropriate `as` value and it is preloaded intentionally. @ https://www.tiktok.com/@hegawystores?lang=en:0
[  250887ms] [WARNING] The resource https://sf16-website-login.neutral.ttwstatic.com/obj/tiktok_web_login_static/tiktok/web/tiktok_fe_login_vmok/static/js/async/3911.77069edd.js was preloaded using link preload but not used within a few seconds from the window's load event. Please make sure it has an appropriate `as` value and it is preloaded intentionally. @ https://www.tiktok.com/@hegawystores?lang=en:0
[  250887ms] [WARNING] The resource https://sf16-website-login.neutral.ttwstatic.com/obj/tiktok_web_login_static/tiktok/web/tiktok_fe_login_vmok/static/js/async/1265.abf06e8b.js was preloaded using link preload but not used within a few seconds from the window's load event. Please make sure it has an appropriate `as` value and it is preloaded intentionally. @ https://www.tiktok.com/@hegawystores?lang=en:0
[  250887ms] [WARNING] The resource https://sf16-website-login.neutral.ttwstatic.com/obj/tiktok_web_login_static/tiktok/web/tiktok_fe_login_vmok/static/js/async/5613.8d5871a3.js was preloaded using link preload but not used within a few seconds from the window's load event. Please make sure it has an appropriate `as` value and it is preloaded intentionally. @ https://www.tiktok.com/@hegawystores?lang=en:0
[  250887ms] [WARNING] The resource https://sf16-website-login.neutral.ttwstatic.com/obj/tiktok_web_login_static/tiktok/web/tiktok_fe_login_vmok/static/js/async/1775.2141490f.js was preloaded using link preload but not used within a few seconds from the window's load event. Please make sure it has an appropriate `as` value and it is preloaded intentionally. @ https://www.tiktok.com/@hegawystores?lang=en:0
[  250887ms] [WARNING] The resource https://sf16-website-login.neutral.ttwstatic.com/obj/tiktok_web_login_static/tiktok/web/tiktok_fe_login_vmok/static/js/async/argus-builder-strategy.3e97a26f.js was preloaded using link preload but not used within a few seconds from the window's load event. Please make sure it has an appropriate `as` value and it is preloaded intentionally. @ https://www.tiktok.com/@hegawystores?lang=en:0
[  250887ms] [WARNING] The resource https://sf16-website-login.neutral.ttwstatic.com/obj/tiktok_web_login_static/tiktok/web/tiktok_fe_login_vmok/static/js/async/6869.bf0826a7.js was preloaded using link preload but not used within a few seconds from the window's load event. Please make sure it has an appropriate `as` value and it is preloaded intentionally. @ https://www.tiktok.com/@hegawystores?lang=en:0
[  250887ms] [WARNING] The resource https://sf16-website-login.neutral.ttwstatic.com/obj/tiktok_web_login_static/tiktok/web/tiktok_fe_login_vmok/static/js/async/6552.fd94ddd5.js was preloaded using link preload but not used within a few seconds from the window's load event. Please make sure it has an appropriate `as` value and it is preloaded intentionally. @ https://www.tiktok.com/@hegawystores?lang=en:0
[  250888ms] [WARNING] The resource https://sf16-website-login.neutral.ttwstatic.com/obj/tiktok_web_login_static/tiktok/web/tiktok_fe_login_vmok/static/js/async/lib-axios.68812c5b.js was preloaded using link preload but not used within a few seconds from the window's load event. Please make sure it has an appropriate `as` value and it is preloaded intentionally. @ https://www.tiktok.com/@hegawystores?lang=en:0
[  261481ms] [WARNING] The resource https://sf16-website-login.neutral.ttwstatic.com/obj/tiktok_web_login_static/tiktok/web/tiktok_fe_login_vmok/static/js/async/__federation_expose_pure.7bb71833.js was preloaded using link preload but not used within a few seconds from the window's load event. Please make sure it has an appropriate `as` value and it is preloaded intentionally. @ https://www.tiktok.com/@hegawystores?lang=en:0
[  261481ms] [WARNING] The resource https://sf16-website-login.neutral.ttwstatic.com/obj/tiktok_web_login_static/tiktok/web/tiktok_fe_login_vmok/static/js/async/3911.77069edd.js was preloaded using link preload but not used within a few seconds from the window's load event. Please make sure it has an appropriate `as` value and it is preloaded intentionally. @ https://www.tiktok.com/@hegawystores?lang=en:0
[  261481ms] [WARNING] The resource https://sf16-website-login.neutral.ttwstatic.com/obj/tiktok_web_login_static/tiktok/web/tiktok_fe_login_vmok/static/js/async/1265.abf06e8b.js was preloaded using link preload but not used within a few seconds from the window's load event. Please make sure it has an appropriate `as` value and it is preloaded intentionally. @ https://www.tiktok.com/@hegawystores?lang=en:0
[  261481ms] [WARNING] The resource https://sf16-website-login.neutral.ttwstatic.com/obj/tiktok_web_login_static/tiktok/web/tiktok_fe_login_vmok/static/js/async/5613.8d5871a3.js was preloaded using link preload but not used within a few seconds from the window's load event. Please make sure it has an appropriate `as` value and it is preloaded intentionally. @ https://www.tiktok.com/@hegawystores?lang=en:0
[  261481ms] [WARNING] The resource https://sf16-website-login.neutral.ttwstatic.com/obj/tiktok_web_login_static/tiktok/web/tiktok_fe_login_vmok/static/js/async/1775.2141490f.js was preloaded using link preload but not used within a few seconds from the window's load event. Please make sure it has an appropriate `as` value and it is preloaded intentionally. @ https://www.tiktok.com/@hegawystores?lang=en:0
[  261481ms] [WARNING] The resource https://sf16-website-login.neutral.ttwstatic.com/obj/tiktok_web_login_static/tiktok/web/tiktok_fe_login_vmok/static/js/async/argus-builder-strategy.3e97a26f.js was preloaded using link preload but not used within a few seconds from the window's load event. Please make sure it has an appropriate `as` value and it is preloaded intentionally. @ https://www.tiktok.com/@hegawystores?lang=en:0
[  261481ms] [WARNING] The resource https://sf16-website-login.neutral.ttwstatic.com/obj/tiktok_web_login_static/tiktok/web/tiktok_fe_login_vmok/static/js/async/6869.bf0826a7.js was preloaded using link preload but not used within a few seconds from the window's load event. Please make sure it has an appropriate `as` value and it is preloaded intentionally. @ https://www.tiktok.com/@hegawystores?lang=en:0
[  261482ms] [WARNING] The resource https://sf16-website-login.neutral.ttwstatic.com/obj/tiktok_web_login_static/tiktok/web/tiktok_fe_login_vmok/static/js/async/6552.fd94ddd5.js was preloaded using link preload but not used within a few seconds from the window's load event. Please make sure it has an appropriate `as` value and it is preloaded intentionally. @ https://www.tiktok.com/@hegawystores?lang=en:0
[  261482ms] [WARNING] The resource https://sf16-website-login.neutral.ttwstatic.com/obj/tiktok_web_login_static/tiktok/web/tiktok_fe_login_vmok/static/js/async/lib-axios.68812c5b.js was preloaded using link preload but not used within a few seconds from the window's load event. Please make sure it has an appropriate `as` value and it is preloaded intentionally. @ https://www.tiktok.com/@hegawystores?lang=en:0
[  272100ms] [WARNING] The resource https://sf16-website-login.neutral.ttwstatic.com/obj/tiktok_web_login_static/tiktok/web/tiktok_fe_login_vmok/static/js/async/__federation_expose_pure.7bb71833.js was preloaded using link preload but not used within a few seconds from the window's load event. Please make sure it has an appropriate `as` value and it is preloaded intentionally. @ https://www.tiktok.com/@hegawystores?lang=en:0
[  272100ms] [WARNING] The resource https://sf16-website-login.neutral.ttwstatic.com/obj/tiktok_web_login_static/tiktok/web/tiktok_fe_login_vmok/static/js/async/3911.77069edd.js was preloaded using link preload but not used within a few seconds from the window's load event. Please make sure it has an appropriate `as` value and it is preloaded intentionally. @ https://www.tiktok.com/@hegawystores?lang=en:0
[  272101ms] [WARNING] The resource https://sf16-website-login.neutral.ttwstatic.com/obj/tiktok_web_login_static/tiktok/web/tiktok_fe_login_vmok/static/js/async/1265.abf06e8b.js was preloaded using link preload but not used within a few seconds from the window's load event. Please make sure it has an appropriate `as` value and it is preloaded intentionally. @ https://www.tiktok.com/@hegawystores?lang=en:0
[  272101ms] [WARNING] The resource https://sf16-website-login.neutral.ttwstatic.com/obj/tiktok_web_login_static/tiktok/web/tiktok_fe_login_vmok/static/js/async/5613.8d5871a3.js was preloaded using link preload but not used within a few seconds from the window's load event. Please make sure it has an appropriate `as` value and it is preloaded intentionally. @ https://www.tiktok.com/@hegawystores?lang=en:0
[  272101ms] [WARNING] The resource https://sf16-website-login.neutral.ttwstatic.com/obj/tiktok_web_login_static/tiktok/web/tiktok_fe_login_vmok/static/js/async/1775.2141490f.js was preloaded using link preload but not used within a few seconds from the window's load event. Please make sure it has an appropriate `as` value and it is preloaded intentionally. @ https://www.tiktok.com/@hegawystores?lang=en:0
[  272101ms] [WARNING] The resource https://sf16-website-login.neutral.ttwstatic.com/obj/tiktok_web_login_static/tiktok/web/tiktok_fe_login_vmok/static/js/async/argus-builder-strategy.3e97a26f.js was preloaded using link preload but not used within a few seconds from the window's load event. Please make sure it has an appropriate `as` value and it is preloaded intentionally. @ https://www.tiktok.com/@hegawystores?lang=en:0
[  272101ms] [WARNING] The resource https://sf16-website-login.neutral.ttwstatic.com/obj/tiktok_web_login_static/tiktok/web/tiktok_fe_login_vmok/static/js/async/6869.bf0826a7.js was preloaded using link preload but not used within a few seconds from the window's load event. Please make sure it has an appropriate `as` value and it is preloaded intentionally. @ https://www.tiktok.com/@hegawystores?lang=en:0
[  272101ms] [WARNING] The resource https://sf16-website-login.neutral.ttwstatic.com/obj/tiktok_web_login_static/tiktok/web/tiktok_fe_login_vmok/static/js/async/6552.fd94ddd5.js was preloaded using link preload but not used within a few seconds from the window's load event. Please make sure it has an appropriate `as` value and it is preloaded intentionally. @ https://www.tiktok.com/@hegawystores?lang=en:0
[  272101ms] [WARNING] The resource https://sf16-website-login.neutral.ttwstatic.com/obj/tiktok_web_login_static/tiktok/web/tiktok_fe_login_vmok/static/js/async/lib-axios.68812c5b.js was preloaded using link preload but not used within a few seconds from the window's load event. Please make sure it has an appropriate `as` value and it is preloaded intentionally. @ https://www.tiktok.com/@hegawystores?lang=en:0
[  276957ms] [WARNING] The resource https://sf16-website-login.neutral.ttwstatic.com/obj/tiktok_web_login_static/tiktok/web/tiktok_fe_login_vmok/static/js/async/__federation_expose_pure.7bb71833.js was preloaded using link preload but not used within a few seconds from the window's load event. Please make sure it has an appropriate `as` value and it is preloaded intentionally. @ https://www.tiktok.com/@hegawystores?lang=en:0
[  276957ms] [WARNING] The resource https://sf16-website-login.neutral.ttwstatic.com/obj/tiktok_web_login_static/tiktok/web/tiktok_fe_login_vmok/static/js/async/3911.77069edd.js was preloaded using link preload but not used within a few seconds from the window's load event. Please make sure it has an appropriate `as` value and it is preloaded intentionally. @ https://www.tiktok.com/@hegawystores?lang=en:0
[  276957ms] [WARNING] The resource https://sf16-website-login.neutral.ttwstatic.com/obj/tiktok_web_login_static/tiktok/web/tiktok_fe_login_vmok/static/js/async/1265.abf06e8b.js was preloaded using link preload but not used within a few seconds from the window's load event. Please make sure it has an appropriate `as` value and it is preloaded intentionally. @ https://www.tiktok.com/@hegawystores?lang=en:0
[  276957ms] [WARNING] The resource https://sf16-website-login.neutral.ttwstatic.com/obj/tiktok_web_login_static/tiktok/web/tiktok_fe_login_vmok/static/js/async/5613.8d5871a3.js was preloaded using link preload but not used within a few seconds from the window's load event. Please make sure it has an appropriate `as` value and it is preloaded intentionally. @ https://www.tiktok.com/@hegawystores?lang=en:0
[  276957ms] [WARNING] The resource https://sf16-website-login.neutral.ttwstatic.com/obj/tiktok_web_login_static/tiktok/web/tiktok_fe_login_vmok/static/js/async/1775.2141490f.js was preloaded using link preload but not used within a few seconds from the window's load event. Please make sure it has an appropriate `as` value and it is preloaded intentionally. @ https://www.tiktok.com/@hegawystores?lang=en:0
[  276957ms] [WARNING] The resource https://sf16-website-login.neutral.ttwstatic.com/obj/tiktok_web_login_static/tiktok/web/tiktok_fe_login_vmok/static/js/async/argus-builder-strategy.3e97a26f.js was preloaded using link preload but not used within a few seconds from the window's load event. Please make sure it has an appropriate `as` value and it is preloaded intentionally. @ https://www.tiktok.com/@hegawystores?lang=en:0
[  276958ms] [WARNING] The resource https://sf16-website-login.neutral.ttwstatic.com/obj/tiktok_web_login_static/tiktok/web/tiktok_fe_login_vmok/static/js/async/6869.bf0826a7.js was preloaded using link preload but not used within a few seconds from the window's load event. Please make sure it has an appropriate `as` value and it is preloaded intentionally. @ https://www.tiktok.com/@hegawystores?lang=en:0
[  276958ms] [WARNING] The resource https://sf16-website-login.neutral.ttwstatic.com/obj/tiktok_web_login_static/tiktok/web/tiktok_fe_login_vmok/static/js/async/6552.fd94ddd5.js was preloaded using link preload but not used within a few seconds from the window's load event. Please make sure it has an appropriate `as` value and it is preloaded intentionally. @ https://www.tiktok.com/@hegawystores?lang=en:0
[  276958ms] [WARNING] The resource https://sf16-website-login.neutral.ttwstatic.com/obj/tiktok_web_login_static/tiktok/web/tiktok_fe_login_vmok/static/js/async/lib-axios.68812c5b.js was preloaded using link preload but not used within a few seconds from the window's load event. Please make sure it has an appropriate `as` value and it is preloaded intentionally. @ https://www.tiktok.com/@hegawystores?lang=en:0
[  282672ms] [WARNING] The resource https://sf16-website-login.neutral.ttwstatic.com/obj/tiktok_web_login_static/tiktok/web/tiktok_fe_login_vmok/static/js/async/__federation_expose_pure.7bb71833.js was preloaded using link preload but not used within a few seconds from the window's load event. Please make sure it has an appropriate `as` value and it is preloaded intentionally. @ https://www.tiktok.com/@hegawystores?lang=en:0
[  282672ms] [WARNING] The resource https://sf16-website-login.neutral.ttwstatic.com/obj/tiktok_web_login_static/tiktok/web/tiktok_fe_login_vmok/static/js/async/3911.77069edd.js was preloaded using link preload but not used within a few seconds from the window's load event. Please make sure it has an appropriate `as` value and it is preloaded intentionally. @ https://www.tiktok.com/@hegawystores?lang=en:0
[  282672ms] [WARNING] The resource https://sf16-website-login.neutral.ttwstatic.com/obj/tiktok_web_login_static/tiktok/web/tiktok_fe_login_vmok/static/js/async/1265.abf06e8b.js was preloaded using link preload but not used within a few seconds from the window's load event. Please make sure it has an appropriate `as` value and it is preloaded intentionally. @ https://www.tiktok.com/@hegawystores?lang=en:0
[  282672ms] [WARNING] The resource https://sf16-website-login.neutral.ttwstatic.com/obj/tiktok_web_login_static/tiktok/web/tiktok_fe_login_vmok/static/js/async/5613.8d5871a3.js was preloaded using link preload but not used within a few seconds from the window's load event. Please make sure it has an appropriate `as` value and it is preloaded intentionally. @ https://www.tiktok.com/@hegawystores?lang=en:0
[  282672ms] [WARNING] The resource https://sf16-website-login.neutral.ttwstatic.com/obj/tiktok_web_login_static/tiktok/web/tiktok_fe_login_vmok/static/js/async/1775.2141490f.js was preloaded using link preload but not used within a few seconds from the window's load event. Please make sure it has an appropriate `as` value and it is preloaded intentionally. @ https://www.tiktok.com/@hegawystores?lang=en:0
[  282672ms] [WARNING] The resource https://sf16-website-login.neutral.ttwstatic.com/obj/tiktok_web_login_static/tiktok/web/tiktok_fe_login_vmok/static/js/async/argus-builder-strategy.3e97a26f.js was preloaded using link preload but not used within a few seconds from the window's load event. Please make sure it has an appropriate `as` value and it is preloaded intentionally. @ https://www.tiktok.com/@hegawystores?lang=en:0
[  282672ms] [WARNING] The resource https://sf16-website-login.neutral.ttwstatic.com/obj/tiktok_web_login_static/tiktok/web/tiktok_fe_login_vmok/static/js/async/6869.bf0826a7.js was preloaded using link preload but not used within a few seconds from the window's load event. Please make sure it has an appropriate `as` value and it is preloaded intentionally. @ https://www.tiktok.com/@hegawystores?lang=en:0
[  282672ms] [WARNING] The resource https://sf16-website-login.neutral.ttwstatic.com/obj/tiktok_web_login_static/tiktok/web/tiktok_fe_login_vmok/static/js/async/6552.fd94ddd5.js was preloaded using link preload but not used within a few seconds from the window's load event. Please make sure it has an appropriate `as` value and it is preloaded intentionally. @ https://www.tiktok.com/@hegawystores?lang=en:0
[  282672ms] [WARNING] The resource https://sf16-website-login.neutral.ttwstatic.com/obj/tiktok_web_login_static/tiktok/web/tiktok_fe_login_vmok/static/js/async/lib-axios.68812c5b.js was preloaded using link preload but not used within a few seconds from the window's load event. Please make sure it has an appropriate `as` value and it is preloaded intentionally. @ https://www.tiktok.com/@hegawystores?lang=en:0
[  293447ms] [WARNING] The resource https://sf16-website-login.neutral.ttwstatic.com/obj/tiktok_web_login_static/tiktok/web/tiktok_fe_login_vmok/static/js/async/__federation_expose_pure.7bb71833.js was preloaded using link preload but not used within a few seconds from the window's load event. Please make sure it has an appropriate `as` value and it is preloaded intentionally. @ https://www.tiktok.com/@hegawystores?lang=en:0
[  293447ms] [WARNING] The resource https://sf16-website-login.neutral.ttwstatic.com/obj/tiktok_web_login_static/tiktok/web/tiktok_fe_login_vmok/static/js/async/3911.77069edd.js was preloaded using link preload but not used within a few seconds from the window's load event. Please make sure it has an appropriate `as` value and it is preloaded intentionally. @ https://www.tiktok.com/@hegawystores?lang=en:0
[  293447ms] [WARNING] The resource https://sf16-website-login.neutral.ttwstatic.com/obj/tiktok_web_login_static/tiktok/web/tiktok_fe_login_vmok/static/js/async/1265.abf06e8b.js was preloaded using link preload but not used within a few seconds from the window's load event. Please make sure it has an appropriate `as` value and it is preloaded intentionally. @ https://www.tiktok.com/@hegawystores?lang=en:0
[  293448ms] [WARNING] The resource https://sf16-website-login.neutral.ttwstatic.com/obj/tiktok_web_login_static/tiktok/web/tiktok_fe_login_vmok/static/js/async/5613.8d5871a3.js was preloaded using link preload but not used within a few seconds from the window's load event. Please make sure it has an appropriate `as` value and it is preloaded intentionally. @ https://www.tiktok.com/@hegawystores?lang=en:0
[  293448ms] [WARNING] The resource https://sf16-website-login.neutral.ttwstatic.com/obj/tiktok_web_login_static/tiktok/web/tiktok_fe_login_vmok/static/js/async/1775.2141490f.js was preloaded using link preload but not used within a few seconds from the window's load event. Please make sure it has an appropriate `as` value and it is preloaded intentionally. @ https://www.tiktok.com/@hegawystores?lang=en:0
[  293448ms] [WARNING] The resource https://sf16-website-login.neutral.ttwstatic.com/obj/tiktok_web_login_static/tiktok/web/tiktok_fe_login_vmok/static/js/async/argus-builder-strategy.3e97a26f.js was preloaded using link preload but not used within a few seconds from the window's load event. Please make sure it has an appropriate `as` value and it is preloaded intentionally. @ https://www.tiktok.com/@hegawystores?lang=en:0
[  293448ms] [WARNING] The resource https://sf16-website-login.neutral.ttwstatic.com/obj/tiktok_web_login_static/tiktok/web/tiktok_fe_login_vmok/static/js/async/6869.bf0826a7.js was preloaded using link preload but not used within a few seconds from the window's load event. Please make sure it has an appropriate `as` value and it is preloaded intentionally. @ https://www.tiktok.com/@hegawystores?lang=en:0
[  293448ms] [WARNING] The resource https://sf16-website-login.neutral.ttwstatic.com/obj/tiktok_web_login_static/tiktok/web/tiktok_fe_login_vmok/static/js/async/6552.fd94ddd5.js was preloaded using link preload but not used within a few seconds from the window's load event. Please make sure it has an appropriate `as` value and it is preloaded intentionally. @ https://www.tiktok.com/@hegawystores?lang=en:0
[  293448ms] [WARNING] The resource https://sf16-website-login.neutral.ttwstatic.com/obj/tiktok_web_login_static/tiktok/web/tiktok_fe_login_vmok/static/js/async/lib-axios.68812c5b.js was preloaded using link preload but not used within a few seconds from the window's load event. Please make sure it has an appropriate `as` value and it is preloaded intentionally. @ https://www.tiktok.com/@hegawystores?lang=en:0
[  309335ms] [WARNING] The resource https://sf16-website-login.neutral.ttwstatic.com/obj/tiktok_web_login_static/tiktok/web/tiktok_fe_login_vmok/static/js/async/__federation_expose_pure.7bb71833.js was preloaded using link preload but not used within a few seconds from the window's load event. Please make sure it has an appropriate `as` value and it is preloaded intentionally. @ https://www.tiktok.com/@hegawystores?lang=en:0
[  309335ms] [WARNING] The resource https://sf16-website-login.neutral.ttwstatic.com/obj/tiktok_web_login_static/tiktok/web/tiktok_fe_login_vmok/static/js/async/3911.77069edd.js was preloaded using link preload but not used within a few seconds from the window's load event. Please make sure it has an appropriate `as` value and it is preloaded intentionally. @ https://www.tiktok.com/@hegawystores?lang=en:0
[  309336ms] [WARNING] The resource https://sf16-website-login.neutral.ttwstatic.com/obj/tiktok_web_login_static/tiktok/web/tiktok_fe_login_vmok/static/js/async/1265.abf06e8b.js was preloaded using link preload but not used within a few seconds from the window's load event. Please make sure it has an appropriate `as` value and it is preloaded intentionally. @ https://www.tiktok.com/@hegawystores?lang=en:0
[  309336ms] [WARNING] The resource https://sf16-website-login.neutral.ttwstatic.com/obj/tiktok_web_login_static/tiktok/web/tiktok_fe_login_vmok/static/js/async/5613.8d5871a3.js was preloaded using link preload but not used within a few seconds from the window's load event. Please make sure it has an appropriate `as` value and it is preloaded intentionally. @ https://www.tiktok.com/@hegawystores?lang=en:0
[  309336ms] [WARNING] The resource https://sf16-website-login.neutral.ttwstatic.com/obj/tiktok_web_login_static/tiktok/web/tiktok_fe_login_vmok/static/js/async/1775.2141490f.js was preloaded using link preload but not used within a few seconds from the window's load event. Please make sure it has an appropriate `as` value and it is preloaded intentionally. @ https://www.tiktok.com/@hegawystores?lang=en:0
[  309336ms] [WARNING] The resource https://sf16-website-login.neutral.ttwstatic.com/obj/tiktok_web_login_static/tiktok/web/tiktok_fe_login_vmok/static/js/async/argus-builder-strategy.3e97a26f.js was preloaded using link preload but not used within a few seconds from the window's load event. Please make sure it has an appropriate `as` value and it is preloaded intentionally. @ https://www.tiktok.com/@hegawystores?lang=en:0
[  309337ms] [WARNING] The resource https://sf16-website-login.neutral.ttwstatic.com/obj/tiktok_web_login_static/tiktok/web/tiktok_fe_login_vmok/static/js/async/6869.bf0826a7.js was preloaded using link preload but not used within a few seconds from the window's load event. Please make sure it has an appropriate `as` value and it is preloaded intentionally. @ https://www.tiktok.com/@hegawystores?lang=en:0
[  309337ms] [WARNING] The resource https://sf16-website-login.neutral.ttwstatic.com/obj/tiktok_web_login_static/tiktok/web/tiktok_fe_login_vmok/static/js/async/6552.fd94ddd5.js was preloaded using link preload but not used within a few seconds from the window's load event. Please make sure it has an appropriate `as` value and it is preloaded intentionally. @ https://www.tiktok.com/@hegawystores?lang=en:0
[  309337ms] [WARNING] The resource https://sf16-website-login.neutral.ttwstatic.com/obj/tiktok_web_login_static/tiktok/web/tiktok_fe_login_vmok/static/js/async/lib-axios.68812c5b.js was preloaded using link preload but not used within a few seconds from the window's load event. Please make sure it has an appropriate `as` value and it is preloaded intentionally. @ https://www.tiktok.com/@hegawystores?lang=en:0
[  314849ms] [WARNING] The resource https://sf16-website-login.neutral.ttwstatic.com/obj/tiktok_web_login_static/tiktok/web/tiktok_fe_login_vmok/static/js/async/__federation_expose_pure.7bb71833.js was preloaded using link preload but not used within a few seconds from the window's load event. Please make sure it has an appropriate `as` value and it is preloaded intentionally. @ https://www.tiktok.com/@hegawystores?lang=en:0
[  314849ms] [WARNING] The resource https://sf16-website-login.neutral.ttwstatic.com/obj/tiktok_web_login_static/tiktok/web/tiktok_fe_login_vmok/static/js/async/3911.77069edd.js was preloaded using link preload but not used within a few seconds from the window's load event. Please make sure it has an appropriate `as` value and it is preloaded intentionally. @ https://www.tiktok.com/@hegawystores?lang=en:0
[  314850ms] [WARNING] The resource https://sf16-website-login.neutral.ttwstatic.com/obj/tiktok_web_login_static/tiktok/web/tiktok_fe_login_vmok/static/js/async/1265.abf06e8b.js was preloaded using link preload but not used within a few seconds from the window's load event. Please make sure it has an appropriate `as` value and it is preloaded intentionally. @ https://www.tiktok.com/@hegawystores?lang=en:0
[  314850ms] [WARNING] The resource https://sf16-website-login.neutral.ttwstatic.com/obj/tiktok_web_login_static/tiktok/web/tiktok_fe_login_vmok/static/js/async/5613.8d5871a3.js was preloaded using link preload but not used within a few seconds from the window's load event. Please make sure it has an appropriate `as` value and it is preloaded intentionally. @ https://www.tiktok.com/@hegawystores?lang=en:0
[  314850ms] [WARNING] The resource https://sf16-website-login.neutral.ttwstatic.com/obj/tiktok_web_login_static/tiktok/web/tiktok_fe_login_vmok/static/js/async/1775.2141490f.js was preloaded using link preload but not used within a few seconds from the window's load event. Please make sure it has an appropriate `as` value and it is preloaded intentionally. @ https://www.tiktok.com/@hegawystores?lang=en:0
[  314850ms] [WARNING] The resource https://sf16-website-login.neutral.ttwstatic.com/obj/tiktok_web_login_static/tiktok/web/tiktok_fe_login_vmok/static/js/async/argus-builder-strategy.3e97a26f.js was preloaded using link preload but not used within a few seconds from the window's load event. Please make sure it has an appropriate `as` value and it is preloaded intentionally. @ https://www.tiktok.com/@hegawystores?lang=en:0
[  314850ms] [WARNING] The resource https://sf16-website-login.neutral.ttwstatic.com/obj/tiktok_web_login_static/tiktok/web/tiktok_fe_login_vmok/static/js/async/6869.bf0826a7.js was preloaded using link preload but not used within a few seconds from the window's load event. Please make sure it has an appropriate `as` value and it is preloaded intentionally. @ https://www.tiktok.com/@hegawystores?lang=en:0
[  314850ms] [WARNING] The resource https://sf16-website-login.neutral.ttwstatic.com/obj/tiktok_web_login_static/tiktok/web/tiktok_fe_login_vmok/static/js/async/6552.fd94ddd5.js was preloaded using link preload but not used within a few seconds from the window's load event. Please make sure it has an appropriate `as` value and it is preloaded intentionally. @ https://www.tiktok.com/@hegawystores?lang=en:0
[  314850ms] [WARNING] The resource https://sf16-website-login.neutral.ttwstatic.com/obj/tiktok_web_login_static/tiktok/web/tiktok_fe_login_vmok/static/js/async/lib-axios.68812c5b.js was preloaded using link preload but not used within a few seconds from the window's load event. Please make sure it has an appropriate `as` value and it is preloaded intentionally. @ https://www.tiktok.com/@hegawystores?lang=en:0
[  325426ms] [WARNING] The resource https://sf16-website-login.neutral.ttwstatic.com/obj/tiktok_web_login_static/tiktok/web/tiktok_fe_login_vmok/static/js/async/__federation_expose_pure.7bb71833.js was preloaded using link preload but not used within a few seconds from the window's load event. Please make sure it has an appropriate `as` value and it is preloaded intentionally. @ https://www.tiktok.com/@hegawystores?lang=en:0
[  325426ms] [WARNING] The resource https://sf16-website-login.neutral.ttwstatic.com/obj/tiktok_web_login_static/tiktok/web/tiktok_fe_login_vmok/static/js/async/3911.77069edd.js was preloaded using link preload but not used within a few seconds from the window's load event. Please make sure it has an appropriate `as` value and it is preloaded intentionally. @ https://www.tiktok.com/@hegawystores?lang=en:0
[  325426ms] [WARNING] The resource https://sf16-website-login.neutral.ttwstatic.com/obj/tiktok_web_login_static/tiktok/web/tiktok_fe_login_vmok/static/js/async/1265.abf06e8b.js was preloaded using link preload but not used within a few seconds from the window's load event. Please make sure it has an appropriate `as` value and it is preloaded intentionally. @ https://www.tiktok.com/@hegawystores?lang=en:0
[  325426ms] [WARNING] The resource https://sf16-website-login.neutral.ttwstatic.com/obj/tiktok_web_login_static/tiktok/web/tiktok_fe_login_vmok/static/js/async/5613.8d5871a3.js was preloaded using link preload but not used within a few seconds from the window's load event. Please make sure it has an appropriate `as` value and it is preloaded intentionally. @ https://www.tiktok.com/@hegawystores?lang=en:0
[  325426ms] [WARNING] The resource https://sf16-website-login.neutral.ttwstatic.com/obj/tiktok_web_login_static/tiktok/web/tiktok_fe_login_vmok/static/js/async/1775.2141490f.js was preloaded using link preload but not used within a few seconds from the window's load event. Please make sure it has an appropriate `as` value and it is preloaded intentionally. @ https://www.tiktok.com/@hegawystores?lang=en:0
[  325426ms] [WARNING] The resource https://sf16-website-login.neutral.ttwstatic.com/obj/tiktok_web_login_static/tiktok/web/tiktok_fe_login_vmok/static/js/async/argus-builder-strategy.3e97a26f.js was preloaded using link preload but not used within a few seconds from the window's load event. Please make sure it has an appropriate `as` value and it is preloaded intentionally. @ https://www.tiktok.com/@hegawystores?lang=en:0
[  325426ms] [WARNING] The resource https://sf16-website-login.neutral.ttwstatic.com/obj/tiktok_web_login_static/tiktok/web/tiktok_fe_login_vmok/static/js/async/6869.bf0826a7.js was preloaded using link preload but not used within a few seconds from the window's load event. Please make sure it has an appropriate `as` value and it is preloaded intentionally. @ https://www.tiktok.com/@hegawystores?lang=en:0
[  325426ms] [WARNING] The resource https://sf16-website-login.neutral.ttwstatic.com/obj/tiktok_web_login_static/tiktok/web/tiktok_fe_login_vmok/static/js/async/6552.fd94ddd5.js was preloaded using link preload but not used within a few seconds from the window's load event. Please make sure it has an appropriate `as` value and it is preloaded intentionally. @ https://www.tiktok.com/@hegawystores?lang=en:0
[  325426ms] [WARNING] The resource https://sf16-website-login.neutral.ttwstatic.com/obj/tiktok_web_login_static/tiktok/web/tiktok_fe_login_vmok/static/js/async/lib-axios.68812c5b.js was preloaded using link preload but not used within a few seconds from the window's load event. Please make sure it has an appropriate `as` value and it is preloaded intentionally. @ https://www.tiktok.com/@hegawystores?lang=en:0
[  336940ms] [WARNING] The resource https://sf16-website-login.neutral.ttwstatic.com/obj/tiktok_web_login_static/tiktok/web/tiktok_fe_login_vmok/static/js/async/__federation_expose_pure.7bb71833.js was preloaded using link preload but not used within a few seconds from the window's load event. Please make sure it has an appropriate `as` value and it is preloaded intentionally. @ https://www.tiktok.com/@hegawystores?lang=en:0
[  336940ms] [WARNING] The resource https://sf16-website-login.neutral.ttwstatic.com/obj/tiktok_web_login_static/tiktok/web/tiktok_fe_login_vmok/static/js/async/3911.77069edd.js was preloaded using link preload but not used within a few seconds from the window's load event. Please make sure it has an appropriate `as` value and it is preloaded intentionally. @ https://www.tiktok.com/@hegawystores?lang=en:0
[  336940ms] [WARNING] The resource https://sf16-website-login.neutral.ttwstatic.com/obj/tiktok_web_login_static/tiktok/web/tiktok_fe_login_vmok/static/js/async/1265.abf06e8b.js was preloaded using link preload but not used within a few seconds from the window's load event. Please make sure it has an appropriate `as` value and it is preloaded intentionally. @ https://www.tiktok.com/@hegawystores?lang=en:0
[  336940ms] [WARNING] The resource https://sf16-website-login.neutral.ttwstatic.com/obj/tiktok_web_login_static/tiktok/web/tiktok_fe_login_vmok/static/js/async/5613.8d5871a3.js was preloaded using link preload but not used within a few seconds from the window's load event. Please make sure it has an appropriate `as` value and it is preloaded intentionally. @ https://www.tiktok.com/@hegawystores?lang=en:0
[  336940ms] [WARNING] The resource https://sf16-website-login.neutral.ttwstatic.com/obj/tiktok_web_login_static/tiktok/web/tiktok_fe_login_vmok/static/js/async/1775.2141490f.js was preloaded using link preload but not used within a few seconds from the window's load event. Please make sure it has an appropriate `as` value and it is preloaded intentionally. @ https://www.tiktok.com/@hegawystores?lang=en:0
[  336940ms] [WARNING] The resource https://sf16-website-login.neutral.ttwstatic.com/obj/tiktok_web_login_static/tiktok/web/tiktok_fe_login_vmok/static/js/async/argus-builder-strategy.3e97a26f.js was preloaded using link preload but not used within a few seconds from the window's load event. Please make sure it has an appropriate `as` value and it is preloaded intentionally. @ https://www.tiktok.com/@hegawystores?lang=en:0
[  336940ms] [WARNING] The resource https://sf16-website-login.neutral.ttwstatic.com/obj/tiktok_web_login_static/tiktok/web/tiktok_fe_login_vmok/static/js/async/6869.bf0826a7.js was preloaded using link preload but not used within a few seconds from the window's load event. Please make sure it has an appropriate `as` value and it is preloaded intentionally. @ https://www.tiktok.com/@hegawystores?lang=en:0
[  336940ms] [WARNING] The resource https://sf16-website-login.neutral.ttwstatic.com/obj/tiktok_web_login_static/tiktok/web/tiktok_fe_login_vmok/static/js/async/6552.fd94ddd5.js was preloaded using link preload but not used within a few seconds from the window's load event. Please make sure it has an appropriate `as` value and it is preloaded intentionally. @ https://www.tiktok.com/@hegawystores?lang=en:0
[  336940ms] [WARNING] The resource https://sf16-website-login.neutral.ttwstatic.com/obj/tiktok_web_login_static/tiktok/web/tiktok_fe_login_vmok/static/js/async/lib-axios.68812c5b.js was preloaded using link preload but not used within a few seconds from the window's load event. Please make sure it has an appropriate `as` value and it is preloaded intentionally. @ https://www.tiktok.com/@hegawystores?lang=en:0
[  340949ms] [WARNING] The resource https://sf16-website-login.neutral.ttwstatic.com/obj/tiktok_web_login_static/tiktok/web/tiktok_fe_login_vmok/static/js/async/__federation_expose_pure.7bb71833.js was preloaded using link preload but not used within a few seconds from the window's load event. Please make sure it has an appropriate `as` value and it is preloaded intentionally. @ https://www.tiktok.com/@hegawystores?lang=en:0
[  340949ms] [WARNING] The resource https://sf16-website-login.neutral.ttwstatic.com/obj/tiktok_web_login_static/tiktok/web/tiktok_fe_login_vmok/static/js/async/3911.77069edd.js was preloaded using link preload but not used within a few seconds from the window's load event. Please make sure it has an appropriate `as` value and it is preloaded intentionally. @ https://www.tiktok.com/@hegawystores?lang=en:0
[  340949ms] [WARNING] The resource https://sf16-website-login.neutral.ttwstatic.com/obj/tiktok_web_login_static/tiktok/web/tiktok_fe_login_vmok/static/js/async/1265.abf06e8b.js was preloaded using link preload but not used within a few seconds from the window's load event. Please make sure it has an appropriate `as` value and it is preloaded intentionally. @ https://www.tiktok.com/@hegawystores?lang=en:0
[  340949ms] [WARNING] The resource https://sf16-website-login.neutral.ttwstatic.com/obj/tiktok_web_login_static/tiktok/web/tiktok_fe_login_vmok/static/js/async/5613.8d5871a3.js was preloaded using link preload but not used within a few seconds from the window's load event. Please make sure it has an appropriate `as` value and it is preloaded intentionally. @ https://www.tiktok.com/@hegawystores?lang=en:0
[  340949ms] [WARNING] The resource https://sf16-website-login.neutral.ttwstatic.com/obj/tiktok_web_login_static/tiktok/web/tiktok_fe_login_vmok/static/js/async/1775.2141490f.js was preloaded using link preload but not used within a few seconds from the window's load event. Please make sure it has an appropriate `as` value and it is preloaded intentionally. @ https://www.tiktok.com/@hegawystores?lang=en:0
[  340949ms] [WARNING] The resource https://sf16-website-login.neutral.ttwstatic.com/obj/tiktok_web_login_static/tiktok/web/tiktok_fe_login_vmok/static/js/async/argus-builder-strategy.3e97a26f.js was preloaded using link preload but not used within a few seconds from the window's load event. Please make sure it has an appropriate `as` value and it is preloaded intentionally. @ https://www.tiktok.com/@hegawystores?lang=en:0
[  340949ms] [WARNING] The resource https://sf16-website-login.neutral.ttwstatic.com/obj/tiktok_web_login_static/tiktok/web/tiktok_fe_login_vmok/static/js/async/6869.bf0826a7.js was preloaded using link preload but not used within a few seconds from the window's load event. Please make sure it has an appropriate `as` value and it is preloaded intentionally. @ https://www.tiktok.com/@hegawystores?lang=en:0
[  340949ms] [WARNING] The resource https://sf16-website-login.neutral.ttwstatic.com/obj/tiktok_web_login_static/tiktok/web/tiktok_fe_login_vmok/static/js/async/6552.fd94ddd5.js was preloaded using link preload but not used within a few seconds from the window's load event. Please make sure it has an appropriate `as` value and it is preloaded intentionally. @ https://www.tiktok.com/@hegawystores?lang=en:0
[  340949ms] [WARNING] The resource https://sf16-website-login.neutral.ttwstatic.com/obj/tiktok_web_login_static/tiktok/web/tiktok_fe_login_vmok/static/js/async/lib-axios.68812c5b.js was preloaded using link preload but not used within a few seconds from the window's load event. Please make sure it has an appropriate `as` value and it is preloaded intentionally. @ https://www.tiktok.com/@hegawystores?lang=en:0
[  346783ms] [WARNING] The resource https://sf16-website-login.neutral.ttwstatic.com/obj/tiktok_web_login_static/tiktok/web/tiktok_fe_login_vmok/static/js/async/__federation_expose_pure.7bb71833.js was preloaded using link preload but not used within a few seconds from the window's load event. Please make sure it has an appropriate `as` value and it is preloaded intentionally. @ https://www.tiktok.com/@hegawystores?lang=en:0
[  346783ms] [WARNING] The resource https://sf16-website-login.neutral.ttwstatic.com/obj/tiktok_web_login_static/tiktok/web/tiktok_fe_login_vmok/static/js/async/3911.77069edd.js was preloaded using link preload but not used within a few seconds from the window's load event. Please make sure it has an appropriate `as` value and it is preloaded intentionally. @ https://www.tiktok.com/@hegawystores?lang=en:0
[  346783ms] [WARNING] The resource https://sf16-website-login.neutral.ttwstatic.com/obj/tiktok_web_login_static/tiktok/web/tiktok_fe_login_vmok/static/js/async/1265.abf06e8b.js was preloaded using link preload but not used within a few seconds from the window's load event. Please make sure it has an appropriate `as` value and it is preloaded intentionally. @ https://www.tiktok.com/@hegawystores?lang=en:0
[  346783ms] [WARNING] The resource https://sf16-website-login.neutral.ttwstatic.com/obj/tiktok_web_login_static/tiktok/web/tiktok_fe_login_vmok/static/js/async/5613.8d5871a3.js was preloaded using link preload but not used within a few seconds from the window's load event. Please make sure it has an appropriate `as` value and it is preloaded intentionally. @ https://www.tiktok.com/@hegawystores?lang=en:0
[  346783ms] [WARNING] The resource https://sf16-website-login.neutral.ttwstatic.com/obj/tiktok_web_login_static/tiktok/web/tiktok_fe_login_vmok/static/js/async/1775.2141490f.js was preloaded using link preload but not used within a few seconds from the window's load event. Please make sure it has an appropriate `as` value and it is preloaded intentionally. @ https://www.tiktok.com/@hegawystores?lang=en:0
[  346784ms] [WARNING] The resource https://sf16-website-login.neutral.ttwstatic.com/obj/tiktok_web_login_static/tiktok/web/tiktok_fe_login_vmok/static/js/async/argus-builder-strategy.3e97a26f.js was preloaded using link preload but not used within a few seconds from the window's load event. Please make sure it has an appropriate `as` value and it is preloaded intentionally. @ https://www.tiktok.com/@hegawystores?lang=en:0
[  346784ms] [WARNING] The resource https://sf16-website-login.neutral.ttwstatic.com/obj/tiktok_web_login_static/tiktok/web/tiktok_fe_login_vmok/static/js/async/6869.bf0826a7.js was preloaded using link preload but not used within a few seconds from the window's load event. Please make sure it has an appropriate `as` value and it is preloaded intentionally. @ https://www.tiktok.com/@hegawystores?lang=en:0
[  346784ms] [WARNING] The resource https://sf16-website-login.neutral.ttwstatic.com/obj/tiktok_web_login_static/tiktok/web/tiktok_fe_login_vmok/static/js/async/6552.fd94ddd5.js was preloaded using link preload but not used within a few seconds from the window's load event. Please make sure it has an appropriate `as` value and it is preloaded intentionally. @ https://www.tiktok.com/@hegawystores?lang=en:0
[  346784ms] [WARNING] The resource https://sf16-website-login.neutral.ttwstatic.com/obj/tiktok_web_login_static/tiktok/web/tiktok_fe_login_vmok/static/js/async/lib-axios.68812c5b.js was preloaded using link preload but not used within a few seconds from the window's load event. Please make sure it has an appropriate `as` value and it is preloaded intentionally. @ https://www.tiktok.com/@hegawystores?lang=en:0
[  357448ms] [WARNING] The resource https://sf16-website-login.neutral.ttwstatic.com/obj/tiktok_web_login_static/tiktok/web/tiktok_fe_login_vmok/static/js/async/__federation_expose_pure.7bb71833.js was preloaded using link preload but not used within a few seconds from the window's load event. Please make sure it has an appropriate `as` value and it is preloaded intentionally. @ https://www.tiktok.com/@hegawystores?lang=en:0
[  357448ms] [WARNING] The resource https://sf16-website-login.neutral.ttwstatic.com/obj/tiktok_web_login_static/tiktok/web/tiktok_fe_login_vmok/static/js/async/3911.77069edd.js was preloaded using link preload but not used within a few seconds from the window's load event. Please make sure it has an appropriate `as` value and it is preloaded intentionally. @ https://www.tiktok.com/@hegawystores?lang=en:0
[  357448ms] [WARNING] The resource https://sf16-website-login.neutral.ttwstatic.com/obj/tiktok_web_login_static/tiktok/web/tiktok_fe_login_vmok/static/js/async/1265.abf06e8b.js was preloaded using link preload but not used within a few seconds from the window's load event. Please make sure it has an appropriate `as` value and it is preloaded intentionally. @ https://www.tiktok.com/@hegawystores?lang=en:0
[  357448ms] [WARNING] The resource https://sf16-website-login.neutral.ttwstatic.com/obj/tiktok_web_login_static/tiktok/web/tiktok_fe_login_vmok/static/js/async/5613.8d5871a3.js was preloaded using link preload but not used within a few seconds from the window's load event. Please make sure it has an appropriate `as` value and it is preloaded intentionally. @ https://www.tiktok.com/@hegawystores?lang=en:0
[  357448ms] [WARNING] The resource https://sf16-website-login.neutral.ttwstatic.com/obj/tiktok_web_login_static/tiktok/web/tiktok_fe_login_vmok/static/js/async/1775.2141490f.js was preloaded using link preload but not used within a few seconds from the window's load event. Please make sure it has an appropriate `as` value and it is preloaded intentionally. @ https://www.tiktok.com/@hegawystores?lang=en:0
[  357448ms] [WARNING] The resource https://sf16-website-login.neutral.ttwstatic.com/obj/tiktok_web_login_static/tiktok/web/tiktok_fe_login_vmok/static/js/async/argus-builder-strategy.3e97a26f.js was preloaded using link preload but not used within a few seconds from the window's load event. Please make sure it has an appropriate `as` value and it is preloaded intentionally. @ https://www.tiktok.com/@hegawystores?lang=en:0
[  357448ms] [WARNING] The resource https://sf16-website-login.neutral.ttwstatic.com/obj/tiktok_web_login_static/tiktok/web/tiktok_fe_login_vmok/static/js/async/6869.bf0826a7.js was preloaded using link preload but not used within a few seconds from the window's load event. Please make sure it has an appropriate `as` value and it is preloaded intentionally. @ https://www.tiktok.com/@hegawystores?lang=en:0
[  357448ms] [WARNING] The resource https://sf16-website-login.neutral.ttwstatic.com/obj/tiktok_web_login_static/tiktok/web/tiktok_fe_login_vmok/static/js/async/6552.fd94ddd5.js was preloaded using link preload but not used within a few seconds from the window's load event. Please make sure it has an appropriate `as` value and it is preloaded intentionally. @ https://www.tiktok.com/@hegawystores?lang=en:0
[  357448ms] [WARNING] The resource https://sf16-website-login.neutral.ttwstatic.com/obj/tiktok_web_login_static/tiktok/web/tiktok_fe_login_vmok/static/js/async/lib-axios.68812c5b.js was preloaded using link preload but not used within a few seconds from the window's load event. Please make sure it has an appropriate `as` value and it is preloaded intentionally. @ https://www.tiktok.com/@hegawystores?lang=en:0
[  368665ms] [WARNING] The resource https://sf16-website-login.neutral.ttwstatic.com/obj/tiktok_web_login_static/tiktok/web/tiktok_fe_login_vmok/static/js/async/__federation_expose_pure.7bb71833.js was preloaded using link preload but not used within a few seconds from the window's load event. Please make sure it has an appropriate `as` value and it is preloaded intentionally. @ https://www.tiktok.com/@hegawystores?lang=en:0
[  368665ms] [WARNING] The resource https://sf16-website-login.neutral.ttwstatic.com/obj/tiktok_web_login_static/tiktok/web/tiktok_fe_login_vmok/static/js/async/3911.77069edd.js was preloaded using link preload but not used within a few seconds from the window's load event. Please make sure it has an appropriate `as` value and it is preloaded intentionally. @ https://www.tiktok.com/@hegawystores?lang=en:0
[  368665ms] [WARNING] The resource https://sf16-website-login.neutral.ttwstatic.com/obj/tiktok_web_login_static/tiktok/web/tiktok_fe_login_vmok/static/js/async/1265.abf06e8b.js was preloaded using link preload but not used within a few seconds from the window's load event. Please make sure it has an appropriate `as` value and it is preloaded intentionally. @ https://www.tiktok.com/@hegawystores?lang=en:0
[  368665ms] [WARNING] The resource https://sf16-website-login.neutral.ttwstatic.com/obj/tiktok_web_login_static/tiktok/web/tiktok_fe_login_vmok/static/js/async/5613.8d5871a3.js was preloaded using link preload but not used within a few seconds from the window's load event. Please make sure it has an appropriate `as` value and it is preloaded intentionally. @ https://www.tiktok.com/@hegawystores?lang=en:0
[  368665ms] [WARNING] The resource https://sf16-website-login.neutral.ttwstatic.com/obj/tiktok_web_login_static/tiktok/web/tiktok_fe_login_vmok/static/js/async/1775.2141490f.js was preloaded using link preload but not used within a few seconds from the window's load event. Please make sure it has an appropriate `as` value and it is preloaded intentionally. @ https://www.tiktok.com/@hegawystores?lang=en:0
[  368665ms] [WARNING] The resource https://sf16-website-login.neutral.ttwstatic.com/obj/tiktok_web_login_static/tiktok/web/tiktok_fe_login_vmok/static/js/async/argus-builder-strategy.3e97a26f.js was preloaded using link preload but not used within a few seconds from the window's load event. Please make sure it has an appropriate `as` value and it is preloaded intentionally. @ https://www.tiktok.com/@hegawystores?lang=en:0
[  368666ms] [WARNING] The resource https://sf16-website-login.neutral.ttwstatic.com/obj/tiktok_web_login_static/tiktok/web/tiktok_fe_login_vmok/static/js/async/6869.bf0826a7.js was preloaded using link preload but not used within a few seconds from the window's load event. Please make sure it has an appropriate `as` value and it is preloaded intentionally. @ https://www.tiktok.com/@hegawystores?lang=en:0
[  368666ms] [WARNING] The resource https://sf16-website-login.neutral.ttwstatic.com/obj/tiktok_web_login_static/tiktok/web/tiktok_fe_login_vmok/static/js/async/6552.fd94ddd5.js was preloaded using link preload but not used within a few seconds from the window's load event. Please make sure it has an appropriate `as` value and it is preloaded intentionally. @ https://www.tiktok.com/@hegawystores?lang=en:0
[  368666ms] [WARNING] The resource https://sf16-website-login.neutral.ttwstatic.com/obj/tiktok_web_login_static/tiktok/web/tiktok_fe_login_vmok/static/js/async/lib-axios.68812c5b.js was preloaded using link preload but not used within a few seconds from the window's load event. Please make sure it has an appropriate `as` value and it is preloaded intentionally. @ https://www.tiktok.com/@hegawystores?lang=en:0
[  378628ms] [WARNING] The resource https://sf16-website-login.neutral.ttwstatic.com/obj/tiktok_web_login_static/tiktok/web/tiktok_fe_login_vmok/static/js/async/__federation_expose_pure.7bb71833.js was preloaded using link preload but not used within a few seconds from the window's load event. Please make sure it has an appropriate `as` value and it is preloaded intentionally. @ https://www.tiktok.com/@hegawystores?lang=en:0
[  378628ms] [WARNING] The resource https://sf16-website-login.neutral.ttwstatic.com/obj/tiktok_web_login_static/tiktok/web/tiktok_fe_login_vmok/static/js/async/3911.77069edd.js was preloaded using link preload but not used within a few seconds from the window's load event. Please make sure it has an appropriate `as` value and it is preloaded intentionally. @ https://www.tiktok.com/@hegawystores?lang=en:0
[  378628ms] [WARNING] The resource https://sf16-website-login.neutral.ttwstatic.com/obj/tiktok_web_login_static/tiktok/web/tiktok_fe_login_vmok/static/js/async/1265.abf06e8b.js was preloaded using link preload but not used within a few seconds from the window's load event. Please make sure it has an appropriate `as` value and it is preloaded intentionally. @ https://www.tiktok.com/@hegawystores?lang=en:0
[  378628ms] [WARNING] The resource https://sf16-website-login.neutral.ttwstatic.com/obj/tiktok_web_login_static/tiktok/web/tiktok_fe_login_vmok/static/js/async/5613.8d5871a3.js was preloaded using link preload but not used within a few seconds from the window's load event. Please make sure it has an appropriate `as` value and it is preloaded intentionally. @ https://www.tiktok.com/@hegawystores?lang=en:0
[  378628ms] [WARNING] The resource https://sf16-website-login.neutral.ttwstatic.com/obj/tiktok_web_login_static/tiktok/web/tiktok_fe_login_vmok/static/js/async/1775.2141490f.js was preloaded using link preload but not used within a few seconds from the window's load event. Please make sure it has an appropriate `as` value and it is preloaded intentionally. @ https://www.tiktok.com/@hegawystores?lang=en:0
[  378629ms] [WARNING] The resource https://sf16-website-login.neutral.ttwstatic.com/obj/tiktok_web_login_static/tiktok/web/tiktok_fe_login_vmok/static/js/async/argus-builder-strategy.3e97a26f.js was preloaded using link preload but not used within a few seconds from the window's load event. Please make sure it has an appropriate `as` value and it is preloaded intentionally. @ https://www.tiktok.com/@hegawystores?lang=en:0
[  378629ms] [WARNING] The resource https://sf16-website-login.neutral.ttwstatic.com/obj/tiktok_web_login_static/tiktok/web/tiktok_fe_login_vmok/static/js/async/6869.bf0826a7.js was preloaded using link preload but not used within a few seconds from the window's load event. Please make sure it has an appropriate `as` value and it is preloaded intentionally. @ https://www.tiktok.com/@hegawystores?lang=en:0
[  378629ms] [WARNING] The resource https://sf16-website-login.neutral.ttwstatic.com/obj/tiktok_web_login_static/tiktok/web/tiktok_fe_login_vmok/static/js/async/6552.fd94ddd5.js was preloaded using link preload but not used within a few seconds from the window's load event. Please make sure it has an appropriate `as` value and it is preloaded intentionally. @ https://www.tiktok.com/@hegawystores?lang=en:0
[  378629ms] [WARNING] The resource https://sf16-website-login.neutral.ttwstatic.com/obj/tiktok_web_login_static/tiktok/web/tiktok_fe_login_vmok/static/js/async/lib-axios.68812c5b.js was preloaded using link preload but not used within a few seconds from the window's load event. Please make sure it has an appropriate `as` value and it is preloaded intentionally. @ https://www.tiktok.com/@hegawystores?lang=en:0
[  389241ms] [WARNING] The resource https://sf16-website-login.neutral.ttwstatic.com/obj/tiktok_web_login_static/tiktok/web/tiktok_fe_login_vmok/static/js/async/__federation_expose_pure.7bb71833.js was preloaded using link preload but not used within a few seconds from the window's load event. Please make sure it has an appropriate `as` value and it is preloaded intentionally. @ https://www.tiktok.com/@hegawystores?lang=en:0
[  389241ms] [WARNING] The resource https://sf16-website-login.neutral.ttwstatic.com/obj/tiktok_web_login_static/tiktok/web/tiktok_fe_login_vmok/static/js/async/3911.77069edd.js was preloaded using link preload but not used within a few seconds from the window's load event. Please make sure it has an appropriate `as` value and it is preloaded intentionally. @ https://www.tiktok.com/@hegawystores?lang=en:0
[  389241ms] [WARNING] The resource https://sf16-website-login.neutral.ttwstatic.com/obj/tiktok_web_login_static/tiktok/web/tiktok_fe_login_vmok/static/js/async/1265.abf06e8b.js was preloaded using link preload but not used within a few seconds from the window's load event. Please make sure it has an appropriate `as` value and it is preloaded intentionally. @ https://www.tiktok.com/@hegawystores?lang=en:0
[  389241ms] [WARNING] The resource https://sf16-website-login.neutral.ttwstatic.com/obj/tiktok_web_login_static/tiktok/web/tiktok_fe_login_vmok/static/js/async/5613.8d5871a3.js was preloaded using link preload but not used within a few seconds from the window's load event. Please make sure it has an appropriate `as` value and it is preloaded intentionally. @ https://www.tiktok.com/@hegawystores?lang=en:0
[  389241ms] [WARNING] The resource https://sf16-website-login.neutral.ttwstatic.com/obj/tiktok_web_login_static/tiktok/web/tiktok_fe_login_vmok/static/js/async/1775.2141490f.js was preloaded using link preload but not used within a few seconds from the window's load event. Please make sure it has an appropriate `as` value and it is preloaded intentionally. @ https://www.tiktok.com/@hegawystores?lang=en:0
[  389241ms] [WARNING] The resource https://sf16-website-login.neutral.ttwstatic.com/obj/tiktok_web_login_static/tiktok/web/tiktok_fe_login_vmok/static/js/async/argus-builder-strategy.3e97a26f.js was preloaded using link preload but not used within a few seconds from the window's load event. Please make sure it has an appropriate `as` value and it is preloaded intentionally. @ https://www.tiktok.com/@hegawystores?lang=en:0
[  389241ms] [WARNING] The resource https://sf16-website-login.neutral.ttwstatic.com/obj/tiktok_web_login_static/tiktok/web/tiktok_fe_login_vmok/static/js/async/6869.bf0826a7.js was preloaded using link preload but not used within a few seconds from the window's load event. Please make sure it has an appropriate `as` value and it is preloaded intentionally. @ https://www.tiktok.com/@hegawystores?lang=en:0
[  389241ms] [WARNING] The resource https://sf16-website-login.neutral.ttwstatic.com/obj/tiktok_web_login_static/tiktok/web/tiktok_fe_login_vmok/static/js/async/6552.fd94ddd5.js was preloaded using link preload but not used within a few seconds from the window's load event. Please make sure it has an appropriate `as` value and it is preloaded intentionally. @ https://www.tiktok.com/@hegawystores?lang=en:0
[  389241ms] [WARNING] The resource https://sf16-website-login.neutral.ttwstatic.com/obj/tiktok_web_login_static/tiktok/web/tiktok_fe_login_vmok/static/js/async/lib-axios.68812c5b.js was preloaded using link preload but not used within a few seconds from the window's load event. Please make sure it has an appropriate `as` value and it is preloaded intentionally. @ https://www.tiktok.com/@hegawystores?lang=en:0
[  400008ms] [WARNING] The resource https://sf16-website-login.neutral.ttwstatic.com/obj/tiktok_web_login_static/tiktok/web/tiktok_fe_login_vmok/static/js/async/__federation_expose_pure.7bb71833.js was preloaded using link preload but not used within a few seconds from the window's load event. Please make sure it has an appropriate `as` value and it is preloaded intentionally. @ https://www.tiktok.com/@hegawystores?lang=en:0
[  400009ms] [WARNING] The resource https://sf16-website-login.neutral.ttwstatic.com/obj/tiktok_web_login_static/tiktok/web/tiktok_fe_login_vmok/static/js/async/3911.77069edd.js was preloaded using link preload but not used within a few seconds from the window's load event. Please make sure it has an appropriate `as` value and it is preloaded intentionally. @ https://www.tiktok.com/@hegawystores?lang=en:0
[  400009ms] [WARNING] The resource https://sf16-website-login.neutral.ttwstatic.com/obj/tiktok_web_login_static/tiktok/web/tiktok_fe_login_vmok/static/js/async/1265.abf06e8b.js was preloaded using link preload but not used within a few seconds from the window's load event. Please make sure it has an appropriate `as` value and it is preloaded intentionally. @ https://www.tiktok.com/@hegawystores?lang=en:0
[  400009ms] [WARNING] The resource https://sf16-website-login.neutral.ttwstatic.com/obj/tiktok_web_login_static/tiktok/web/tiktok_fe_login_vmok/static/js/async/5613.8d5871a3.js was preloaded using link preload but not used within a few seconds from the window's load event. Please make sure it has an appropriate `as` value and it is preloaded intentionally. @ https://www.tiktok.com/@hegawystores?lang=en:0
[  400009ms] [WARNING] The resource https://sf16-website-login.neutral.ttwstatic.com/obj/tiktok_web_login_static/tiktok/web/tiktok_fe_login_vmok/static/js/async/1775.2141490f.js was preloaded using link preload but not used within a few seconds from the window's load event. Please make sure it has an appropriate `as` value and it is preloaded intentionally. @ https://www.tiktok.com/@hegawystores?lang=en:0
[  400009ms] [WARNING] The resource https://sf16-website-login.neutral.ttwstatic.com/obj/tiktok_web_login_static/tiktok/web/tiktok_fe_login_vmok/static/js/async/argus-builder-strategy.3e97a26f.js was preloaded using link preload but not used within a few seconds from the window's load event. Please make sure it has an appropriate `as` value and it is preloaded intentionally. @ https://www.tiktok.com/@hegawystores?lang=en:0
[  400009ms] [WARNING] The resource https://sf16-website-login.neutral.ttwstatic.com/obj/tiktok_web_login_static/tiktok/web/tiktok_fe_login_vmok/static/js/async/6869.bf0826a7.js was preloaded using link preload but not used within a few seconds from the window's load event. Please make sure it has an appropriate `as` value and it is preloaded intentionally. @ https://www.tiktok.com/@hegawystores?lang=en:0
[  400009ms] [WARNING] The resource https://sf16-website-login.neutral.ttwstatic.com/obj/tiktok_web_login_static/tiktok/web/tiktok_fe_login_vmok/static/js/async/6552.fd94ddd5.js was preloaded using link preload but not used within a few seconds from the window's load event. Please make sure it has an appropriate `as` value and it is preloaded intentionally. @ https://www.tiktok.com/@hegawystores?lang=en:0
[  400009ms] [WARNING] The resource https://sf16-website-login.neutral.ttwstatic.com/obj/tiktok_web_login_static/tiktok/web/tiktok_fe_login_vmok/static/js/async/lib-axios.68812c5b.js was preloaded using link preload but not used within a few seconds from the window's load event. Please make sure it has an appropriate `as` value and it is preloaded intentionally. @ https://www.tiktok.com/@hegawystores?lang=en:0
[  410661ms] [WARNING] The resource https://sf16-website-login.neutral.ttwstatic.com/obj/tiktok_web_login_static/tiktok/web/tiktok_fe_login_vmok/static/js/async/__federation_expose_pure.7bb71833.js was preloaded using link preload but not used within a few seconds from the window's load event. Please make sure it has an appropriate `as` value and it is preloaded intentionally. @ https://www.tiktok.com/@hegawystores?lang=en:0
[  410662ms] [WARNING] The resource https://sf16-website-login.neutral.ttwstatic.com/obj/tiktok_web_login_static/tiktok/web/tiktok_fe_login_vmok/static/js/async/3911.77069edd.js was preloaded using link preload but not used within a few seconds from the window's load event. Please make sure it has an appropriate `as` value and it is preloaded intentionally. @ https://www.tiktok.com/@hegawystores?lang=en:0
[  410662ms] [WARNING] The resource https://sf16-website-login.neutral.ttwstatic.com/obj/tiktok_web_login_static/tiktok/web/tiktok_fe_login_vmok/static/js/async/1265.abf06e8b.js was preloaded using link preload but not used within a few seconds from the window's load event. Please make sure it has an appropriate `as` value and it is preloaded intentionally. @ https://www.tiktok.com/@hegawystores?lang=en:0
[  410662ms] [WARNING] The resource https://sf16-website-login.neutral.ttwstatic.com/obj/tiktok_web_login_static/tiktok/web/tiktok_fe_login_vmok/static/js/async/5613.8d5871a3.js was preloaded using link preload but not used within a few seconds from the window's load event. Please make sure it has an appropriate `as` value and it is preloaded intentionally. @ https://www.tiktok.com/@hegawystores?lang=en:0
[  410662ms] [WARNING] The resource https://sf16-website-login.neutral.ttwstatic.com/obj/tiktok_web_login_static/tiktok/web/tiktok_fe_login_vmok/static/js/async/1775.2141490f.js was preloaded using link preload but not used within a few seconds from the window's load event. Please make sure it has an appropriate `as` value and it is preloaded intentionally. @ https://www.tiktok.com/@hegawystores?lang=en:0
[  410662ms] [WARNING] The resource https://sf16-website-login.neutral.ttwstatic.com/obj/tiktok_web_login_static/tiktok/web/tiktok_fe_login_vmok/static/js/async/argus-builder-strategy.3e97a26f.js was preloaded using link preload but not used within a few seconds from the window's load event. Please make sure it has an appropriate `as` value and it is preloaded intentionally. @ https://www.tiktok.com/@hegawystores?lang=en:0
[  410662ms] [WARNING] The resource https://sf16-website-login.neutral.ttwstatic.com/obj/tiktok_web_login_static/tiktok/web/tiktok_fe_login_vmok/static/js/async/6869.bf0826a7.js was preloaded using link preload but not used within a few seconds from the window's load event. Please make sure it has an appropriate `as` value and it is preloaded intentionally. @ https://www.tiktok.com/@hegawystores?lang=en:0
[  410662ms] [WARNING] The resource https://sf16-website-login.neutral.ttwstatic.com/obj/tiktok_web_login_static/tiktok/web/tiktok_fe_login_vmok/static/js/async/6552.fd94ddd5.js was preloaded using link preload but not used within a few seconds from the window's load event. Please make sure it has an appropriate `as` value and it is preloaded intentionally. @ https://www.tiktok.com/@hegawystores?lang=en:0
[  410662ms] [WARNING] The resource https://sf16-website-login.neutral.ttwstatic.com/obj/tiktok_web_login_static/tiktok/web/tiktok_fe_login_vmok/static/js/async/lib-axios.68812c5b.js was preloaded using link preload but not used within a few seconds from the window's load event. Please make sure it has an appropriate `as` value and it is preloaded intentionally. @ https://www.tiktok.com/@hegawystores?lang=en:0
[  421300ms] [WARNING] The resource https://sf16-website-login.neutral.ttwstatic.com/obj/tiktok_web_login_static/tiktok/web/tiktok_fe_login_vmok/static/js/async/__federation_expose_pure.7bb71833.js was preloaded using link preload but not used within a few seconds from the window's load event. Please make sure it has an appropriate `as` value and it is preloaded intentionally. @ https://www.tiktok.com/@hegawystores?lang=en:0
[  421300ms] [WARNING] The resource https://sf16-website-login.neutral.ttwstatic.com/obj/tiktok_web_login_static/tiktok/web/tiktok_fe_login_vmok/static/js/async/3911.77069edd.js was preloaded using link preload but not used within a few seconds from the window's load event. Please make sure it has an appropriate `as` value and it is preloaded intentionally. @ https://www.tiktok.com/@hegawystores?lang=en:0
[  421300ms] [WARNING] The resource https://sf16-website-login.neutral.ttwstatic.com/obj/tiktok_web_login_static/tiktok/web/tiktok_fe_login_vmok/static/js/async/1265.abf06e8b.js was preloaded using link preload but not used within a few seconds from the window's load event. Please make sure it has an appropriate `as` value and it is preloaded intentionally. @ https://www.tiktok.com/@hegawystores?lang=en:0
[  421300ms] [WARNING] The resource https://sf16-website-login.neutral.ttwstatic.com/obj/tiktok_web_login_static/tiktok/web/tiktok_fe_login_vmok/static/js/async/5613.8d5871a3.js was preloaded using link preload but not used within a few seconds from the window's load event. Please make sure it has an appropriate `as` value and it is preloaded intentionally. @ https://www.tiktok.com/@hegawystores?lang=en:0
[  421300ms] [WARNING] The resource https://sf16-website-login.neutral.ttwstatic.com/obj/tiktok_web_login_static/tiktok/web/tiktok_fe_login_vmok/static/js/async/1775.2141490f.js was preloaded using link preload but not used within a few seconds from the window's load event. Please make sure it has an appropriate `as` value and it is preloaded intentionally. @ https://www.tiktok.com/@hegawystores?lang=en:0
[  421301ms] [WARNING] The resource https://sf16-website-login.neutral.ttwstatic.com/obj/tiktok_web_login_static/tiktok/web/tiktok_fe_login_vmok/static/js/async/argus-builder-strategy.3e97a26f.js was preloaded using link preload but not used within a few seconds from the window's load event. Please make sure it has an appropriate `as` value and it is preloaded intentionally. @ https://www.tiktok.com/@hegawystores?lang=en:0
[  421301ms] [WARNING] The resource https://sf16-website-login.neutral.ttwstatic.com/obj/tiktok_web_login_static/tiktok/web/tiktok_fe_login_vmok/static/js/async/6869.bf0826a7.js was preloaded using link preload but not used within a few seconds from the window's load event. Please make sure it has an appropriate `as` value and it is preloaded intentionally. @ https://www.tiktok.com/@hegawystores?lang=en:0
[  421302ms] [WARNING] The resource https://sf16-website-login.neutral.ttwstatic.com/obj/tiktok_web_login_static/tiktok/web/tiktok_fe_login_vmok/static/js/async/6552.fd94ddd5.js was preloaded using link preload but not used within a few seconds from the window's load event. Please make sure it has an appropriate `as` value and it is preloaded intentionally. @ https://www.tiktok.com/@hegawystores?lang=en:0
[  421302ms] [WARNING] The resource https://sf16-website-login.neutral.ttwstatic.com/obj/tiktok_web_login_static/tiktok/web/tiktok_fe_login_vmok/static/js/async/lib-axios.68812c5b.js was preloaded using link preload but not used within a few seconds from the window's load event. Please make sure it has an appropriate `as` value and it is preloaded intentionally. @ https://www.tiktok.com/@hegawystores?lang=en:0
[  431895ms] [WARNING] The resource https://sf16-website-login.neutral.ttwstatic.com/obj/tiktok_web_login_static/tiktok/web/tiktok_fe_login_vmok/static/js/async/__federation_expose_pure.7bb71833.js was preloaded using link preload but not used within a few seconds from the window's load event. Please make sure it has an appropriate `as` value and it is preloaded intentionally. @ https://www.tiktok.com/@hegawystores?lang=en:0
[  431896ms] [WARNING] The resource https://sf16-website-login.neutral.ttwstatic.com/obj/tiktok_web_login_static/tiktok/web/tiktok_fe_login_vmok/static/js/async/3911.77069edd.js was preloaded using link preload but not used within a few seconds from the window's load event. Please make sure it has an appropriate `as` value and it is preloaded intentionally. @ https://www.tiktok.com/@hegawystores?lang=en:0
[  431896ms] [WARNING] The resource https://sf16-website-login.neutral.ttwstatic.com/obj/tiktok_web_login_static/tiktok/web/tiktok_fe_login_vmok/static/js/async/1265.abf06e8b.js was preloaded using link preload but not used within a few seconds from the window's load event. Please make sure it has an appropriate `as` value and it is preloaded intentionally. @ https://www.tiktok.com/@hegawystores?lang=en:0
[  431896ms] [WARNING] The resource https://sf16-website-login.neutral.ttwstatic.com/obj/tiktok_web_login_static/tiktok/web/tiktok_fe_login_vmok/static/js/async/5613.8d5871a3.js was preloaded using link preload but not used within a few seconds from the window's load event. Please make sure it has an appropriate `as` value and it is preloaded intentionally. @ https://www.tiktok.com/@hegawystores?lang=en:0
[  431896ms] [WARNING] The resource https://sf16-website-login.neutral.ttwstatic.com/obj/tiktok_web_login_static/tiktok/web/tiktok_fe_login_vmok/static/js/async/1775.2141490f.js was preloaded using link preload but not used within a few seconds from the window's load event. Please make sure it has an appropriate `as` value and it is preloaded intentionally. @ https://www.tiktok.com/@hegawystores?lang=en:0
[  431896ms] [WARNING] The resource https://sf16-website-login.neutral.ttwstatic.com/obj/tiktok_web_login_static/tiktok/web/tiktok_fe_login_vmok/static/js/async/argus-builder-strategy.3e97a26f.js was preloaded using link preload but not used within a few seconds from the window's load event. Please make sure it has an appropriate `as` value and it is preloaded intentionally. @ https://www.tiktok.com/@hegawystores?lang=en:0
[  431896ms] [WARNING] The resource https://sf16-website-login.neutral.ttwstatic.com/obj/tiktok_web_login_static/tiktok/web/tiktok_fe_login_vmok/static/js/async/6869.bf0826a7.js was preloaded using link preload but not used within a few seconds from the window's load event. Please make sure it has an appropriate `as` value and it is preloaded intentionally. @ https://www.tiktok.com/@hegawystores?lang=en:0
[  431896ms] [WARNING] The resource https://sf16-website-login.neutral.ttwstatic.com/obj/tiktok_web_login_static/tiktok/web/tiktok_fe_login_vmok/static/js/async/6552.fd94ddd5.js was preloaded using link preload but not used within a few seconds from the window's load event. Please make sure it has an appropriate `as` value and it is preloaded intentionally. @ https://www.tiktok.com/@hegawystores?lang=en:0
[  431897ms] [WARNING] The resource https://sf16-website-login.neutral.ttwstatic.com/obj/tiktok_web_login_static/tiktok/web/tiktok_fe_login_vmok/static/js/async/lib-axios.68812c5b.js was preloaded using link preload but not used within a few seconds from the window's load event. Please make sure it has an appropriate `as` value and it is preloaded intentionally. @ https://www.tiktok.com/@hegawystores?lang=en:0
[  442640ms] [WARNING] The resource https://sf16-website-login.neutral.ttwstatic.com/obj/tiktok_web_login_static/tiktok/web/tiktok_fe_login_vmok/static/js/async/__federation_expose_pure.7bb71833.js was preloaded using link preload but not used within a few seconds from the window's load event. Please make sure it has an appropriate `as` value and it is preloaded intentionally. @ https://www.tiktok.com/@hegawystores?lang=en:0
[  442640ms] [WARNING] The resource https://sf16-website-login.neutral.ttwstatic.com/obj/tiktok_web_login_static/tiktok/web/tiktok_fe_login_vmok/static/js/async/3911.77069edd.js was preloaded using link preload but not used within a few seconds from the window's load event. Please make sure it has an appropriate `as` value and it is preloaded intentionally. @ https://www.tiktok.com/@hegawystores?lang=en:0
[  442640ms] [WARNING] The resource https://sf16-website-login.neutral.ttwstatic.com/obj/tiktok_web_login_static/tiktok/web/tiktok_fe_login_vmok/static/js/async/1265.abf06e8b.js was preloaded using link preload but not used within a few seconds from the window's load event. Please make sure it has an appropriate `as` value and it is preloaded intentionally. @ https://www.tiktok.com/@hegawystores?lang=en:0
[  442640ms] [WARNING] The resource https://sf16-website-login.neutral.ttwstatic.com/obj/tiktok_web_login_static/tiktok/web/tiktok_fe_login_vmok/static/js/async/5613.8d5871a3.js was preloaded using link preload but not used within a few seconds from the window's load event. Please make sure it has an appropriate `as` value and it is preloaded intentionally. @ https://www.tiktok.com/@hegawystores?lang=en:0
[  442640ms] [WARNING] The resource https://sf16-website-login.neutral.ttwstatic.com/obj/tiktok_web_login_static/tiktok/web/tiktok_fe_login_vmok/static/js/async/1775.2141490f.js was preloaded using link preload but not used within a few seconds from the window's load event. Please make sure it has an appropriate `as` value and it is preloaded intentionally. @ https://www.tiktok.com/@hegawystores?lang=en:0
[  442640ms] [WARNING] The resource https://sf16-website-login.neutral.ttwstatic.com/obj/tiktok_web_login_static/tiktok/web/tiktok_fe_login_vmok/static/js/async/argus-builder-strategy.3e97a26f.js was preloaded using link preload but not used within a few seconds from the window's load event. Please make sure it has an appropriate `as` value and it is preloaded intentionally. @ https://www.tiktok.com/@hegawystores?lang=en:0
[  442640ms] [WARNING] The resource https://sf16-website-login.neutral.ttwstatic.com/obj/tiktok_web_login_static/tiktok/web/tiktok_fe_login_vmok/static/js/async/6869.bf0826a7.js was preloaded using link preload but not used within a few seconds from the window's load event. Please make sure it has an appropriate `as` value and it is preloaded intentionally. @ https://www.tiktok.com/@hegawystores?lang=en:0
[  442640ms] [WARNING] The resource https://sf16-website-login.neutral.ttwstatic.com/obj/tiktok_web_login_static/tiktok/web/tiktok_fe_login_vmok/static/js/async/6552.fd94ddd5.js was preloaded using link preload but not used within a few seconds from the window's load event. Please make sure it has an appropriate `as` value and it is preloaded intentionally. @ https://www.tiktok.com/@hegawystores?lang=en:0
[  442640ms] [WARNING] The resource https://sf16-website-login.neutral.ttwstatic.com/obj/tiktok_web_login_static/tiktok/web/tiktok_fe_login_vmok/static/js/async/lib-axios.68812c5b.js was preloaded using link preload but not used within a few seconds from the window's load event. Please make sure it has an appropriate `as` value and it is preloaded intentionally. @ https://www.tiktok.com/@hegawystores?lang=en:0
[  453259ms] [WARNING] The resource https://sf16-website-login.neutral.ttwstatic.com/obj/tiktok_web_login_static/tiktok/web/tiktok_fe_login_vmok/static/js/async/__federation_expose_pure.7bb71833.js was preloaded using link preload but not used within a few seconds from the window's load event. Please make sure it has an appropriate `as` value and it is preloaded intentionally. @ https://www.tiktok.com/@hegawystores?lang=en:0
[  453259ms] [WARNING] The resource https://sf16-website-login.neutral.ttwstatic.com/obj/tiktok_web_login_static/tiktok/web/tiktok_fe_login_vmok/static/js/async/3911.77069edd.js was preloaded using link preload but not used within a few seconds from the window's load event. Please make sure it has an appropriate `as` value and it is preloaded intentionally. @ https://www.tiktok.com/@hegawystores?lang=en:0
[  453259ms] [WARNING] The resource https://sf16-website-login.neutral.ttwstatic.com/obj/tiktok_web_login_static/tiktok/web/tiktok_fe_login_vmok/static/js/async/1265.abf06e8b.js was preloaded using link preload but not used within a few seconds from the window's load event. Please make sure it has an appropriate `as` value and it is preloaded intentionally. @ https://www.tiktok.com/@hegawystores?lang=en:0
[  453259ms] [WARNING] The resource https://sf16-website-login.neutral.ttwstatic.com/obj/tiktok_web_login_static/tiktok/web/tiktok_fe_login_vmok/static/js/async/5613.8d5871a3.js was preloaded using link preload but not used within a few seconds from the window's load event. Please make sure it has an appropriate `as` value and it is preloaded intentionally. @ https://www.tiktok.com/@hegawystores?lang=en:0
[  453259ms] [WARNING] The resource https://sf16-website-login.neutral.ttwstatic.com/obj/tiktok_web_login_static/tiktok/web/tiktok_fe_login_vmok/static/js/async/1775.2141490f.js was preloaded using link preload but not used within a few seconds from the window's load event. Please make sure it has an appropriate `as` value and it is preloaded intentionally. @ https://www.tiktok.com/@hegawystores?lang=en:0
[  453259ms] [WARNING] The resource https://sf16-website-login.neutral.ttwstatic.com/obj/tiktok_web_login_static/tiktok/web/tiktok_fe_login_vmok/static/js/async/argus-builder-strategy.3e97a26f.js was preloaded using link preload but not used within a few seconds from the window's load event. Please make sure it has an appropriate `as` value and it is preloaded intentionally. @ https://www.tiktok.com/@hegawystores?lang=en:0
[  453259ms] [WARNING] The resource https://sf16-website-login.neutral.ttwstatic.com/obj/tiktok_web_login_static/tiktok/web/tiktok_fe_login_vmok/static/js/async/6869.bf0826a7.js was preloaded using link preload but not used within a few seconds from the window's load event. Please make sure it has an appropriate `as` value and it is preloaded intentionally. @ https://www.tiktok.com/@hegawystores?lang=en:0
[  453259ms] [WARNING] The resource https://sf16-website-login.neutral.ttwstatic.com/obj/tiktok_web_login_static/tiktok/web/tiktok_fe_login_vmok/static/js/async/6552.fd94ddd5.js was preloaded using link preload but not used within a few seconds from the window's load event. Please make sure it has an appropriate `as` value and it is preloaded intentionally. @ https://www.tiktok.com/@hegawystores?lang=en:0
[  453259ms] [WARNING] The resource https://sf16-website-login.neutral.ttwstatic.com/obj/tiktok_web_login_static/tiktok/web/tiktok_fe_login_vmok/static/js/async/lib-axios.68812c5b.js was preloaded using link preload but not used within a few seconds from the window's load event. Please make sure it has an appropriate `as` value and it is preloaded intentionally. @ https://www.tiktok.com/@hegawystores?lang=en:0
[  456961ms] [WARNING] The resource https://sf16-website-login.neutral.ttwstatic.com/obj/tiktok_web_login_static/tiktok/web/tiktok_fe_login_vmok/static/js/async/__federation_expose_pure.7bb71833.js was preloaded using link preload but not used within a few seconds from the window's load event. Please make sure it has an appropriate `as` value and it is preloaded intentionally. @ https://www.tiktok.com/@hegawystores?lang=en:0
[  456961ms] [WARNING] The resource https://sf16-website-login.neutral.ttwstatic.com/obj/tiktok_web_login_static/tiktok/web/tiktok_fe_login_vmok/static/js/async/3911.77069edd.js was preloaded using link preload but not used within a few seconds from the window's load event. Please make sure it has an appropriate `as` value and it is preloaded intentionally. @ https://www.tiktok.com/@hegawystores?lang=en:0
[  456961ms] [WARNING] The resource https://sf16-website-login.neutral.ttwstatic.com/obj/tiktok_web_login_static/tiktok/web/tiktok_fe_login_vmok/static/js/async/1265.abf06e8b.js was preloaded using link preload but not used within a few seconds from the window's load event. Please make sure it has an appropriate `as` value and it is preloaded intentionally. @ https://www.tiktok.com/@hegawystores?lang=en:0
[  456961ms] [WARNING] The resource https://sf16-website-login.neutral.ttwstatic.com/obj/tiktok_web_login_static/tiktok/web/tiktok_fe_login_vmok/static/js/async/5613.8d5871a3.js was preloaded using link preload but not used within a few seconds from the window's load event. Please make sure it has an appropriate `as` value and it is preloaded intentionally. @ https://www.tiktok.com/@hegawystores?lang=en:0
[  456961ms] [WARNING] The resource https://sf16-website-login.neutral.ttwstatic.com/obj/tiktok_web_login_static/tiktok/web/tiktok_fe_login_vmok/static/js/async/1775.2141490f.js was preloaded using link preload but not used within a few seconds from the window's load event. Please make sure it has an appropriate `as` value and it is preloaded intentionally. @ https://www.tiktok.com/@hegawystores?lang=en:0
[  456961ms] [WARNING] The resource https://sf16-website-login.neutral.ttwstatic.com/obj/tiktok_web_login_static/tiktok/web/tiktok_fe_login_vmok/static/js/async/argus-builder-strategy.3e97a26f.js was preloaded using link preload but not used within a few seconds from the window's load event. Please make sure it has an appropriate `as` value and it is preloaded intentionally. @ https://www.tiktok.com/@hegawystores?lang=en:0
[  456961ms] [WARNING] The resource https://sf16-website-login.neutral.ttwstatic.com/obj/tiktok_web_login_static/tiktok/web/tiktok_fe_login_vmok/static/js/async/6869.bf0826a7.js was preloaded using link preload but not used within a few seconds from the window's load event. Please make sure it has an appropriate `as` value and it is preloaded intentionally. @ https://www.tiktok.com/@hegawystores?lang=en:0
[  456962ms] [WARNING] The resource https://sf16-website-login.neutral.ttwstatic.com/obj/tiktok_web_login_static/tiktok/web/tiktok_fe_login_vmok/static/js/async/6552.fd94ddd5.js was preloaded using link preload but not used within a few seconds from the window's load event. Please make sure it has an appropriate `as` value and it is preloaded intentionally. @ https://www.tiktok.com/@hegawystores?lang=en:0
[  456962ms] [WARNING] The resource https://sf16-website-login.neutral.ttwstatic.com/obj/tiktok_web_login_static/tiktok/web/tiktok_fe_login_vmok/static/js/async/lib-axios.68812c5b.js was preloaded using link preload but not used within a few seconds from the window's load event. Please make sure it has an appropriate `as` value and it is preloaded intentionally. @ https://www.tiktok.com/@hegawystores?lang=en:0
[  463863ms] [WARNING] The resource https://sf16-website-login.neutral.ttwstatic.com/obj/tiktok_web_login_static/tiktok/web/tiktok_fe_login_vmok/static/js/async/__federation_expose_pure.7bb71833.js was preloaded using link preload but not used within a few seconds from the window's load event. Please make sure it has an appropriate `as` value and it is preloaded intentionally. @ https://www.tiktok.com/@hegawystores?lang=en:0
[  463863ms] [WARNING] The resource https://sf16-website-login.neutral.ttwstatic.com/obj/tiktok_web_login_static/tiktok/web/tiktok_fe_login_vmok/static/js/async/3911.77069edd.js was preloaded using link preload but not used within a few seconds from the window's load event. Please make sure it has an appropriate `as` value and it is preloaded intentionally. @ https://www.tiktok.com/@hegawystores?lang=en:0
[  463863ms] [WARNING] The resource https://sf16-website-login.neutral.ttwstatic.com/obj/tiktok_web_login_static/tiktok/web/tiktok_fe_login_vmok/static/js/async/1265.abf06e8b.js was preloaded using link preload but not used within a few seconds from the window's load event. Please make sure it has an appropriate `as` value and it is preloaded intentionally. @ https://www.tiktok.com/@hegawystores?lang=en:0
[  463863ms] [WARNING] The resource https://sf16-website-login.neutral.ttwstatic.com/obj/tiktok_web_login_static/tiktok/web/tiktok_fe_login_vmok/static/js/async/5613.8d5871a3.js was preloaded using link preload but not used within a few seconds from the window's load event. Please make sure it has an appropriate `as` value and it is preloaded intentionally. @ https://www.tiktok.com/@hegawystores?lang=en:0
[  463864ms] [WARNING] The resource https://sf16-website-login.neutral.ttwstatic.com/obj/tiktok_web_login_static/tiktok/web/tiktok_fe_login_vmok/static/js/async/1775.2141490f.js was preloaded using link preload but not used within a few seconds from the window's load event. Please make sure it has an appropriate `as` value and it is preloaded intentionally. @ https://www.tiktok.com/@hegawystores?lang=en:0
[  463864ms] [WARNING] The resource https://sf16-website-login.neutral.ttwstatic.com/obj/tiktok_web_login_static/tiktok/web/tiktok_fe_login_vmok/static/js/async/argus-builder-strategy.3e97a26f.js was preloaded using link preload but not used within a few seconds from the window's load event. Please make sure it has an appropriate `as` value and it is preloaded intentionally. @ https://www.tiktok.com/@hegawystores?lang=en:0
[  463864ms] [WARNING] The resource https://sf16-website-login.neutral.ttwstatic.com/obj/tiktok_web_login_static/tiktok/web/tiktok_fe_login_vmok/static/js/async/6869.bf0826a7.js was preloaded using link preload but not used within a few seconds from the window's load event. Please make sure it has an appropriate `as` value and it is preloaded intentionally. @ https://www.tiktok.com/@hegawystores?lang=en:0
[  463864ms] [WARNING] The resource https://sf16-website-login.neutral.ttwstatic.com/obj/tiktok_web_login_static/tiktok/web/tiktok_fe_login_vmok/static/js/async/6552.fd94ddd5.js was preloaded using link preload but not used within a few seconds from the window's load event. Please make sure it has an appropriate `as` value and it is preloaded intentionally. @ https://www.tiktok.com/@hegawystores?lang=en:0
[  463864ms] [WARNING] The resource https://sf16-website-login.neutral.ttwstatic.com/obj/tiktok_web_login_static/tiktok/web/tiktok_fe_login_vmok/static/js/async/lib-axios.68812c5b.js was preloaded using link preload but not used within a few seconds from the window's load event. Please make sure it has an appropriate `as` value and it is preloaded intentionally. @ https://www.tiktok.com/@hegawystores?lang=en:0
[  474519ms] [WARNING] The resource https://sf16-website-login.neutral.ttwstatic.com/obj/tiktok_web_login_static/tiktok/web/tiktok_fe_login_vmok/static/js/async/__federation_expose_pure.7bb71833.js was preloaded using link preload but not used within a few seconds from the window's load event. Please make sure it has an appropriate `as` value and it is preloaded intentionally. @ https://www.tiktok.com/@hegawystores?lang=en:0
[  474520ms] [WARNING] The resource https://sf16-website-login.neutral.ttwstatic.com/obj/tiktok_web_login_static/tiktok/web/tiktok_fe_login_vmok/static/js/async/3911.77069edd.js was preloaded using link preload but not used within a few seconds from the window's load event. Please make sure it has an appropriate `as` value and it is preloaded intentionally. @ https://www.tiktok.com/@hegawystores?lang=en:0
[  474520ms] [WARNING] The resource https://sf16-website-login.neutral.ttwstatic.com/obj/tiktok_web_login_static/tiktok/web/tiktok_fe_login_vmok/static/js/async/1265.abf06e8b.js was preloaded using link preload but not used within a few seconds from the window's load event. Please make sure it has an appropriate `as` value and it is preloaded intentionally. @ https://www.tiktok.com/@hegawystores?lang=en:0
[  474520ms] [WARNING] The resource https://sf16-website-login.neutral.ttwstatic.com/obj/tiktok_web_login_static/tiktok/web/tiktok_fe_login_vmok/static/js/async/5613.8d5871a3.js was preloaded using link preload but not used within a few seconds from the window's load event. Please make sure it has an appropriate `as` value and it is preloaded intentionally. @ https://www.tiktok.com/@hegawystores?lang=en:0
[  474520ms] [WARNING] The resource https://sf16-website-login.neutral.ttwstatic.com/obj/tiktok_web_login_static/tiktok/web/tiktok_fe_login_vmok/static/js/async/1775.2141490f.js was preloaded using link preload but not used within a few seconds from the window's load event. Please make sure it has an appropriate `as` value and it is preloaded intentionally. @ https://www.tiktok.com/@hegawystores?lang=en:0
[  474520ms] [WARNING] The resource https://sf16-website-login.neutral.ttwstatic.com/obj/tiktok_web_login_static/tiktok/web/tiktok_fe_login_vmok/static/js/async/argus-builder-strategy.3e97a26f.js was preloaded using link preload but not used within a few seconds from the window's load event. Please make sure it has an appropriate `as` value and it is preloaded intentionally. @ https://www.tiktok.com/@hegawystores?lang=en:0
[  474520ms] [WARNING] The resource https://sf16-website-login.neutral.ttwstatic.com/obj/tiktok_web_login_static/tiktok/web/tiktok_fe_login_vmok/static/js/async/6869.bf0826a7.js was preloaded using link preload but not used within a few seconds from the window's load event. Please make sure it has an appropriate `as` value and it is preloaded intentionally. @ https://www.tiktok.com/@hegawystores?lang=en:0
[  474520ms] [WARNING] The resource https://sf16-website-login.neutral.ttwstatic.com/obj/tiktok_web_login_static/tiktok/web/tiktok_fe_login_vmok/static/js/async/6552.fd94ddd5.js was preloaded using link preload but not used within a few seconds from the window's load event. Please make sure it has an appropriate `as` value and it is preloaded intentionally. @ https://www.tiktok.com/@hegawystores?lang=en:0
[  474520ms] [WARNING] The resource https://sf16-website-login.neutral.ttwstatic.com/obj/tiktok_web_login_static/tiktok/web/tiktok_fe_login_vmok/static/js/async/lib-axios.68812c5b.js was preloaded using link preload but not used within a few seconds from the window's load event. Please make sure it has an appropriate `as` value and it is preloaded intentionally. @ https://www.tiktok.com/@hegawystores?lang=en:0
[  489638ms] [WARNING] The resource https://sf16-website-login.neutral.ttwstatic.com/obj/tiktok_web_login_static/tiktok/web/tiktok_fe_login_vmok/static/js/async/__federation_expose_pure.7bb71833.js was preloaded using link preload but not used within a few seconds from the window's load event. Please make sure it has an appropriate `as` value and it is preloaded intentionally. @ https://www.tiktok.com/@hegawystores?lang=en:0
[  489638ms] [WARNING] The resource https://sf16-website-login.neutral.ttwstatic.com/obj/tiktok_web_login_static/tiktok/web/tiktok_fe_login_vmok/static/js/async/3911.77069edd.js was preloaded using link preload but not used within a few seconds from the window's load event. Please make sure it has an appropriate `as` value and it is preloaded intentionally. @ https://www.tiktok.com/@hegawystores?lang=en:0
[  489638ms] [WARNING] The resource https://sf16-website-login.neutral.ttwstatic.com/obj/tiktok_web_login_static/tiktok/web/tiktok_fe_login_vmok/static/js/async/1265.abf06e8b.js was preloaded using link preload but not used within a few seconds from the window's load event. Please make sure it has an appropriate `as` value and it is preloaded intentionally. @ https://www.tiktok.com/@hegawystores?lang=en:0
[  489638ms] [WARNING] The resource https://sf16-website-login.neutral.ttwstatic.com/obj/tiktok_web_login_static/tiktok/web/tiktok_fe_login_vmok/static/js/async/5613.8d5871a3.js was preloaded using link preload but not used within a few seconds from the window's load event. Please make sure it has an appropriate `as` value and it is preloaded intentionally. @ https://www.tiktok.com/@hegawystores?lang=en:0
[  489638ms] [WARNING] The resource https://sf16-website-login.neutral.ttwstatic.com/obj/tiktok_web_login_static/tiktok/web/tiktok_fe_login_vmok/static/js/async/1775.2141490f.js was preloaded using link preload but not used within a few seconds from the window's load event. Please make sure it has an appropriate `as` value and it is preloaded intentionally. @ https://www.tiktok.com/@hegawystores?lang=en:0
[  489638ms] [WARNING] The resource https://sf16-website-login.neutral.ttwstatic.com/obj/tiktok_web_login_static/tiktok/web/tiktok_fe_login_vmok/static/js/async/argus-builder-strategy.3e97a26f.js was preloaded using link preload but not used within a few seconds from the window's load event. Please make sure it has an appropriate `as` value and it is preloaded intentionally. @ https://www.tiktok.com/@hegawystores?lang=en:0
[  489638ms] [WARNING] The resource https://sf16-website-login.neutral.ttwstatic.com/obj/tiktok_web_login_static/tiktok/web/tiktok_fe_login_vmok/static/js/async/6869.bf0826a7.js was preloaded using link preload but not used within a few seconds from the window's load event. Please make sure it has an appropriate `as` value and it is preloaded intentionally. @ https://www.tiktok.com/@hegawystores?lang=en:0
[  489638ms] [WARNING] The resource https://sf16-website-login.neutral.ttwstatic.com/obj/tiktok_web_login_static/tiktok/web/tiktok_fe_login_vmok/static/js/async/6552.fd94ddd5.js was preloaded using link preload but not used within a few seconds from the window's load event. Please make sure it has an appropriate `as` value and it is preloaded intentionally. @ https://www.tiktok.com/@hegawystores?lang=en:0
[  489638ms] [WARNING] The resource https://sf16-website-login.neutral.ttwstatic.com/obj/tiktok_web_login_static/tiktok/web/tiktok_fe_login_vmok/static/js/async/lib-axios.68812c5b.js was preloaded using link preload but not used within a few seconds from the window's load event. Please make sure it has an appropriate `as` value and it is preloaded intentionally. @ https://www.tiktok.com/@hegawystores?lang=en:0
[  495801ms] [WARNING] The resource https://sf16-website-login.neutral.ttwstatic.com/obj/tiktok_web_login_static/tiktok/web/tiktok_fe_login_vmok/static/js/async/__federation_expose_pure.7bb71833.js was preloaded using link preload but not used within a few seconds from the window's load event. Please make sure it has an appropriate `as` value and it is preloaded intentionally. @ https://www.tiktok.com/@hegawystores?lang=en:0
[  495801ms] [WARNING] The resource https://sf16-website-login.neutral.ttwstatic.com/obj/tiktok_web_login_static/tiktok/web/tiktok_fe_login_vmok/static/js/async/3911.77069edd.js was preloaded using link preload but not used within a few seconds from the window's load event. Please make sure it has an appropriate `as` value and it is preloaded intentionally. @ https://www.tiktok.com/@hegawystores?lang=en:0
[  495801ms] [WARNING] The resource https://sf16-website-login.neutral.ttwstatic.com/obj/tiktok_web_login_static/tiktok/web/tiktok_fe_login_vmok/static/js/async/1265.abf06e8b.js was preloaded using link preload but not used within a few seconds from the window's load event. Please make sure it has an appropriate `as` value and it is preloaded intentionally. @ https://www.tiktok.com/@hegawystores?lang=en:0
[  495801ms] [WARNING] The resource https://sf16-website-login.neutral.ttwstatic.com/obj/tiktok_web_login_static/tiktok/web/tiktok_fe_login_vmok/static/js/async/5613.8d5871a3.js was preloaded using link preload but not used within a few seconds from the window's load event. Please make sure it has an appropriate `as` value and it is preloaded intentionally. @ https://www.tiktok.com/@hegawystores?lang=en:0
[  495801ms] [WARNING] The resource https://sf16-website-login.neutral.ttwstatic.com/obj/tiktok_web_login_static/tiktok/web/tiktok_fe_login_vmok/static/js/async/1775.2141490f.js was preloaded using link preload but not used within a few seconds from the window's load event. Please make sure it has an appropriate `as` value and it is preloaded intentionally. @ https://www.tiktok.com/@hegawystores?lang=en:0
[  495801ms] [WARNING] The resource https://sf16-website-login.neutral.ttwstatic.com/obj/tiktok_web_login_static/tiktok/web/tiktok_fe_login_vmok/static/js/async/argus-builder-strategy.3e97a26f.js was preloaded using link preload but not used within a few seconds from the window's load event. Please make sure it has an appropriate `as` value and it is preloaded intentionally. @ https://www.tiktok.com/@hegawystores?lang=en:0
[  495801ms] [WARNING] The resource https://sf16-website-login.neutral.ttwstatic.com/obj/tiktok_web_login_static/tiktok/web/tiktok_fe_login_vmok/static/js/async/6869.bf0826a7.js was preloaded using link preload but not used within a few seconds from the window's load event. Please make sure it has an appropriate `as` value and it is preloaded intentionally. @ https://www.tiktok.com/@hegawystores?lang=en:0
[  495801ms] [WARNING] The resource https://sf16-website-login.neutral.ttwstatic.com/obj/tiktok_web_login_static/tiktok/web/tiktok_fe_login_vmok/static/js/async/6552.fd94ddd5.js was preloaded using link preload but not used within a few seconds from the window's load event. Please make sure it has an appropriate `as` value and it is preloaded intentionally. @ https://www.tiktok.com/@hegawystores?lang=en:0
[  495801ms] [WARNING] The resource https://sf16-website-login.neutral.ttwstatic.com/obj/tiktok_web_login_static/tiktok/web/tiktok_fe_login_vmok/static/js/async/lib-axios.68812c5b.js was preloaded using link preload but not used within a few seconds from the window's load event. Please make sure it has an appropriate `as` value and it is preloaded intentionally. @ https://www.tiktok.com/@hegawystores?lang=en:0
[  506461ms] [WARNING] The resource https://sf16-website-login.neutral.ttwstatic.com/obj/tiktok_web_login_static/tiktok/web/tiktok_fe_login_vmok/static/js/async/__federation_expose_pure.7bb71833.js was preloaded using link preload but not used within a few seconds from the window's load event. Please make sure it has an appropriate `as` value and it is preloaded intentionally. @ https://www.tiktok.com/@hegawystores?lang=en:0
[  506461ms] [WARNING] The resource https://sf16-website-login.neutral.ttwstatic.com/obj/tiktok_web_login_static/tiktok/web/tiktok_fe_login_vmok/static/js/async/3911.77069edd.js was preloaded using link preload but not used within a few seconds from the window's load event. Please make sure it has an appropriate `as` value and it is preloaded intentionally. @ https://www.tiktok.com/@hegawystores?lang=en:0
[  506461ms] [WARNING] The resource https://sf16-website-login.neutral.ttwstatic.com/obj/tiktok_web_login_static/tiktok/web/tiktok_fe_login_vmok/static/js/async/1265.abf06e8b.js was preloaded using link preload but not used within a few seconds from the window's load event. Please make sure it has an appropriate `as` value and it is preloaded intentionally. @ https://www.tiktok.com/@hegawystores?lang=en:0
[  506462ms] [WARNING] The resource https://sf16-website-login.neutral.ttwstatic.com/obj/tiktok_web_login_static/tiktok/web/tiktok_fe_login_vmok/static/js/async/5613.8d5871a3.js was preloaded using link preload but not used within a few seconds from the window's load event. Please make sure it has an appropriate `as` value and it is preloaded intentionally. @ https://www.tiktok.com/@hegawystores?lang=en:0
[  506462ms] [WARNING] The resource https://sf16-website-login.neutral.ttwstatic.com/obj/tiktok_web_login_static/tiktok/web/tiktok_fe_login_vmok/static/js/async/1775.2141490f.js was preloaded using link preload but not used within a few seconds from the window's load event. Please make sure it has an appropriate `as` value and it is preloaded intentionally. @ https://www.tiktok.com/@hegawystores?lang=en:0
[  506462ms] [WARNING] The resource https://sf16-website-login.neutral.ttwstatic.com/obj/tiktok_web_login_static/tiktok/web/tiktok_fe_login_vmok/static/js/async/argus-builder-strategy.3e97a26f.js was preloaded using link preload but not used within a few seconds from the window's load event. Please make sure it has an appropriate `as` value and it is preloaded intentionally. @ https://www.tiktok.com/@hegawystores?lang=en:0
[  506462ms] [WARNING] The resource https://sf16-website-login.neutral.ttwstatic.com/obj/tiktok_web_login_static/tiktok/web/tiktok_fe_login_vmok/static/js/async/6869.bf0826a7.js was preloaded using link preload but not used within a few seconds from the window's load event. Please make sure it has an appropriate `as` value and it is preloaded intentionally. @ https://www.tiktok.com/@hegawystores?lang=en:0
[  506462ms] [WARNING] The resource https://sf16-website-login.neutral.ttwstatic.com/obj/tiktok_web_login_static/tiktok/web/tiktok_fe_login_vmok/static/js/async/6552.fd94ddd5.js was preloaded using link preload but not used within a few seconds from the window's load event. Please make sure it has an appropriate `as` value and it is preloaded intentionally. @ https://www.tiktok.com/@hegawystores?lang=en:0
[  506462ms] [WARNING] The resource https://sf16-website-login.neutral.ttwstatic.com/obj/tiktok_web_login_static/tiktok/web/tiktok_fe_login_vmok/static/js/async/lib-axios.68812c5b.js was preloaded using link preload but not used within a few seconds from the window's load event. Please make sure it has an appropriate `as` value and it is preloaded intentionally. @ https://www.tiktok.com/@hegawystores?lang=en:0
[  517043ms] [WARNING] The resource https://sf16-website-login.neutral.ttwstatic.com/obj/tiktok_web_login_static/tiktok/web/tiktok_fe_login_vmok/static/js/async/__federation_expose_pure.7bb71833.js was preloaded using link preload but not used within a few seconds from the window's load event. Please make sure it has an appropriate `as` value and it is preloaded intentionally. @ https://www.tiktok.com/@hegawystores?lang=en:0
[  517043ms] [WARNING] The resource https://sf16-website-login.neutral.ttwstatic.com/obj/tiktok_web_login_static/tiktok/web/tiktok_fe_login_vmok/static/js/async/3911.77069edd.js was preloaded using link preload but not used within a few seconds from the window's load event. Please make sure it has an appropriate `as` value and it is preloaded intentionally. @ https://www.tiktok.com/@hegawystores?lang=en:0
[  517043ms] [WARNING] The resource https://sf16-website-login.neutral.ttwstatic.com/obj/tiktok_web_login_static/tiktok/web/tiktok_fe_login_vmok/static/js/async/1265.abf06e8b.js was preloaded using link preload but not used within a few seconds from the window's load event. Please make sure it has an appropriate `as` value and it is preloaded intentionally. @ https://www.tiktok.com/@hegawystores?lang=en:0
[  517043ms] [WARNING] The resource https://sf16-website-login.neutral.ttwstatic.com/obj/tiktok_web_login_static/tiktok/web/tiktok_fe_login_vmok/static/js/async/5613.8d5871a3.js was preloaded using link preload but not used within a few seconds from the window's load event. Please make sure it has an appropriate `as` value and it is preloaded intentionally. @ https://www.tiktok.com/@hegawystores?lang=en:0
[  517044ms] [WARNING] The resource https://sf16-website-login.neutral.ttwstatic.com/obj/tiktok_web_login_static/tiktok/web/tiktok_fe_login_vmok/static/js/async/1775.2141490f.js was preloaded using link preload but not used within a few seconds from the window's load event. Please make sure it has an appropriate `as` value and it is preloaded intentionally. @ https://www.tiktok.com/@hegawystores?lang=en:0
[  517044ms] [WARNING] The resource https://sf16-website-login.neutral.ttwstatic.com/obj/tiktok_web_login_static/tiktok/web/tiktok_fe_login_vmok/static/js/async/argus-builder-strategy.3e97a26f.js was preloaded using link preload but not used within a few seconds from the window's load event. Please make sure it has an appropriate `as` value and it is preloaded intentionally. @ https://www.tiktok.com/@hegawystores?lang=en:0
[  517044ms] [WARNING] The resource https://sf16-website-login.neutral.ttwstatic.com/obj/tiktok_web_login_static/tiktok/web/tiktok_fe_login_vmok/static/js/async/6869.bf0826a7.js was preloaded using link preload but not used within a few seconds from the window's load event. Please make sure it has an appropriate `as` value and it is preloaded intentionally. @ https://www.tiktok.com/@hegawystores?lang=en:0
[  517044ms] [WARNING] The resource https://sf16-website-login.neutral.ttwstatic.com/obj/tiktok_web_login_static/tiktok/web/tiktok_fe_login_vmok/static/js/async/6552.fd94ddd5.js was preloaded using link preload but not used within a few seconds from the window's load event. Please make sure it has an appropriate `as` value and it is preloaded intentionally. @ https://www.tiktok.com/@hegawystores?lang=en:0
[  517044ms] [WARNING] The resource https://sf16-website-login.neutral.ttwstatic.com/obj/tiktok_web_login_static/tiktok/web/tiktok_fe_login_vmok/static/js/async/lib-axios.68812c5b.js was preloaded using link preload but not used within a few seconds from the window's load event. Please make sure it has an appropriate `as` value and it is preloaded intentionally. @ https://www.tiktok.com/@hegawystores?lang=en:0
[  527600ms] [WARNING] The resource https://sf16-website-login.neutral.ttwstatic.com/obj/tiktok_web_login_static/tiktok/web/tiktok_fe_login_vmok/static/js/async/__federation_expose_pure.7bb71833.js was preloaded using link preload but not used within a few seconds from the window's load event. Please make sure it has an appropriate `as` value and it is preloaded intentionally. @ https://www.tiktok.com/@hegawystores?lang=en:0
[  527600ms] [WARNING] The resource https://sf16-website-login.neutral.ttwstatic.com/obj/tiktok_web_login_static/tiktok/web/tiktok_fe_login_vmok/static/js/async/3911.77069edd.js was preloaded using link preload but not used within a few seconds from the window's load event. Please make sure it has an appropriate `as` value and it is preloaded intentionally. @ https://www.tiktok.com/@hegawystores?lang=en:0
[  527600ms] [WARNING] The resource https://sf16-website-login.neutral.ttwstatic.com/obj/tiktok_web_login_static/tiktok/web/tiktok_fe_login_vmok/static/js/async/1265.abf06e8b.js was preloaded using link preload but not used within a few seconds from the window's load event. Please make sure it has an appropriate `as` value and it is preloaded intentionally. @ https://www.tiktok.com/@hegawystores?lang=en:0
[  527600ms] [WARNING] The resource https://sf16-website-login.neutral.ttwstatic.com/obj/tiktok_web_login_static/tiktok/web/tiktok_fe_login_vmok/static/js/async/5613.8d5871a3.js was preloaded using link preload but not used within a few seconds from the window's load event. Please make sure it has an appropriate `as` value and it is preloaded intentionally. @ https://www.tiktok.com/@hegawystores?lang=en:0
[  527601ms] [WARNING] The resource https://sf16-website-login.neutral.ttwstatic.com/obj/tiktok_web_login_static/tiktok/web/tiktok_fe_login_vmok/static/js/async/1775.2141490f.js was preloaded using link preload but not used within a few seconds from the window's load event. Please make sure it has an appropriate `as` value and it is preloaded intentionally. @ https://www.tiktok.com/@hegawystores?lang=en:0
[  527601ms] [WARNING] The resource https://sf16-website-login.neutral.ttwstatic.com/obj/tiktok_web_login_static/tiktok/web/tiktok_fe_login_vmok/static/js/async/argus-builder-strategy.3e97a26f.js was preloaded using link preload but not used within a few seconds from the window's load event. Please make sure it has an appropriate `as` value and it is preloaded intentionally. @ https://www.tiktok.com/@hegawystores?lang=en:0
[  527601ms] [WARNING] The resource https://sf16-website-login.neutral.ttwstatic.com/obj/tiktok_web_login_static/tiktok/web/tiktok_fe_login_vmok/static/js/async/6869.bf0826a7.js was preloaded using link preload but not used within a few seconds from the window's load event. Please make sure it has an appropriate `as` value and it is preloaded intentionally. @ https://www.tiktok.com/@hegawystores?lang=en:0
[  527601ms] [WARNING] The resource https://sf16-website-login.neutral.ttwstatic.com/obj/tiktok_web_login_static/tiktok/web/tiktok_fe_login_vmok/static/js/async/6552.fd94ddd5.js was preloaded using link preload but not used within a few seconds from the window's load event. Please make sure it has an appropriate `as` value and it is preloaded intentionally. @ https://www.tiktok.com/@hegawystores?lang=en:0
[  527601ms] [WARNING] The resource https://sf16-website-login.neutral.ttwstatic.com/obj/tiktok_web_login_static/tiktok/web/tiktok_fe_login_vmok/static/js/async/lib-axios.68812c5b.js was preloaded using link preload but not used within a few seconds from the window's load event. Please make sure it has an appropriate `as` value and it is preloaded intentionally. @ https://www.tiktok.com/@hegawystores?lang=en:0
[  538195ms] [WARNING] The resource https://sf16-website-login.neutral.ttwstatic.com/obj/tiktok_web_login_static/tiktok/web/tiktok_fe_login_vmok/static/js/async/__federation_expose_pure.7bb71833.js was preloaded using link preload but not used within a few seconds from the window's load event. Please make sure it has an appropriate `as` value and it is preloaded intentionally. @ https://www.tiktok.com/@hegawystores?lang=en:0
[  538195ms] [WARNING] The resource https://sf16-website-login.neutral.ttwstatic.com/obj/tiktok_web_login_static/tiktok/web/tiktok_fe_login_vmok/static/js/async/3911.77069edd.js was preloaded using link preload but not used within a few seconds from the window's load event. Please make sure it has an appropriate `as` value and it is preloaded intentionally. @ https://www.tiktok.com/@hegawystores?lang=en:0
[  538195ms] [WARNING] The resource https://sf16-website-login.neutral.ttwstatic.com/obj/tiktok_web_login_static/tiktok/web/tiktok_fe_login_vmok/static/js/async/1265.abf06e8b.js was preloaded using link preload but not used within a few seconds from the window's load event. Please make sure it has an appropriate `as` value and it is preloaded intentionally. @ https://www.tiktok.com/@hegawystores?lang=en:0
[  538196ms] [WARNING] The resource https://sf16-website-login.neutral.ttwstatic.com/obj/tiktok_web_login_static/tiktok/web/tiktok_fe_login_vmok/static/js/async/5613.8d5871a3.js was preloaded using link preload but not used within a few seconds from the window's load event. Please make sure it has an appropriate `as` value and it is preloaded intentionally. @ https://www.tiktok.com/@hegawystores?lang=en:0
[  538196ms] [WARNING] The resource https://sf16-website-login.neutral.ttwstatic.com/obj/tiktok_web_login_static/tiktok/web/tiktok_fe_login_vmok/static/js/async/1775.2141490f.js was preloaded using link preload but not used within a few seconds from the window's load event. Please make sure it has an appropriate `as` value and it is preloaded intentionally. @ https://www.tiktok.com/@hegawystores?lang=en:0
[  538196ms] [WARNING] The resource https://sf16-website-login.neutral.ttwstatic.com/obj/tiktok_web_login_static/tiktok/web/tiktok_fe_login_vmok/static/js/async/argus-builder-strategy.3e97a26f.js was preloaded using link preload but not used within a few seconds from the window's load event. Please make sure it has an appropriate `as` value and it is preloaded intentionally. @ https://www.tiktok.com/@hegawystores?lang=en:0
[  538196ms] [WARNING] The resource https://sf16-website-login.neutral.ttwstatic.com/obj/tiktok_web_login_static/tiktok/web/tiktok_fe_login_vmok/static/js/async/6869.bf0826a7.js was preloaded using link preload but not used within a few seconds from the window's load event. Please make sure it has an appropriate `as` value and it is preloaded intentionally. @ https://www.tiktok.com/@hegawystores?lang=en:0
[  538196ms] [WARNING] The resource https://sf16-website-login.neutral.ttwstatic.com/obj/tiktok_web_login_static/tiktok/web/tiktok_fe_login_vmok/static/js/async/6552.fd94ddd5.js was preloaded using link preload but not used within a few seconds from the window's load event. Please make sure it has an appropriate `as` value and it is preloaded intentionally. @ https://www.tiktok.com/@hegawystores?lang=en:0
[  538197ms] [WARNING] The resource https://sf16-website-login.neutral.ttwstatic.com/obj/tiktok_web_login_static/tiktok/web/tiktok_fe_login_vmok/static/js/async/lib-axios.68812c5b.js was preloaded using link preload but not used within a few seconds from the window's load event. Please make sure it has an appropriate `as` value and it is preloaded intentionally. @ https://www.tiktok.com/@hegawystores?lang=en:0
[  550601ms] [WARNING] The resource https://sf16-website-login.neutral.ttwstatic.com/obj/tiktok_web_login_static/tiktok/web/tiktok_fe_login_vmok/static/js/async/__federation_expose_pure.7bb71833.js was preloaded using link preload but not used within a few seconds from the window's load event. Please make sure it has an appropriate `as` value and it is preloaded intentionally. @ https://www.tiktok.com/@hegawystores?lang=en:0
[  550602ms] [WARNING] The resource https://sf16-website-login.neutral.ttwstatic.com/obj/tiktok_web_login_static/tiktok/web/tiktok_fe_login_vmok/static/js/async/3911.77069edd.js was preloaded using link preload but not used within a few seconds from the window's load event. Please make sure it has an appropriate `as` value and it is preloaded intentionally. @ https://www.tiktok.com/@hegawystores?lang=en:0
[  550602ms] [WARNING] The resource https://sf16-website-login.neutral.ttwstatic.com/obj/tiktok_web_login_static/tiktok/web/tiktok_fe_login_vmok/static/js/async/1265.abf06e8b.js was preloaded using link preload but not used within a few seconds from the window's load event. Please make sure it has an appropriate `as` value and it is preloaded intentionally. @ https://www.tiktok.com/@hegawystores?lang=en:0
[  550602ms] [WARNING] The resource https://sf16-website-login.neutral.ttwstatic.com/obj/tiktok_web_login_static/tiktok/web/tiktok_fe_login_vmok/static/js/async/5613.8d5871a3.js was preloaded using link preload but not used within a few seconds from the window's load event. Please make sure it has an appropriate `as` value and it is preloaded intentionally. @ https://www.tiktok.com/@hegawystores?lang=en:0
[  550602ms] [WARNING] The resource https://sf16-website-login.neutral.ttwstatic.com/obj/tiktok_web_login_static/tiktok/web/tiktok_fe_login_vmok/static/js/async/1775.2141490f.js was preloaded using link preload but not used within a few seconds from the window's load event. Please make sure it has an appropriate `as` value and it is preloaded intentionally. @ https://www.tiktok.com/@hegawystores?lang=en:0
[  550602ms] [WARNING] The resource https://sf16-website-login.neutral.ttwstatic.com/obj/tiktok_web_login_static/tiktok/web/tiktok_fe_login_vmok/static/js/async/argus-builder-strategy.3e97a26f.js was preloaded using link preload but not used within a few seconds from the window's load event. Please make sure it has an appropriate `as` value and it is preloaded intentionally. @ https://www.tiktok.com/@hegawystores?lang=en:0
[  550602ms] [WARNING] The resource https://sf16-website-login.neutral.ttwstatic.com/obj/tiktok_web_login_static/tiktok/web/tiktok_fe_login_vmok/static/js/async/6869.bf0826a7.js was preloaded using link preload but not used within a few seconds from the window's load event. Please make sure it has an appropriate `as` value and it is preloaded intentionally. @ https://www.tiktok.com/@hegawystores?lang=en:0
[  550602ms] [WARNING] The resource https://sf16-website-login.neutral.ttwstatic.com/obj/tiktok_web_login_static/tiktok/web/tiktok_fe_login_vmok/static/js/async/6552.fd94ddd5.js was preloaded using link preload but not used within a few seconds from the window's load event. Please make sure it has an appropriate `as` value and it is preloaded intentionally. @ https://www.tiktok.com/@hegawystores?lang=en:0
[  550602ms] [WARNING] The resource https://sf16-website-login.neutral.ttwstatic.com/obj/tiktok_web_login_static/tiktok/web/tiktok_fe_login_vmok/static/js/async/lib-axios.68812c5b.js was preloaded using link preload but not used within a few seconds from the window's load event. Please make sure it has an appropriate `as` value and it is preloaded intentionally. @ https://www.tiktok.com/@hegawystores?lang=en:0
[  559450ms] [WARNING] The resource https://sf16-website-login.neutral.ttwstatic.com/obj/tiktok_web_login_static/tiktok/web/tiktok_fe_login_vmok/static/js/async/__federation_expose_pure.7bb71833.js was preloaded using link preload but not used within a few seconds from the window's load event. Please make sure it has an appropriate `as` value and it is preloaded intentionally. @ https://www.tiktok.com/@hegawystores?lang=en:0
[  559450ms] [WARNING] The resource https://sf16-website-login.neutral.ttwstatic.com/obj/tiktok_web_login_static/tiktok/web/tiktok_fe_login_vmok/static/js/async/3911.77069edd.js was preloaded using link preload but not used within a few seconds from the window's load event. Please make sure it has an appropriate `as` value and it is preloaded intentionally. @ https://www.tiktok.com/@hegawystores?lang=en:0
[  559450ms] [WARNING] The resource https://sf16-website-login.neutral.ttwstatic.com/obj/tiktok_web_login_static/tiktok/web/tiktok_fe_login_vmok/static/js/async/1265.abf06e8b.js was preloaded using link preload but not used within a few seconds from the window's load event. Please make sure it has an appropriate `as` value and it is preloaded intentionally. @ https://www.tiktok.com/@hegawystores?lang=en:0
[  559450ms] [WARNING] The resource https://sf16-website-login.neutral.ttwstatic.com/obj/tiktok_web_login_static/tiktok/web/tiktok_fe_login_vmok/static/js/async/5613.8d5871a3.js was preloaded using link preload but not used within a few seconds from the window's load event. Please make sure it has an appropriate `as` value and it is preloaded intentionally. @ https://www.tiktok.com/@hegawystores?lang=en:0
[  559450ms] [WARNING] The resource https://sf16-website-login.neutral.ttwstatic.com/obj/tiktok_web_login_static/tiktok/web/tiktok_fe_login_vmok/static/js/async/1775.2141490f.js was preloaded using link preload but not used within a few seconds from the window's load event. Please make sure it has an appropriate `as` value and it is preloaded intentionally. @ https://www.tiktok.com/@hegawystores?lang=en:0
[  559451ms] [WARNING] The resource https://sf16-website-login.neutral.ttwstatic.com/obj/tiktok_web_login_static/tiktok/web/tiktok_fe_login_vmok/static/js/async/argus-builder-strategy.3e97a26f.js was preloaded using link preload but not used within a few seconds from the window's load event. Please make sure it has an appropriate `as` value and it is preloaded intentionally. @ https://www.tiktok.com/@hegawystores?lang=en:0
[  559451ms] [WARNING] The resource https://sf16-website-login.neutral.ttwstatic.com/obj/tiktok_web_login_static/tiktok/web/tiktok_fe_login_vmok/static/js/async/6869.bf0826a7.js was preloaded using link preload but not used within a few seconds from the window's load event. Please make sure it has an appropriate `as` value and it is preloaded intentionally. @ https://www.tiktok.com/@hegawystores?lang=en:0
[  559451ms] [WARNING] The resource https://sf16-website-login.neutral.ttwstatic.com/obj/tiktok_web_login_static/tiktok/web/tiktok_fe_login_vmok/static/js/async/6552.fd94ddd5.js was preloaded using link preload but not used within a few seconds from the window's load event. Please make sure it has an appropriate `as` value and it is preloaded intentionally. @ https://www.tiktok.com/@hegawystores?lang=en:0
[  559451ms] [WARNING] The resource https://sf16-website-login.neutral.ttwstatic.com/obj/tiktok_web_login_static/tiktok/web/tiktok_fe_login_vmok/static/js/async/lib-axios.68812c5b.js was preloaded using link preload but not used within a few seconds from the window's load event. Please make sure it has an appropriate `as` value and it is preloaded intentionally. @ https://www.tiktok.com/@hegawystores?lang=en:0
[  570010ms] [WARNING] The resource https://sf16-website-login.neutral.ttwstatic.com/obj/tiktok_web_login_static/tiktok/web/tiktok_fe_login_vmok/static/js/async/__federation_expose_pure.7bb71833.js was preloaded using link preload but not used within a few seconds from the window's load event. Please make sure it has an appropriate `as` value and it is preloaded intentionally. @ https://www.tiktok.com/@hegawystores?lang=en:0
[  570010ms] [WARNING] The resource https://sf16-website-login.neutral.ttwstatic.com/obj/tiktok_web_login_static/tiktok/web/tiktok_fe_login_vmok/static/js/async/3911.77069edd.js was preloaded using link preload but not used within a few seconds from the window's load event. Please make sure it has an appropriate `as` value and it is preloaded intentionally. @ https://www.tiktok.com/@hegawystores?lang=en:0
[  570010ms] [WARNING] The resource https://sf16-website-login.neutral.ttwstatic.com/obj/tiktok_web_login_static/tiktok/web/tiktok_fe_login_vmok/static/js/async/1265.abf06e8b.js was preloaded using link preload but not used within a few seconds from the window's load event. Please make sure it has an appropriate `as` value and it is preloaded intentionally. @ https://www.tiktok.com/@hegawystores?lang=en:0
[  570010ms] [WARNING] The resource https://sf16-website-login.neutral.ttwstatic.com/obj/tiktok_web_login_static/tiktok/web/tiktok_fe_login_vmok/static/js/async/5613.8d5871a3.js was preloaded using link preload but not used within a few seconds from the window's load event. Please make sure it has an appropriate `as` value and it is preloaded intentionally. @ https://www.tiktok.com/@hegawystores?lang=en:0
[  570011ms] [WARNING] The resource https://sf16-website-login.neutral.ttwstatic.com/obj/tiktok_web_login_static/tiktok/web/tiktok_fe_login_vmok/static/js/async/1775.2141490f.js was preloaded using link preload but not used within a few seconds from the window's load event. Please make sure it has an appropriate `as` value and it is preloaded intentionally. @ https://www.tiktok.com/@hegawystores?lang=en:0
[  570011ms] [WARNING] The resource https://sf16-website-login.neutral.ttwstatic.com/obj/tiktok_web_login_static/tiktok/web/tiktok_fe_login_vmok/static/js/async/argus-builder-strategy.3e97a26f.js was preloaded using link preload but not used within a few seconds from the window's load event. Please make sure it has an appropriate `as` value and it is preloaded intentionally. @ https://www.tiktok.com/@hegawystores?lang=en:0
[  570011ms] [WARNING] The resource https://sf16-website-login.neutral.ttwstatic.com/obj/tiktok_web_login_static/tiktok/web/tiktok_fe_login_vmok/static/js/async/6869.bf0826a7.js was preloaded using link preload but not used within a few seconds from the window's load event. Please make sure it has an appropriate `as` value and it is preloaded intentionally. @ https://www.tiktok.com/@hegawystores?lang=en:0
[  570011ms] [WARNING] The resource https://sf16-website-login.neutral.ttwstatic.com/obj/tiktok_web_login_static/tiktok/web/tiktok_fe_login_vmok/static/js/async/6552.fd94ddd5.js was preloaded using link preload but not used within a few seconds from the window's load event. Please make sure it has an appropriate `as` value and it is preloaded intentionally. @ https://www.tiktok.com/@hegawystores?lang=en:0
[  570011ms] [WARNING] The resource https://sf16-website-login.neutral.ttwstatic.com/obj/tiktok_web_login_static/tiktok/web/tiktok_fe_login_vmok/static/js/async/lib-axios.68812c5b.js was preloaded using link preload but not used within a few seconds from the window's load event. Please make sure it has an appropriate `as` value and it is preloaded intentionally. @ https://www.tiktok.com/@hegawystores?lang=en:0
[  576980ms] [WARNING] The resource https://sf16-website-login.neutral.ttwstatic.com/obj/tiktok_web_login_static/tiktok/web/tiktok_fe_login_vmok/static/js/async/__federation_expose_pure.7bb71833.js was preloaded using link preload but not used within a few seconds from the window's load event. Please make sure it has an appropriate `as` value and it is preloaded intentionally. @ https://www.tiktok.com/@hegawystores?lang=en:0
[  576980ms] [WARNING] The resource https://sf16-website-login.neutral.ttwstatic.com/obj/tiktok_web_login_static/tiktok/web/tiktok_fe_login_vmok/static/js/async/3911.77069edd.js was preloaded using link preload but not used within a few seconds from the window's load event. Please make sure it has an appropriate `as` value and it is preloaded intentionally. @ https://www.tiktok.com/@hegawystores?lang=en:0
[  576980ms] [WARNING] The resource https://sf16-website-login.neutral.ttwstatic.com/obj/tiktok_web_login_static/tiktok/web/tiktok_fe_login_vmok/static/js/async/1265.abf06e8b.js was preloaded using link preload but not used within a few seconds from the window's load event. Please make sure it has an appropriate `as` value and it is preloaded intentionally. @ https://www.tiktok.com/@hegawystores?lang=en:0
[  576980ms] [WARNING] The resource https://sf16-website-login.neutral.ttwstatic.com/obj/tiktok_web_login_static/tiktok/web/tiktok_fe_login_vmok/static/js/async/5613.8d5871a3.js was preloaded using link preload but not used within a few seconds from the window's load event. Please make sure it has an appropriate `as` value and it is preloaded intentionally. @ https://www.tiktok.com/@hegawystores?lang=en:0
[  576980ms] [WARNING] The resource https://sf16-website-login.neutral.ttwstatic.com/obj/tiktok_web_login_static/tiktok/web/tiktok_fe_login_vmok/static/js/async/1775.2141490f.js was preloaded using link preload but not used within a few seconds from the window's load event. Please make sure it has an appropriate `as` value and it is preloaded intentionally. @ https://www.tiktok.com/@hegawystores?lang=en:0
[  576981ms] [WARNING] The resource https://sf16-website-login.neutral.ttwstatic.com/obj/tiktok_web_login_static/tiktok/web/tiktok_fe_login_vmok/static/js/async/argus-builder-strategy.3e97a26f.js was preloaded using link preload but not used within a few seconds from the window's load event. Please make sure it has an appropriate `as` value and it is preloaded intentionally. @ https://www.tiktok.com/@hegawystores?lang=en:0
[  576981ms] [WARNING] The resource https://sf16-website-login.neutral.ttwstatic.com/obj/tiktok_web_login_static/tiktok/web/tiktok_fe_login_vmok/static/js/async/6869.bf0826a7.js was preloaded using link preload but not used within a few seconds from the window's load event. Please make sure it has an appropriate `as` value and it is preloaded intentionally. @ https://www.tiktok.com/@hegawystores?lang=en:0
[  576981ms] [WARNING] The resource https://sf16-website-login.neutral.ttwstatic.com/obj/tiktok_web_login_static/tiktok/web/tiktok_fe_login_vmok/static/js/async/6552.fd94ddd5.js was preloaded using link preload but not used within a few seconds from the window's load event. Please make sure it has an appropriate `as` value and it is preloaded intentionally. @ https://www.tiktok.com/@hegawystores?lang=en:0
[  576981ms] [WARNING] The resource https://sf16-website-login.neutral.ttwstatic.com/obj/tiktok_web_login_static/tiktok/web/tiktok_fe_login_vmok/static/js/async/lib-axios.68812c5b.js was preloaded using link preload but not used within a few seconds from the window's load event. Please make sure it has an appropriate `as` value and it is preloaded intentionally. @ https://www.tiktok.com/@hegawystores?lang=en:0
[  580629ms] [WARNING] The resource https://sf16-website-login.neutral.ttwstatic.com/obj/tiktok_web_login_static/tiktok/web/tiktok_fe_login_vmok/static/js/async/__federation_expose_pure.7bb71833.js was preloaded using link preload but not used within a few seconds from the window's load event. Please make sure it has an appropriate `as` value and it is preloaded intentionally. @ https://www.tiktok.com/@hegawystores?lang=en:0
[  580629ms] [WARNING] The resource https://sf16-website-login.neutral.ttwstatic.com/obj/tiktok_web_login_static/tiktok/web/tiktok_fe_login_vmok/static/js/async/3911.77069edd.js was preloaded using link preload but not used within a few seconds from the window's load event. Please make sure it has an appropriate `as` value and it is preloaded intentionally. @ https://www.tiktok.com/@hegawystores?lang=en:0
[  580629ms] [WARNING] The resource https://sf16-website-login.neutral.ttwstatic.com/obj/tiktok_web_login_static/tiktok/web/tiktok_fe_login_vmok/static/js/async/1265.abf06e8b.js was preloaded using link preload but not used within a few seconds from the window's load event. Please make sure it has an appropriate `as` value and it is preloaded intentionally. @ https://www.tiktok.com/@hegawystores?lang=en:0
[  580629ms] [WARNING] The resource https://sf16-website-login.neutral.ttwstatic.com/obj/tiktok_web_login_static/tiktok/web/tiktok_fe_login_vmok/static/js/async/5613.8d5871a3.js was preloaded using link preload but not used within a few seconds from the window's load event. Please make sure it has an appropriate `as` value and it is preloaded intentionally. @ https://www.tiktok.com/@hegawystores?lang=en:0
[  580629ms] [WARNING] The resource https://sf16-website-login.neutral.ttwstatic.com/obj/tiktok_web_login_static/tiktok/web/tiktok_fe_login_vmok/static/js/async/1775.2141490f.js was preloaded using link preload but not used within a few seconds from the window's load event. Please make sure it has an appropriate `as` value and it is preloaded intentionally. @ https://www.tiktok.com/@hegawystores?lang=en:0
[  580630ms] [WARNING] The resource https://sf16-website-login.neutral.ttwstatic.com/obj/tiktok_web_login_static/tiktok/web/tiktok_fe_login_vmok/static/js/async/argus-builder-strategy.3e97a26f.js was preloaded using link preload but not used within a few seconds from the window's load event. Please make sure it has an appropriate `as` value and it is preloaded intentionally. @ https://www.tiktok.com/@hegawystores?lang=en:0
[  580630ms] [WARNING] The resource https://sf16-website-login.neutral.ttwstatic.com/obj/tiktok_web_login_static/tiktok/web/tiktok_fe_login_vmok/static/js/async/6869.bf0826a7.js was preloaded using link preload but not used within a few seconds from the window's load event. Please make sure it has an appropriate `as` value and it is preloaded intentionally. @ https://www.tiktok.com/@hegawystores?lang=en:0
[  580630ms] [WARNING] The resource https://sf16-website-login.neutral.ttwstatic.com/obj/tiktok_web_login_static/tiktok/web/tiktok_fe_login_vmok/static/js/async/6552.fd94ddd5.js was preloaded using link preload but not used within a few seconds from the window's load event. Please make sure it has an appropriate `as` value and it is preloaded intentionally. @ https://www.tiktok.com/@hegawystores?lang=en:0
[  580630ms] [WARNING] The resource https://sf16-website-login.neutral.ttwstatic.com/obj/tiktok_web_login_static/tiktok/web/tiktok_fe_login_vmok/static/js/async/lib-axios.68812c5b.js was preloaded using link preload but not used within a few seconds from the window's load event. Please make sure it has an appropriate `as` value and it is preloaded intentionally. @ https://www.tiktok.com/@hegawystores?lang=en:0
[  591210ms] [WARNING] The resource https://sf16-website-login.neutral.ttwstatic.com/obj/tiktok_web_login_static/tiktok/web/tiktok_fe_login_vmok/static/js/async/__federation_expose_pure.7bb71833.js was preloaded using link preload but not used within a few seconds from the window's load event. Please make sure it has an appropriate `as` value and it is preloaded intentionally. @ https://www.tiktok.com/@hegawystores?lang=en:0
[  591210ms] [WARNING] The resource https://sf16-website-login.neutral.ttwstatic.com/obj/tiktok_web_login_static/tiktok/web/tiktok_fe_login_vmok/static/js/async/3911.77069edd.js was preloaded using link preload but not used within a few seconds from the window's load event. Please make sure it has an appropriate `as` value and it is preloaded intentionally. @ https://www.tiktok.com/@hegawystores?lang=en:0
[  591210ms] [WARNING] The resource https://sf16-website-login.neutral.ttwstatic.com/obj/tiktok_web_login_static/tiktok/web/tiktok_fe_login_vmok/static/js/async/1265.abf06e8b.js was preloaded using link preload but not used within a few seconds from the window's load event. Please make sure it has an appropriate `as` value and it is preloaded intentionally. @ https://www.tiktok.com/@hegawystores?lang=en:0
[  591210ms] [WARNING] The resource https://sf16-website-login.neutral.ttwstatic.com/obj/tiktok_web_login_static/tiktok/web/tiktok_fe_login_vmok/static/js/async/5613.8d5871a3.js was preloaded using link preload but not used within a few seconds from the window's load event. Please make sure it has an appropriate `as` value and it is preloaded intentionally. @ https://www.tiktok.com/@hegawystores?lang=en:0
[  591210ms] [WARNING] The resource https://sf16-website-login.neutral.ttwstatic.com/obj/tiktok_web_login_static/tiktok/web/tiktok_fe_login_vmok/static/js/async/1775.2141490f.js was preloaded using link preload but not used within a few seconds from the window's load event. Please make sure it has an appropriate `as` value and it is preloaded intentionally. @ https://www.tiktok.com/@hegawystores?lang=en:0
[  591210ms] [WARNING] The resource https://sf16-website-login.neutral.ttwstatic.com/obj/tiktok_web_login_static/tiktok/web/tiktok_fe_login_vmok/static/js/async/argus-builder-strategy.3e97a26f.js was preloaded using link preload but not used within a few seconds from the window's load event. Please make sure it has an appropriate `as` value and it is preloaded intentionally. @ https://www.tiktok.com/@hegawystores?lang=en:0
[  591210ms] [WARNING] The resource https://sf16-website-login.neutral.ttwstatic.com/obj/tiktok_web_login_static/tiktok/web/tiktok_fe_login_vmok/static/js/async/6869.bf0826a7.js was preloaded using link preload but not used within a few seconds from the window's load event. Please make sure it has an appropriate `as` value and it is preloaded intentionally. @ https://www.tiktok.com/@hegawystores?lang=en:0
[  591210ms] [WARNING] The resource https://sf16-website-login.neutral.ttwstatic.com/obj/tiktok_web_login_static/tiktok/web/tiktok_fe_login_vmok/static/js/async/6552.fd94ddd5.js was preloaded using link preload but not used within a few seconds from the window's load event. Please make sure it has an appropriate `as` value and it is preloaded intentionally. @ https://www.tiktok.com/@hegawystores?lang=en:0
[  591211ms] [WARNING] The resource https://sf16-website-login.neutral.ttwstatic.com/obj/tiktok_web_login_static/tiktok/web/tiktok_fe_login_vmok/static/js/async/lib-axios.68812c5b.js was preloaded using link preload but not used within a few seconds from the window's load event. Please make sure it has an appropriate `as` value and it is preloaded intentionally. @ https://www.tiktok.com/@hegawystores?lang=en:0
[  601754ms] [WARNING] The resource https://sf16-website-login.neutral.ttwstatic.com/obj/tiktok_web_login_static/tiktok/web/tiktok_fe_login_vmok/static/js/async/__federation_expose_pure.7bb71833.js was preloaded using link preload but not used within a few seconds from the window's load event. Please make sure it has an appropriate `as` value and it is preloaded intentionally. @ https://www.tiktok.com/@hegawystores?lang=en:0
[  601754ms] [WARNING] The resource https://sf16-website-login.neutral.ttwstatic.com/obj/tiktok_web_login_static/tiktok/web/tiktok_fe_login_vmok/static/js/async/3911.77069edd.js was preloaded using link preload but not used within a few seconds from the window's load event. Please make sure it has an appropriate `as` value and it is preloaded intentionally. @ https://www.tiktok.com/@hegawystores?lang=en:0
[  601754ms] [WARNING] The resource https://sf16-website-login.neutral.ttwstatic.com/obj/tiktok_web_login_static/tiktok/web/tiktok_fe_login_vmok/static/js/async/1265.abf06e8b.js was preloaded using link preload but not used within a few seconds from the window's load event. Please make sure it has an appropriate `as` value and it is preloaded intentionally. @ https://www.tiktok.com/@hegawystores?lang=en:0
[  601754ms] [WARNING] The resource https://sf16-website-login.neutral.ttwstatic.com/obj/tiktok_web_login_static/tiktok/web/tiktok_fe_login_vmok/static/js/async/5613.8d5871a3.js was preloaded using link preload but not used within a few seconds from the window's load event. Please make sure it has an appropriate `as` value and it is preloaded intentionally. @ https://www.tiktok.com/@hegawystores?lang=en:0
[  601754ms] [WARNING] The resource https://sf16-website-login.neutral.ttwstatic.com/obj/tiktok_web_login_static/tiktok/web/tiktok_fe_login_vmok/static/js/async/1775.2141490f.js was preloaded using link preload but not used within a few seconds from the window's load event. Please make sure it has an appropriate `as` value and it is preloaded intentionally. @ https://www.tiktok.com/@hegawystores?lang=en:0
[  601754ms] [WARNING] The resource https://sf16-website-login.neutral.ttwstatic.com/obj/tiktok_web_login_static/tiktok/web/tiktok_fe_login_vmok/static/js/async/argus-builder-strategy.3e97a26f.js was preloaded using link preload but not used within a few seconds from the window's load event. Please make sure it has an appropriate `as` value and it is preloaded intentionally. @ https://www.tiktok.com/@hegawystores?lang=en:0
[  601754ms] [WARNING] The resource https://sf16-website-login.neutral.ttwstatic.com/obj/tiktok_web_login_static/tiktok/web/tiktok_fe_login_vmok/static/js/async/6869.bf0826a7.js was preloaded using link preload but not used within a few seconds from the window's load event. Please make sure it has an appropriate `as` value and it is preloaded intentionally. @ https://www.tiktok.com/@hegawystores?lang=en:0
[  601754ms] [WARNING] The resource https://sf16-website-login.neutral.ttwstatic.com/obj/tiktok_web_login_static/tiktok/web/tiktok_fe_login_vmok/static/js/async/6552.fd94ddd5.js was preloaded using link preload but not used within a few seconds from the window's load event. Please make sure it has an appropriate `as` value and it is preloaded intentionally. @ https://www.tiktok.com/@hegawystores?lang=en:0
[  601755ms] [WARNING] The resource https://sf16-website-login.neutral.ttwstatic.com/obj/tiktok_web_login_static/tiktok/web/tiktok_fe_login_vmok/static/js/async/lib-axios.68812c5b.js was preloaded using link preload but not used within a few seconds from the window's load event. Please make sure it has an appropriate `as` value and it is preloaded intentionally. @ https://www.tiktok.com/@hegawystores?lang=en:0
[  612400ms] [WARNING] The resource https://sf16-website-login.neutral.ttwstatic.com/obj/tiktok_web_login_static/tiktok/web/tiktok_fe_login_vmok/static/js/async/__federation_expose_pure.7bb71833.js was preloaded using link preload but not used within a few seconds from the window's load event. Please make sure it has an appropriate `as` value and it is preloaded intentionally. @ https://www.tiktok.com/@hegawystores?lang=en:0
[  612400ms] [WARNING] The resource https://sf16-website-login.neutral.ttwstatic.com/obj/tiktok_web_login_static/tiktok/web/tiktok_fe_login_vmok/static/js/async/3911.77069edd.js was preloaded using link preload but not used within a few seconds from the window's load event. Please make sure it has an appropriate `as` value and it is preloaded intentionally. @ https://www.tiktok.com/@hegawystores?lang=en:0
[  612400ms] [WARNING] The resource https://sf16-website-login.neutral.ttwstatic.com/obj/tiktok_web_login_static/tiktok/web/tiktok_fe_login_vmok/static/js/async/1265.abf06e8b.js was preloaded using link preload but not used within a few seconds from the window's load event. Please make sure it has an appropriate `as` value and it is preloaded intentionally. @ https://www.tiktok.com/@hegawystores?lang=en:0
[  612400ms] [WARNING] The resource https://sf16-website-login.neutral.ttwstatic.com/obj/tiktok_web_login_static/tiktok/web/tiktok_fe_login_vmok/static/js/async/5613.8d5871a3.js was preloaded using link preload but not used within a few seconds from the window's load event. Please make sure it has an appropriate `as` value and it is preloaded intentionally. @ https://www.tiktok.com/@hegawystores?lang=en:0
[  612401ms] [WARNING] The resource https://sf16-website-login.neutral.ttwstatic.com/obj/tiktok_web_login_static/tiktok/web/tiktok_fe_login_vmok/static/js/async/1775.2141490f.js was preloaded using link preload but not used within a few seconds from the window's load event. Please make sure it has an appropriate `as` value and it is preloaded intentionally. @ https://www.tiktok.com/@hegawystores?lang=en:0
[  612401ms] [WARNING] The resource https://sf16-website-login.neutral.ttwstatic.com/obj/tiktok_web_login_static/tiktok/web/tiktok_fe_login_vmok/static/js/async/argus-builder-strategy.3e97a26f.js was preloaded using link preload but not used within a few seconds from the window's load event. Please make sure it has an appropriate `as` value and it is preloaded intentionally. @ https://www.tiktok.com/@hegawystores?lang=en:0
[  612401ms] [WARNING] The resource https://sf16-website-login.neutral.ttwstatic.com/obj/tiktok_web_login_static/tiktok/web/tiktok_fe_login_vmok/static/js/async/6869.bf0826a7.js was preloaded using link preload but not used within a few seconds from the window's load event. Please make sure it has an appropriate `as` value and it is preloaded intentionally. @ https://www.tiktok.com/@hegawystores?lang=en:0
[  612401ms] [WARNING] The resource https://sf16-website-login.neutral.ttwstatic.com/obj/tiktok_web_login_static/tiktok/web/tiktok_fe_login_vmok/static/js/async/6552.fd94ddd5.js was preloaded using link preload but not used within a few seconds from the window's load event. Please make sure it has an appropriate `as` value and it is preloaded intentionally. @ https://www.tiktok.com/@hegawystores?lang=en:0
[  612401ms] [WARNING] The resource https://sf16-website-login.neutral.ttwstatic.com/obj/tiktok_web_login_static/tiktok/web/tiktok_fe_login_vmok/static/js/async/lib-axios.68812c5b.js was preloaded using link preload but not used within a few seconds from the window's load event. Please make sure it has an appropriate `as` value and it is preloaded intentionally. @ https://www.tiktok.com/@hegawystores?lang=en:0
[  623044ms] [WARNING] The resource https://sf16-website-login.neutral.ttwstatic.com/obj/tiktok_web_login_static/tiktok/web/tiktok_fe_login_vmok/static/js/async/__federation_expose_pure.7bb71833.js was preloaded using link preload but not used within a few seconds from the window's load event. Please make sure it has an appropriate `as` value and it is preloaded intentionally. @ https://www.tiktok.com/@hegawystores?lang=en:0
[  623044ms] [WARNING] The resource https://sf16-website-login.neutral.ttwstatic.com/obj/tiktok_web_login_static/tiktok/web/tiktok_fe_login_vmok/static/js/async/3911.77069edd.js was preloaded using link preload but not used within a few seconds from the window's load event. Please make sure it has an appropriate `as` value and it is preloaded intentionally. @ https://www.tiktok.com/@hegawystores?lang=en:0
[  623044ms] [WARNING] The resource https://sf16-website-login.neutral.ttwstatic.com/obj/tiktok_web_login_static/tiktok/web/tiktok_fe_login_vmok/static/js/async/1265.abf06e8b.js was preloaded using link preload but not used within a few seconds from the window's load event. Please make sure it has an appropriate `as` value and it is preloaded intentionally. @ https://www.tiktok.com/@hegawystores?lang=en:0
[  623044ms] [WARNING] The resource https://sf16-website-login.neutral.ttwstatic.com/obj/tiktok_web_login_static/tiktok/web/tiktok_fe_login_vmok/static/js/async/5613.8d5871a3.js was preloaded using link preload but not used within a few seconds from the window's load event. Please make sure it has an appropriate `as` value and it is preloaded intentionally. @ https://www.tiktok.com/@hegawystores?lang=en:0
[  623045ms] [WARNING] The resource https://sf16-website-login.neutral.ttwstatic.com/obj/tiktok_web_login_static/tiktok/web/tiktok_fe_login_vmok/static/js/async/1775.2141490f.js was preloaded using link preload but not used within a few seconds from the window's load event. Please make sure it has an appropriate `as` value and it is preloaded intentionally. @ https://www.tiktok.com/@hegawystores?lang=en:0
[  623045ms] [WARNING] The resource https://sf16-website-login.neutral.ttwstatic.com/obj/tiktok_web_login_static/tiktok/web/tiktok_fe_login_vmok/static/js/async/argus-builder-strategy.3e97a26f.js was preloaded using link preload but not used within a few seconds from the window's load event. Please make sure it has an appropriate `as` value and it is preloaded intentionally. @ https://www.tiktok.com/@hegawystores?lang=en:0
[  623045ms] [WARNING] The resource https://sf16-website-login.neutral.ttwstatic.com/obj/tiktok_web_login_static/tiktok/web/tiktok_fe_login_vmok/static/js/async/6869.bf0826a7.js was preloaded using link preload but not used within a few seconds from the window's load event. Please make sure it has an appropriate `as` value and it is preloaded intentionally. @ https://www.tiktok.com/@hegawystores?lang=en:0
[  623045ms] [WARNING] The resource https://sf16-website-login.neutral.ttwstatic.com/obj/tiktok_web_login_static/tiktok/web/tiktok_fe_login_vmok/static/js/async/6552.fd94ddd5.js was preloaded using link preload but not used within a few seconds from the window's load event. Please make sure it has an appropriate `as` value and it is preloaded intentionally. @ https://www.tiktok.com/@hegawystores?lang=en:0
[  623045ms] [WARNING] The resource https://sf16-website-login.neutral.ttwstatic.com/obj/tiktok_web_login_static/tiktok/web/tiktok_fe_login_vmok/static/js/async/lib-axios.68812c5b.js was preloaded using link preload but not used within a few seconds from the window's load event. Please make sure it has an appropriate `as` value and it is preloaded intentionally. @ https://www.tiktok.com/@hegawystores?lang=en:0
[  644240ms] [WARNING] The resource https://sf16-website-login.neutral.ttwstatic.com/obj/tiktok_web_login_static/tiktok/web/tiktok_fe_login_vmok/static/js/async/__federation_expose_pure.7bb71833.js was preloaded using link preload but not used within a few seconds from the window's load event. Please make sure it has an appropriate `as` value and it is preloaded intentionally. @ https://www.tiktok.com/@hegawystores?lang=en:0
[  644240ms] [WARNING] The resource https://sf16-website-login.neutral.ttwstatic.com/obj/tiktok_web_login_static/tiktok/web/tiktok_fe_login_vmok/static/js/async/3911.77069edd.js was preloaded using link preload but not used within a few seconds from the window's load event. Please make sure it has an appropriate `as` value and it is preloaded intentionally. @ https://www.tiktok.com/@hegawystores?lang=en:0
[  644240ms] [WARNING] The resource https://sf16-website-login.neutral.ttwstatic.com/obj/tiktok_web_login_static/tiktok/web/tiktok_fe_login_vmok/static/js/async/1265.abf06e8b.js was preloaded using link preload but not used within a few seconds from the window's load event. Please make sure it has an appropriate `as` value and it is preloaded intentionally. @ https://www.tiktok.com/@hegawystores?lang=en:0
[  644240ms] [WARNING] The resource https://sf16-website-login.neutral.ttwstatic.com/obj/tiktok_web_login_static/tiktok/web/tiktok_fe_login_vmok/static/js/async/5613.8d5871a3.js was preloaded using link preload but not used within a few seconds from the window's load event. Please make sure it has an appropriate `as` value and it is preloaded intentionally. @ https://www.tiktok.com/@hegawystores?lang=en:0
[  644240ms] [WARNING] The resource https://sf16-website-login.neutral.ttwstatic.com/obj/tiktok_web_login_static/tiktok/web/tiktok_fe_login_vmok/static/js/async/1775.2141490f.js was preloaded using link preload but not used within a few seconds from the window's load event. Please make sure it has an appropriate `as` value and it is preloaded intentionally. @ https://www.tiktok.com/@hegawystores?lang=en:0
[  644240ms] [WARNING] The resource https://sf16-website-login.neutral.ttwstatic.com/obj/tiktok_web_login_static/tiktok/web/tiktok_fe_login_vmok/static/js/async/argus-builder-strategy.3e97a26f.js was preloaded using link preload but not used within a few seconds from the window's load event. Please make sure it has an appropriate `as` value and it is preloaded intentionally. @ https://www.tiktok.com/@hegawystores?lang=en:0
[  644240ms] [WARNING] The resource https://sf16-website-login.neutral.ttwstatic.com/obj/tiktok_web_login_static/tiktok/web/tiktok_fe_login_vmok/static/js/async/6869.bf0826a7.js was preloaded using link preload but not used within a few seconds from the window's load event. Please make sure it has an appropriate `as` value and it is preloaded intentionally. @ https://www.tiktok.com/@hegawystores?lang=en:0
[  644240ms] [WARNING] The resource https://sf16-website-login.neutral.ttwstatic.com/obj/tiktok_web_login_static/tiktok/web/tiktok_fe_login_vmok/static/js/async/6552.fd94ddd5.js was preloaded using link preload but not used within a few seconds from the window's load event. Please make sure it has an appropriate `as` value and it is preloaded intentionally. @ https://www.tiktok.com/@hegawystores?lang=en:0
[  644240ms] [WARNING] The resource https://sf16-website-login.neutral.ttwstatic.com/obj/tiktok_web_login_static/tiktok/web/tiktok_fe_login_vmok/static/js/async/lib-axios.68812c5b.js was preloaded using link preload but not used within a few seconds from the window's load event. Please make sure it has an appropriate `as` value and it is preloaded intentionally. @ https://www.tiktok.com/@hegawystores?lang=en:0
[  654794ms] [WARNING] The resource https://sf16-website-login.neutral.ttwstatic.com/obj/tiktok_web_login_static/tiktok/web/tiktok_fe_login_vmok/static/js/async/__federation_expose_pure.7bb71833.js was preloaded using link preload but not used within a few seconds from the window's load event. Please make sure it has an appropriate `as` value and it is preloaded intentionally. @ https://www.tiktok.com/@hegawystores?lang=en:0
[  654794ms] [WARNING] The resource https://sf16-website-login.neutral.ttwstatic.com/obj/tiktok_web_login_static/tiktok/web/tiktok_fe_login_vmok/static/js/async/3911.77069edd.js was preloaded using link preload but not used within a few seconds from the window's load event. Please make sure it has an appropriate `as` value and it is preloaded intentionally. @ https://www.tiktok.com/@hegawystores?lang=en:0
[  654794ms] [WARNING] The resource https://sf16-website-login.neutral.ttwstatic.com/obj/tiktok_web_login_static/tiktok/web/tiktok_fe_login_vmok/static/js/async/1265.abf06e8b.js was preloaded using link preload but not used within a few seconds from the window's load event. Please make sure it has an appropriate `as` value and it is preloaded intentionally. @ https://www.tiktok.com/@hegawystores?lang=en:0
[  654794ms] [WARNING] The resource https://sf16-website-login.neutral.ttwstatic.com/obj/tiktok_web_login_static/tiktok/web/tiktok_fe_login_vmok/static/js/async/5613.8d5871a3.js was preloaded using link preload but not used within a few seconds from the window's load event. Please make sure it has an appropriate `as` value and it is preloaded intentionally. @ https://www.tiktok.com/@hegawystores?lang=en:0
[  654794ms] [WARNING] The resource https://sf16-website-login.neutral.ttwstatic.com/obj/tiktok_web_login_static/tiktok/web/tiktok_fe_login_vmok/static/js/async/1775.2141490f.js was preloaded using link preload but not used within a few seconds from the window's load event. Please make sure it has an appropriate `as` value and it is preloaded intentionally. @ https://www.tiktok.com/@hegawystores?lang=en:0
[  654794ms] [WARNING] The resource https://sf16-website-login.neutral.ttwstatic.com/obj/tiktok_web_login_static/tiktok/web/tiktok_fe_login_vmok/static/js/async/argus-builder-strategy.3e97a26f.js was preloaded using link preload but not used within a few seconds from the window's load event. Please make sure it has an appropriate `as` value and it is preloaded intentionally. @ https://www.tiktok.com/@hegawystores?lang=en:0
[  654794ms] [WARNING] The resource https://sf16-website-login.neutral.ttwstatic.com/obj/tiktok_web_login_static/tiktok/web/tiktok_fe_login_vmok/static/js/async/6869.bf0826a7.js was preloaded using link preload but not used within a few seconds from the window's load event. Please make sure it has an appropriate `as` value and it is preloaded intentionally. @ https://www.tiktok.com/@hegawystores?lang=en:0
[  654794ms] [WARNING] The resource https://sf16-website-login.neutral.ttwstatic.com/obj/tiktok_web_login_static/tiktok/web/tiktok_fe_login_vmok/static/js/async/6552.fd94ddd5.js was preloaded using link preload but not used within a few seconds from the window's load event. Please make sure it has an appropriate `as` value and it is preloaded intentionally. @ https://www.tiktok.com/@hegawystores?lang=en:0
[  654794ms] [WARNING] The resource https://sf16-website-login.neutral.ttwstatic.com/obj/tiktok_web_login_static/tiktok/web/tiktok_fe_login_vmok/static/js/async/lib-axios.68812c5b.js was preloaded using link preload but not used within a few seconds from the window's load event. Please make sure it has an appropriate `as` value and it is preloaded intentionally. @ https://www.tiktok.com/@hegawystores?lang=en:0
[  668178ms] [WARNING] The resource https://sf16-website-login.neutral.ttwstatic.com/obj/tiktok_web_login_static/tiktok/web/tiktok_fe_login_vmok/static/js/async/__federation_expose_pure.7bb71833.js was preloaded using link preload but not used within a few seconds from the window's load event. Please make sure it has an appropriate `as` value and it is preloaded intentionally. @ https://www.tiktok.com/@hegawystores?lang=en:0
[  668178ms] [WARNING] The resource https://sf16-website-login.neutral.ttwstatic.com/obj/tiktok_web_login_static/tiktok/web/tiktok_fe_login_vmok/static/js/async/3911.77069edd.js was preloaded using link preload but not used within a few seconds from the window's load event. Please make sure it has an appropriate `as` value and it is preloaded intentionally. @ https://www.tiktok.com/@hegawystores?lang=en:0
[  668178ms] [WARNING] The resource https://sf16-website-login.neutral.ttwstatic.com/obj/tiktok_web_login_static/tiktok/web/tiktok_fe_login_vmok/static/js/async/1265.abf06e8b.js was preloaded using link preload but not used within a few seconds from the window's load event. Please make sure it has an appropriate `as` value and it is preloaded intentionally. @ https://www.tiktok.com/@hegawystores?lang=en:0
[  668179ms] [WARNING] The resource https://sf16-website-login.neutral.ttwstatic.com/obj/tiktok_web_login_static/tiktok/web/tiktok_fe_login_vmok/static/js/async/5613.8d5871a3.js was preloaded using link preload but not used within a few seconds from the window's load event. Please make sure it has an appropriate `as` value and it is preloaded intentionally. @ https://www.tiktok.com/@hegawystores?lang=en:0
[  668179ms] [WARNING] The resource https://sf16-website-login.neutral.ttwstatic.com/obj/tiktok_web_login_static/tiktok/web/tiktok_fe_login_vmok/static/js/async/1775.2141490f.js was preloaded using link preload but not used within a few seconds from the window's load event. Please make sure it has an appropriate `as` value and it is preloaded intentionally. @ https://www.tiktok.com/@hegawystores?lang=en:0
[  668179ms] [WARNING] The resource https://sf16-website-login.neutral.ttwstatic.com/obj/tiktok_web_login_static/tiktok/web/tiktok_fe_login_vmok/static/js/async/argus-builder-strategy.3e97a26f.js was preloaded using link preload but not used within a few seconds from the window's load event. Please make sure it has an appropriate `as` value and it is preloaded intentionally. @ https://www.tiktok.com/@hegawystores?lang=en:0
[  668179ms] [WARNING] The resource https://sf16-website-login.neutral.ttwstatic.com/obj/tiktok_web_login_static/tiktok/web/tiktok_fe_login_vmok/static/js/async/6869.bf0826a7.js was preloaded using link preload but not used within a few seconds from the window's load event. Please make sure it has an appropriate `as` value and it is preloaded intentionally. @ https://www.tiktok.com/@hegawystores?lang=en:0
[  668179ms] [WARNING] The resource https://sf16-website-login.neutral.ttwstatic.com/obj/tiktok_web_login_static/tiktok/web/tiktok_fe_login_vmok/static/js/async/6552.fd94ddd5.js was preloaded using link preload but not used within a few seconds from the window's load event. Please make sure it has an appropriate `as` value and it is preloaded intentionally. @ https://www.tiktok.com/@hegawystores?lang=en:0
[  668179ms] [WARNING] The resource https://sf16-website-login.neutral.ttwstatic.com/obj/tiktok_web_login_static/tiktok/web/tiktok_fe_login_vmok/static/js/async/lib-axios.68812c5b.js was preloaded using link preload but not used within a few seconds from the window's load event. Please make sure it has an appropriate `as` value and it is preloaded intentionally. @ https://www.tiktok.com/@hegawystores?lang=en:0
[  671920ms] [WARNING] The resource https://sf16-website-login.neutral.ttwstatic.com/obj/tiktok_web_login_static/tiktok/web/tiktok_fe_login_vmok/static/js/async/__federation_expose_pure.7bb71833.js was preloaded using link preload but not used within a few seconds from the window's load event. Please make sure it has an appropriate `as` value and it is preloaded intentionally. @ https://www.tiktok.com/@hegawystores?lang=en:0
[  671920ms] [WARNING] The resource https://sf16-website-login.neutral.ttwstatic.com/obj/tiktok_web_login_static/tiktok/web/tiktok_fe_login_vmok/static/js/async/3911.77069edd.js was preloaded using link preload but not used within a few seconds from the window's load event. Please make sure it has an appropriate `as` value and it is preloaded intentionally. @ https://www.tiktok.com/@hegawystores?lang=en:0
[  671920ms] [WARNING] The resource https://sf16-website-login.neutral.ttwstatic.com/obj/tiktok_web_login_static/tiktok/web/tiktok_fe_login_vmok/static/js/async/1265.abf06e8b.js was preloaded using link preload but not used within a few seconds from the window's load event. Please make sure it has an appropriate `as` value and it is preloaded intentionally. @ https://www.tiktok.com/@hegawystores?lang=en:0
[  671921ms] [WARNING] The resource https://sf16-website-login.neutral.ttwstatic.com/obj/tiktok_web_login_static/tiktok/web/tiktok_fe_login_vmok/static/js/async/5613.8d5871a3.js was preloaded using link preload but not used within a few seconds from the window's load event. Please make sure it has an appropriate `as` value and it is preloaded intentionally. @ https://www.tiktok.com/@hegawystores?lang=en:0
[  671921ms] [WARNING] The resource https://sf16-website-login.neutral.ttwstatic.com/obj/tiktok_web_login_static/tiktok/web/tiktok_fe_login_vmok/static/js/async/1775.2141490f.js was preloaded using link preload but not used within a few seconds from the window's load event. Please make sure it has an appropriate `as` value and it is preloaded intentionally. @ https://www.tiktok.com/@hegawystores?lang=en:0
[  671921ms] [WARNING] The resource https://sf16-website-login.neutral.ttwstatic.com/obj/tiktok_web_login_static/tiktok/web/tiktok_fe_login_vmok/static/js/async/argus-builder-strategy.3e97a26f.js was preloaded using link preload but not used within a few seconds from the window's load event. Please make sure it has an appropriate `as` value and it is preloaded intentionally. @ https://www.tiktok.com/@hegawystores?lang=en:0
[  671921ms] [WARNING] The resource https://sf16-website-login.neutral.ttwstatic.com/obj/tiktok_web_login_static/tiktok/web/tiktok_fe_login_vmok/static/js/async/6869.bf0826a7.js was preloaded using link preload but not used within a few seconds from the window's load event. Please make sure it has an appropriate `as` value and it is preloaded intentionally. @ https://www.tiktok.com/@hegawystores?lang=en:0
[  671921ms] [WARNING] The resource https://sf16-website-login.neutral.ttwstatic.com/obj/tiktok_web_login_static/tiktok/web/tiktok_fe_login_vmok/static/js/async/6552.fd94ddd5.js was preloaded using link preload but not used within a few seconds from the window's load event. Please make sure it has an appropriate `as` value and it is preloaded intentionally. @ https://www.tiktok.com/@hegawystores?lang=en:0
[  671921ms] [WARNING] The resource https://sf16-website-login.neutral.ttwstatic.com/obj/tiktok_web_login_static/tiktok/web/tiktok_fe_login_vmok/static/js/async/lib-axios.68812c5b.js was preloaded using link preload but not used within a few seconds from the window's load event. Please make sure it has an appropriate `as` value and it is preloaded intentionally. @ https://www.tiktok.com/@hegawystores?lang=en:0
[  675971ms] [WARNING] The resource https://sf16-website-login.neutral.ttwstatic.com/obj/tiktok_web_login_static/tiktok/web/tiktok_fe_login_vmok/static/js/async/__federation_expose_pure.7bb71833.js was preloaded using link preload but not used within a few seconds from the window's load event. Please make sure it has an appropriate `as` value and it is preloaded intentionally. @ https://www.tiktok.com/@hegawystores?lang=en:0
[  675971ms] [WARNING] The resource https://sf16-website-login.neutral.ttwstatic.com/obj/tiktok_web_login_static/tiktok/web/tiktok_fe_login_vmok/static/js/async/3911.77069edd.js was preloaded using link preload but not used within a few seconds from the window's load event. Please make sure it has an appropriate `as` value and it is preloaded intentionally. @ https://www.tiktok.com/@hegawystores?lang=en:0
[  675972ms] [WARNING] The resource https://sf16-website-login.neutral.ttwstatic.com/obj/tiktok_web_login_static/tiktok/web/tiktok_fe_login_vmok/static/js/async/1265.abf06e8b.js was preloaded using link preload but not used within a few seconds from the window's load event. Please make sure it has an appropriate `as` value and it is preloaded intentionally. @ https://www.tiktok.com/@hegawystores?lang=en:0
[  675972ms] [WARNING] The resource https://sf16-website-login.neutral.ttwstatic.com/obj/tiktok_web_login_static/tiktok/web/tiktok_fe_login_vmok/static/js/async/5613.8d5871a3.js was preloaded using link preload but not used within a few seconds from the window's load event. Please make sure it has an appropriate `as` value and it is preloaded intentionally. @ https://www.tiktok.com/@hegawystores?lang=en:0
[  675972ms] [WARNING] The resource https://sf16-website-login.neutral.ttwstatic.com/obj/tiktok_web_login_static/tiktok/web/tiktok_fe_login_vmok/static/js/async/1775.2141490f.js was preloaded using link preload but not used within a few seconds from the window's load event. Please make sure it has an appropriate `as` value and it is preloaded intentionally. @ https://www.tiktok.com/@hegawystores?lang=en:0
[  675972ms] [WARNING] The resource https://sf16-website-login.neutral.ttwstatic.com/obj/tiktok_web_login_static/tiktok/web/tiktok_fe_login_vmok/static/js/async/argus-builder-strategy.3e97a26f.js was preloaded using link preload but not used within a few seconds from the window's load event. Please make sure it has an appropriate `as` value and it is preloaded intentionally. @ https://www.tiktok.com/@hegawystores?lang=en:0
[  675972ms] [WARNING] The resource https://sf16-website-login.neutral.ttwstatic.com/obj/tiktok_web_login_static/tiktok/web/tiktok_fe_login_vmok/static/js/async/6869.bf0826a7.js was preloaded using link preload but not used within a few seconds from the window's load event. Please make sure it has an appropriate `as` value and it is preloaded intentionally. @ https://www.tiktok.com/@hegawystores?lang=en:0
[  675972ms] [WARNING] The resource https://sf16-website-login.neutral.ttwstatic.com/obj/tiktok_web_login_static/tiktok/web/tiktok_fe_login_vmok/static/js/async/6552.fd94ddd5.js was preloaded using link preload but not used within a few seconds from the window's load event. Please make sure it has an appropriate `as` value and it is preloaded intentionally. @ https://www.tiktok.com/@hegawystores?lang=en:0
[  675972ms] [WARNING] The resource https://sf16-website-login.neutral.ttwstatic.com/obj/tiktok_web_login_static/tiktok/web/tiktok_fe_login_vmok/static/js/async/lib-axios.68812c5b.js was preloaded using link preload but not used within a few seconds from the window's load event. Please make sure it has an appropriate `as` value and it is preloaded intentionally. @ https://www.tiktok.com/@hegawystores?lang=en:0
[  686556ms] [WARNING] The resource https://sf16-website-login.neutral.ttwstatic.com/obj/tiktok_web_login_static/tiktok/web/tiktok_fe_login_vmok/static/js/async/__federation_expose_pure.7bb71833.js was preloaded using link preload but not used within a few seconds from the window's load event. Please make sure it has an appropriate `as` value and it is preloaded intentionally. @ https://www.tiktok.com/@hegawystores?lang=en:0
[  686556ms] [WARNING] The resource https://sf16-website-login.neutral.ttwstatic.com/obj/tiktok_web_login_static/tiktok/web/tiktok_fe_login_vmok/static/js/async/3911.77069edd.js was preloaded using link preload but not used within a few seconds from the window's load event. Please make sure it has an appropriate `as` value and it is preloaded intentionally. @ https://www.tiktok.com/@hegawystores?lang=en:0
[  686556ms] [WARNING] The resource https://sf16-website-login.neutral.ttwstatic.com/obj/tiktok_web_login_static/tiktok/web/tiktok_fe_login_vmok/static/js/async/1265.abf06e8b.js was preloaded using link preload but not used within a few seconds from the window's load event. Please make sure it has an appropriate `as` value and it is preloaded intentionally. @ https://www.tiktok.com/@hegawystores?lang=en:0
[  686556ms] [WARNING] The resource https://sf16-website-login.neutral.ttwstatic.com/obj/tiktok_web_login_static/tiktok/web/tiktok_fe_login_vmok/static/js/async/5613.8d5871a3.js was preloaded using link preload but not used within a few seconds from the window's load event. Please make sure it has an appropriate `as` value and it is preloaded intentionally. @ https://www.tiktok.com/@hegawystores?lang=en:0
[  686556ms] [WARNING] The resource https://sf16-website-login.neutral.ttwstatic.com/obj/tiktok_web_login_static/tiktok/web/tiktok_fe_login_vmok/static/js/async/1775.2141490f.js was preloaded using link preload but not used within a few seconds from the window's load event. Please make sure it has an appropriate `as` value and it is preloaded intentionally. @ https://www.tiktok.com/@hegawystores?lang=en:0
[  686556ms] [WARNING] The resource https://sf16-website-login.neutral.ttwstatic.com/obj/tiktok_web_login_static/tiktok/web/tiktok_fe_login_vmok/static/js/async/argus-builder-strategy.3e97a26f.js was preloaded using link preload but not used within a few seconds from the window's load event. Please make sure it has an appropriate `as` value and it is preloaded intentionally. @ https://www.tiktok.com/@hegawystores?lang=en:0
[  686556ms] [WARNING] The resource https://sf16-website-login.neutral.ttwstatic.com/obj/tiktok_web_login_static/tiktok/web/tiktok_fe_login_vmok/static/js/async/6869.bf0826a7.js was preloaded using link preload but not used within a few seconds from the window's load event. Please make sure it has an appropriate `as` value and it is preloaded intentionally. @ https://www.tiktok.com/@hegawystores?lang=en:0
[  686556ms] [WARNING] The resource https://sf16-website-login.neutral.ttwstatic.com/obj/tiktok_web_login_static/tiktok/web/tiktok_fe_login_vmok/static/js/async/6552.fd94ddd5.js was preloaded using link preload but not used within a few seconds from the window's load event. Please make sure it has an appropriate `as` value and it is preloaded intentionally. @ https://www.tiktok.com/@hegawystores?lang=en:0
[  686556ms] [WARNING] The resource https://sf16-website-login.neutral.ttwstatic.com/obj/tiktok_web_login_static/tiktok/web/tiktok_fe_login_vmok/static/js/async/lib-axios.68812c5b.js was preloaded using link preload but not used within a few seconds from the window's load event. Please make sure it has an appropriate `as` value and it is preloaded intentionally. @ https://www.tiktok.com/@hegawystores?lang=en:0
[  697225ms] [WARNING] The resource https://sf16-website-login.neutral.ttwstatic.com/obj/tiktok_web_login_static/tiktok/web/tiktok_fe_login_vmok/static/js/async/__federation_expose_pure.7bb71833.js was preloaded using link preload but not used within a few seconds from the window's load event. Please make sure it has an appropriate `as` value and it is preloaded intentionally. @ https://www.tiktok.com/@hegawystores?lang=en:0
[  697225ms] [WARNING] The resource https://sf16-website-login.neutral.ttwstatic.com/obj/tiktok_web_login_static/tiktok/web/tiktok_fe_login_vmok/static/js/async/3911.77069edd.js was preloaded using link preload but not used within a few seconds from the window's load event. Please make sure it has an appropriate `as` value and it is preloaded intentionally. @ https://www.tiktok.com/@hegawystores?lang=en:0
[  697225ms] [WARNING] The resource https://sf16-website-login.neutral.ttwstatic.com/obj/tiktok_web_login_static/tiktok/web/tiktok_fe_login_vmok/static/js/async/1265.abf06e8b.js was preloaded using link preload but not used within a few seconds from the window's load event. Please make sure it has an appropriate `as` value and it is preloaded intentionally. @ https://www.tiktok.com/@hegawystores?lang=en:0
[  697225ms] [WARNING] The resource https://sf16-website-login.neutral.ttwstatic.com/obj/tiktok_web_login_static/tiktok/web/tiktok_fe_login_vmok/static/js/async/5613.8d5871a3.js was preloaded using link preload but not used within a few seconds from the window's load event. Please make sure it has an appropriate `as` value and it is preloaded intentionally. @ https://www.tiktok.com/@hegawystores?lang=en:0
[  697225ms] [WARNING] The resource https://sf16-website-login.neutral.ttwstatic.com/obj/tiktok_web_login_static/tiktok/web/tiktok_fe_login_vmok/static/js/async/1775.2141490f.js was preloaded using link preload but not used within a few seconds from the window's load event. Please make sure it has an appropriate `as` value and it is preloaded intentionally. @ https://www.tiktok.com/@hegawystores?lang=en:0
[  697225ms] [WARNING] The resource https://sf16-website-login.neutral.ttwstatic.com/obj/tiktok_web_login_static/tiktok/web/tiktok_fe_login_vmok/static/js/async/argus-builder-strategy.3e97a26f.js was preloaded using link preload but not used within a few seconds from the window's load event. Please make sure it has an appropriate `as` value and it is preloaded intentionally. @ https://www.tiktok.com/@hegawystores?lang=en:0
[  697225ms] [WARNING] The resource https://sf16-website-login.neutral.ttwstatic.com/obj/tiktok_web_login_static/tiktok/web/tiktok_fe_login_vmok/static/js/async/6869.bf0826a7.js was preloaded using link preload but not used within a few seconds from the window's load event. Please make sure it has an appropriate `as` value and it is preloaded intentionally. @ https://www.tiktok.com/@hegawystores?lang=en:0
[  697225ms] [WARNING] The resource https://sf16-website-login.neutral.ttwstatic.com/obj/tiktok_web_login_static/tiktok/web/tiktok_fe_login_vmok/static/js/async/6552.fd94ddd5.js was preloaded using link preload but not used within a few seconds from the window's load event. Please make sure it has an appropriate `as` value and it is preloaded intentionally. @ https://www.tiktok.com/@hegawystores?lang=en:0
[  697225ms] [WARNING] The resource https://sf16-website-login.neutral.ttwstatic.com/obj/tiktok_web_login_static/tiktok/web/tiktok_fe_login_vmok/static/js/async/lib-axios.68812c5b.js was preloaded using link preload but not used within a few seconds from the window's load event. Please make sure it has an appropriate `as` value and it is preloaded intentionally. @ https://www.tiktok.com/@hegawystores?lang=en:0
[  707786ms] [WARNING] The resource https://sf16-website-login.neutral.ttwstatic.com/obj/tiktok_web_login_static/tiktok/web/tiktok_fe_login_vmok/static/js/async/__federation_expose_pure.7bb71833.js was preloaded using link preload but not used within a few seconds from the window's load event. Please make sure it has an appropriate `as` value and it is preloaded intentionally. @ https://www.tiktok.com/@hegawystores?lang=en:0
[  707786ms] [WARNING] The resource https://sf16-website-login.neutral.ttwstatic.com/obj/tiktok_web_login_static/tiktok/web/tiktok_fe_login_vmok/static/js/async/3911.77069edd.js was preloaded using link preload but not used within a few seconds from the window's load event. Please make sure it has an appropriate `as` value and it is preloaded intentionally. @ https://www.tiktok.com/@hegawystores?lang=en:0
[  707786ms] [WARNING] The resource https://sf16-website-login.neutral.ttwstatic.com/obj/tiktok_web_login_static/tiktok/web/tiktok_fe_login_vmok/static/js/async/1265.abf06e8b.js was preloaded using link preload but not used within a few seconds from the window's load event. Please make sure it has an appropriate `as` value and it is preloaded intentionally. @ https://www.tiktok.com/@hegawystores?lang=en:0
[  707786ms] [WARNING] The resource https://sf16-website-login.neutral.ttwstatic.com/obj/tiktok_web_login_static/tiktok/web/tiktok_fe_login_vmok/static/js/async/5613.8d5871a3.js was preloaded using link preload but not used within a few seconds from the window's load event. Please make sure it has an appropriate `as` value and it is preloaded intentionally. @ https://www.tiktok.com/@hegawystores?lang=en:0
[  707786ms] [WARNING] The resource https://sf16-website-login.neutral.ttwstatic.com/obj/tiktok_web_login_static/tiktok/web/tiktok_fe_login_vmok/static/js/async/1775.2141490f.js was preloaded using link preload but not used within a few seconds from the window's load event. Please make sure it has an appropriate `as` value and it is preloaded intentionally. @ https://www.tiktok.com/@hegawystores?lang=en:0
[  707786ms] [WARNING] The resource https://sf16-website-login.neutral.ttwstatic.com/obj/tiktok_web_login_static/tiktok/web/tiktok_fe_login_vmok/static/js/async/argus-builder-strategy.3e97a26f.js was preloaded using link preload but not used within a few seconds from the window's load event. Please make sure it has an appropriate `as` value and it is preloaded intentionally. @ https://www.tiktok.com/@hegawystores?lang=en:0
[  707786ms] [WARNING] The resource https://sf16-website-login.neutral.ttwstatic.com/obj/tiktok_web_login_static/tiktok/web/tiktok_fe_login_vmok/static/js/async/6869.bf0826a7.js was preloaded using link preload but not used within a few seconds from the window's load event. Please make sure it has an appropriate `as` value and it is preloaded intentionally. @ https://www.tiktok.com/@hegawystores?lang=en:0
[  707787ms] [WARNING] The resource https://sf16-website-login.neutral.ttwstatic.com/obj/tiktok_web_login_static/tiktok/web/tiktok_fe_login_vmok/static/js/async/6552.fd94ddd5.js was preloaded using link preload but not used within a few seconds from the window's load event. Please make sure it has an appropriate `as` value and it is preloaded intentionally. @ https://www.tiktok.com/@hegawystores?lang=en:0
[  707787ms] [WARNING] The resource https://sf16-website-login.neutral.ttwstatic.com/obj/tiktok_web_login_static/tiktok/web/tiktok_fe_login_vmok/static/js/async/lib-axios.68812c5b.js was preloaded using link preload but not used within a few seconds from the window's load event. Please make sure it has an appropriate `as` value and it is preloaded intentionally. @ https://www.tiktok.com/@hegawystores?lang=en:0
[  718342ms] [WARNING] The resource https://sf16-website-login.neutral.ttwstatic.com/obj/tiktok_web_login_static/tiktok/web/tiktok_fe_login_vmok/static/js/async/__federation_expose_pure.7bb71833.js was preloaded using link preload but not used within a few seconds from the window's load event. Please make sure it has an appropriate `as` value and it is preloaded intentionally. @ https://www.tiktok.com/@hegawystores?lang=en:0
[  718342ms] [WARNING] The resource https://sf16-website-login.neutral.ttwstatic.com/obj/tiktok_web_login_static/tiktok/web/tiktok_fe_login_vmok/static/js/async/3911.77069edd.js was preloaded using link preload but not used within a few seconds from the window's load event. Please make sure it has an appropriate `as` value and it is preloaded intentionally. @ https://www.tiktok.com/@hegawystores?lang=en:0
[  718342ms] [WARNING] The resource https://sf16-website-login.neutral.ttwstatic.com/obj/tiktok_web_login_static/tiktok/web/tiktok_fe_login_vmok/static/js/async/1265.abf06e8b.js was preloaded using link preload but not used within a few seconds from the window's load event. Please make sure it has an appropriate `as` value and it is preloaded intentionally. @ https://www.tiktok.com/@hegawystores?lang=en:0
[  718342ms] [WARNING] The resource https://sf16-website-login.neutral.ttwstatic.com/obj/tiktok_web_login_static/tiktok/web/tiktok_fe_login_vmok/static/js/async/5613.8d5871a3.js was preloaded using link preload but not used within a few seconds from the window's load event. Please make sure it has an appropriate `as` value and it is preloaded intentionally. @ https://www.tiktok.com/@hegawystores?lang=en:0
[  718343ms] [WARNING] The resource https://sf16-website-login.neutral.ttwstatic.com/obj/tiktok_web_login_static/tiktok/web/tiktok_fe_login_vmok/static/js/async/1775.2141490f.js was preloaded using link preload but not used within a few seconds from the window's load event. Please make sure it has an appropriate `as` value and it is preloaded intentionally. @ https://www.tiktok.com/@hegawystores?lang=en:0
[  718343ms] [WARNING] The resource https://sf16-website-login.neutral.ttwstatic.com/obj/tiktok_web_login_static/tiktok/web/tiktok_fe_login_vmok/static/js/async/argus-builder-strategy.3e97a26f.js was preloaded using link preload but not used within a few seconds from the window's load event. Please make sure it has an appropriate `as` value and it is preloaded intentionally. @ https://www.tiktok.com/@hegawystores?lang=en:0
[  718343ms] [WARNING] The resource https://sf16-website-login.neutral.ttwstatic.com/obj/tiktok_web_login_static/tiktok/web/tiktok_fe_login_vmok/static/js/async/6869.bf0826a7.js was preloaded using link preload but not used within a few seconds from the window's load event. Please make sure it has an appropriate `as` value and it is preloaded intentionally. @ https://www.tiktok.com/@hegawystores?lang=en:0
[  718343ms] [WARNING] The resource https://sf16-website-login.neutral.ttwstatic.com/obj/tiktok_web_login_static/tiktok/web/tiktok_fe_login_vmok/static/js/async/6552.fd94ddd5.js was preloaded using link preload but not used within a few seconds from the window's load event. Please make sure it has an appropriate `as` value and it is preloaded intentionally. @ https://www.tiktok.com/@hegawystores?lang=en:0
[  718343ms] [WARNING] The resource https://sf16-website-login.neutral.ttwstatic.com/obj/tiktok_web_login_static/tiktok/web/tiktok_fe_login_vmok/static/js/async/lib-axios.68812c5b.js was preloaded using link preload but not used within a few seconds from the window's load event. Please make sure it has an appropriate `as` value and it is preloaded intentionally. @ https://www.tiktok.com/@hegawystores?lang=en:0
[  728913ms] [WARNING] The resource https://sf16-website-login.neutral.ttwstatic.com/obj/tiktok_web_login_static/tiktok/web/tiktok_fe_login_vmok/static/js/async/__federation_expose_pure.7bb71833.js was preloaded using link preload but not used within a few seconds from the window's load event. Please make sure it has an appropriate `as` value and it is preloaded intentionally. @ https://www.tiktok.com/@hegawystores?lang=en:0
[  728913ms] [WARNING] The resource https://sf16-website-login.neutral.ttwstatic.com/obj/tiktok_web_login_static/tiktok/web/tiktok_fe_login_vmok/static/js/async/3911.77069edd.js was preloaded using link preload but not used within a few seconds from the window's load event. Please make sure it has an appropriate `as` value and it is preloaded intentionally. @ https://www.tiktok.com/@hegawystores?lang=en:0
[  728913ms] [WARNING] The resource https://sf16-website-login.neutral.ttwstatic.com/obj/tiktok_web_login_static/tiktok/web/tiktok_fe_login_vmok/static/js/async/1265.abf06e8b.js was preloaded using link preload but not used within a few seconds from the window's load event. Please make sure it has an appropriate `as` value and it is preloaded intentionally. @ https://www.tiktok.com/@hegawystores?lang=en:0
[  728913ms] [WARNING] The resource https://sf16-website-login.neutral.ttwstatic.com/obj/tiktok_web_login_static/tiktok/web/tiktok_fe_login_vmok/static/js/async/5613.8d5871a3.js was preloaded using link preload but not used within a few seconds from the window's load event. Please make sure it has an appropriate `as` value and it is preloaded intentionally. @ https://www.tiktok.com/@hegawystores?lang=en:0
[  728913ms] [WARNING] The resource https://sf16-website-login.neutral.ttwstatic.com/obj/tiktok_web_login_static/tiktok/web/tiktok_fe_login_vmok/static/js/async/1775.2141490f.js was preloaded using link preload but not used within a few seconds from the window's load event. Please make sure it has an appropriate `as` value and it is preloaded intentionally. @ https://www.tiktok.com/@hegawystores?lang=en:0
[  728913ms] [WARNING] The resource https://sf16-website-login.neutral.ttwstatic.com/obj/tiktok_web_login_static/tiktok/web/tiktok_fe_login_vmok/static/js/async/argus-builder-strategy.3e97a26f.js was preloaded using link preload but not used within a few seconds from the window's load event. Please make sure it has an appropriate `as` value and it is preloaded intentionally. @ https://www.tiktok.com/@hegawystores?lang=en:0
[  728913ms] [WARNING] The resource https://sf16-website-login.neutral.ttwstatic.com/obj/tiktok_web_login_static/tiktok/web/tiktok_fe_login_vmok/static/js/async/6869.bf0826a7.js was preloaded using link preload but not used within a few seconds from the window's load event. Please make sure it has an appropriate `as` value and it is preloaded intentionally. @ https://www.tiktok.com/@hegawystores?lang=en:0
[  728913ms] [WARNING] The resource https://sf16-website-login.neutral.ttwstatic.com/obj/tiktok_web_login_static/tiktok/web/tiktok_fe_login_vmok/static/js/async/6552.fd94ddd5.js was preloaded using link preload but not used within a few seconds from the window's load event. Please make sure it has an appropriate `as` value and it is preloaded intentionally. @ https://www.tiktok.com/@hegawystores?lang=en:0
[  728914ms] [WARNING] The resource https://sf16-website-login.neutral.ttwstatic.com/obj/tiktok_web_login_static/tiktok/web/tiktok_fe_login_vmok/static/js/async/lib-axios.68812c5b.js was preloaded using link preload but not used within a few seconds from the window's load event. Please make sure it has an appropriate `as` value and it is preloaded intentionally. @ https://www.tiktok.com/@hegawystores?lang=en:0
[  732728ms] [WARNING] The resource https://sf16-website-login.neutral.ttwstatic.com/obj/tiktok_web_login_static/tiktok/web/tiktok_fe_login_vmok/static/js/async/__federation_expose_pure.7bb71833.js was preloaded using link preload but not used within a few seconds from the window's load event. Please make sure it has an appropriate `as` value and it is preloaded intentionally. @ https://www.tiktok.com/@hegawystores?lang=en:0
[  732728ms] [WARNING] The resource https://sf16-website-login.neutral.ttwstatic.com/obj/tiktok_web_login_static/tiktok/web/tiktok_fe_login_vmok/static/js/async/3911.77069edd.js was preloaded using link preload but not used within a few seconds from the window's load event. Please make sure it has an appropriate `as` value and it is preloaded intentionally. @ https://www.tiktok.com/@hegawystores?lang=en:0
[  732728ms] [WARNING] The resource https://sf16-website-login.neutral.ttwstatic.com/obj/tiktok_web_login_static/tiktok/web/tiktok_fe_login_vmok/static/js/async/1265.abf06e8b.js was preloaded using link preload but not used within a few seconds from the window's load event. Please make sure it has an appropriate `as` value and it is preloaded intentionally. @ https://www.tiktok.com/@hegawystores?lang=en:0
[  732728ms] [WARNING] The resource https://sf16-website-login.neutral.ttwstatic.com/obj/tiktok_web_login_static/tiktok/web/tiktok_fe_login_vmok/static/js/async/5613.8d5871a3.js was preloaded using link preload but not used within a few seconds from the window's load event. Please make sure it has an appropriate `as` value and it is preloaded intentionally. @ https://www.tiktok.com/@hegawystores?lang=en:0
[  732728ms] [WARNING] The resource https://sf16-website-login.neutral.ttwstatic.com/obj/tiktok_web_login_static/tiktok/web/tiktok_fe_login_vmok/static/js/async/1775.2141490f.js was preloaded using link preload but not used within a few seconds from the window's load event. Please make sure it has an appropriate `as` value and it is preloaded intentionally. @ https://www.tiktok.com/@hegawystores?lang=en:0
[  732728ms] [WARNING] The resource https://sf16-website-login.neutral.ttwstatic.com/obj/tiktok_web_login_static/tiktok/web/tiktok_fe_login_vmok/static/js/async/argus-builder-strategy.3e97a26f.js was preloaded using link preload but not used within a few seconds from the window's load event. Please make sure it has an appropriate `as` value and it is preloaded intentionally. @ https://www.tiktok.com/@hegawystores?lang=en:0
[  732728ms] [WARNING] The resource https://sf16-website-login.neutral.ttwstatic.com/obj/tiktok_web_login_static/tiktok/web/tiktok_fe_login_vmok/static/js/async/6869.bf0826a7.js was preloaded using link preload but not used within a few seconds from the window's load event. Please make sure it has an appropriate `as` value and it is preloaded intentionally. @ https://www.tiktok.com/@hegawystores?lang=en:0
[  732728ms] [WARNING] The resource https://sf16-website-login.neutral.ttwstatic.com/obj/tiktok_web_login_static/tiktok/web/tiktok_fe_login_vmok/static/js/async/6552.fd94ddd5.js was preloaded using link preload but not used within a few seconds from the window's load event. Please make sure it has an appropriate `as` value and it is preloaded intentionally. @ https://www.tiktok.com/@hegawystores?lang=en:0
[  732728ms] [WARNING] The resource https://sf16-website-login.neutral.ttwstatic.com/obj/tiktok_web_login_static/tiktok/web/tiktok_fe_login_vmok/static/js/async/lib-axios.68812c5b.js was preloaded using link preload but not used within a few seconds from the window's load event. Please make sure it has an appropriate `as` value and it is preloaded intentionally. @ https://www.tiktok.com/@hegawystores?lang=en:0
[  739481ms] [WARNING] The resource https://sf16-website-login.neutral.ttwstatic.com/obj/tiktok_web_login_static/tiktok/web/tiktok_fe_login_vmok/static/js/async/__federation_expose_pure.7bb71833.js was preloaded using link preload but not used within a few seconds from the window's load event. Please make sure it has an appropriate `as` value and it is preloaded intentionally. @ https://www.tiktok.com/@hegawystores?lang=en:0
[  739481ms] [WARNING] The resource https://sf16-website-login.neutral.ttwstatic.com/obj/tiktok_web_login_static/tiktok/web/tiktok_fe_login_vmok/static/js/async/3911.77069edd.js was preloaded using link preload but not used within a few seconds from the window's load event. Please make sure it has an appropriate `as` value and it is preloaded intentionally. @ https://www.tiktok.com/@hegawystores?lang=en:0
[  739481ms] [WARNING] The resource https://sf16-website-login.neutral.ttwstatic.com/obj/tiktok_web_login_static/tiktok/web/tiktok_fe_login_vmok/static/js/async/1265.abf06e8b.js was preloaded using link preload but not used within a few seconds from the window's load event. Please make sure it has an appropriate `as` value and it is preloaded intentionally. @ https://www.tiktok.com/@hegawystores?lang=en:0
[  739481ms] [WARNING] The resource https://sf16-website-login.neutral.ttwstatic.com/obj/tiktok_web_login_static/tiktok/web/tiktok_fe_login_vmok/static/js/async/5613.8d5871a3.js was preloaded using link preload but not used within a few seconds from the window's load event. Please make sure it has an appropriate `as` value and it is preloaded intentionally. @ https://www.tiktok.com/@hegawystores?lang=en:0
[  739481ms] [WARNING] The resource https://sf16-website-login.neutral.ttwstatic.com/obj/tiktok_web_login_static/tiktok/web/tiktok_fe_login_vmok/static/js/async/1775.2141490f.js was preloaded using link preload but not used within a few seconds from the window's load event. Please make sure it has an appropriate `as` value and it is preloaded intentionally. @ https://www.tiktok.com/@hegawystores?lang=en:0
[  739481ms] [WARNING] The resource https://sf16-website-login.neutral.ttwstatic.com/obj/tiktok_web_login_static/tiktok/web/tiktok_fe_login_vmok/static/js/async/argus-builder-strategy.3e97a26f.js was preloaded using link preload but not used within a few seconds from the window's load event. Please make sure it has an appropriate `as` value and it is preloaded intentionally. @ https://www.tiktok.com/@hegawystores?lang=en:0
[  739481ms] [WARNING] The resource https://sf16-website-login.neutral.ttwstatic.com/obj/tiktok_web_login_static/tiktok/web/tiktok_fe_login_vmok/static/js/async/6869.bf0826a7.js was preloaded using link preload but not used within a few seconds from the window's load event. Please make sure it has an appropriate `as` value and it is preloaded intentionally. @ https://www.tiktok.com/@hegawystores?lang=en:0
[  739481ms] [WARNING] The resource https://sf16-website-login.neutral.ttwstatic.com/obj/tiktok_web_login_static/tiktok/web/tiktok_fe_login_vmok/static/js/async/6552.fd94ddd5.js was preloaded using link preload but not used within a few seconds from the window's load event. Please make sure it has an appropriate `as` value and it is preloaded intentionally. @ https://www.tiktok.com/@hegawystores?lang=en:0
[  739481ms] [WARNING] The resource https://sf16-website-login.neutral.ttwstatic.com/obj/tiktok_web_login_static/tiktok/web/tiktok_fe_login_vmok/static/js/async/lib-axios.68812c5b.js was preloaded using link preload but not used within a few seconds from the window's load event. Please make sure it has an appropriate `as` value and it is preloaded intentionally. @ https://www.tiktok.com/@hegawystores?lang=en:0
[  750137ms] [WARNING] The resource https://sf16-website-login.neutral.ttwstatic.com/obj/tiktok_web_login_static/tiktok/web/tiktok_fe_login_vmok/static/js/async/__federation_expose_pure.7bb71833.js was preloaded using link preload but not used within a few seconds from the window's load event. Please make sure it has an appropriate `as` value and it is preloaded intentionally. @ https://www.tiktok.com/@hegawystores?lang=en:0
[  750137ms] [WARNING] The resource https://sf16-website-login.neutral.ttwstatic.com/obj/tiktok_web_login_static/tiktok/web/tiktok_fe_login_vmok/static/js/async/3911.77069edd.js was preloaded using link preload but not used within a few seconds from the window's load event. Please make sure it has an appropriate `as` value and it is preloaded intentionally. @ https://www.tiktok.com/@hegawystores?lang=en:0
[  750137ms] [WARNING] The resource https://sf16-website-login.neutral.ttwstatic.com/obj/tiktok_web_login_static/tiktok/web/tiktok_fe_login_vmok/static/js/async/1265.abf06e8b.js was preloaded using link preload but not used within a few seconds from the window's load event. Please make sure it has an appropriate `as` value and it is preloaded intentionally. @ https://www.tiktok.com/@hegawystores?lang=en:0
[  750137ms] [WARNING] The resource https://sf16-website-login.neutral.ttwstatic.com/obj/tiktok_web_login_static/tiktok/web/tiktok_fe_login_vmok/static/js/async/5613.8d5871a3.js was preloaded using link preload but not used within a few seconds from the window's load event. Please make sure it has an appropriate `as` value and it is preloaded intentionally. @ https://www.tiktok.com/@hegawystores?lang=en:0
[  750137ms] [WARNING] The resource https://sf16-website-login.neutral.ttwstatic.com/obj/tiktok_web_login_static/tiktok/web/tiktok_fe_login_vmok/static/js/async/1775.2141490f.js was preloaded using link preload but not used within a few seconds from the window's load event. Please make sure it has an appropriate `as` value and it is preloaded intentionally. @ https://www.tiktok.com/@hegawystores?lang=en:0
[  750137ms] [WARNING] The resource https://sf16-website-login.neutral.ttwstatic.com/obj/tiktok_web_login_static/tiktok/web/tiktok_fe_login_vmok/static/js/async/argus-builder-strategy.3e97a26f.js was preloaded using link preload but not used within a few seconds from the window's load event. Please make sure it has an appropriate `as` value and it is preloaded intentionally. @ https://www.tiktok.com/@hegawystores?lang=en:0
[  750137ms] [WARNING] The resource https://sf16-website-login.neutral.ttwstatic.com/obj/tiktok_web_login_static/tiktok/web/tiktok_fe_login_vmok/static/js/async/6869.bf0826a7.js was preloaded using link preload but not used within a few seconds from the window's load event. Please make sure it has an appropriate `as` value and it is preloaded intentionally. @ https://www.tiktok.com/@hegawystores?lang=en:0
[  750137ms] [WARNING] The resource https://sf16-website-login.neutral.ttwstatic.com/obj/tiktok_web_login_static/tiktok/web/tiktok_fe_login_vmok/static/js/async/6552.fd94ddd5.js was preloaded using link preload but not used within a few seconds from the window's load event. Please make sure it has an appropriate `as` value and it is preloaded intentionally. @ https://www.tiktok.com/@hegawystores?lang=en:0
[  750137ms] [WARNING] The resource https://sf16-website-login.neutral.ttwstatic.com/obj/tiktok_web_login_static/tiktok/web/tiktok_fe_login_vmok/static/js/async/lib-axios.68812c5b.js was preloaded using link preload but not used within a few seconds from the window's load event. Please make sure it has an appropriate `as` value and it is preloaded intentionally. @ https://www.tiktok.com/@hegawystores?lang=en:0
[  757016ms] [WARNING] The resource https://sf16-website-login.neutral.ttwstatic.com/obj/tiktok_web_login_static/tiktok/web/tiktok_fe_login_vmok/static/js/async/__federation_expose_pure.7bb71833.js was preloaded using link preload but not used within a few seconds from the window's load event. Please make sure it has an appropriate `as` value and it is preloaded intentionally. @ https://www.tiktok.com/@hegawystores?lang=en:0
[  757016ms] [WARNING] The resource https://sf16-website-login.neutral.ttwstatic.com/obj/tiktok_web_login_static/tiktok/web/tiktok_fe_login_vmok/static/js/async/3911.77069edd.js was preloaded using link preload but not used within a few seconds from the window's load event. Please make sure it has an appropriate `as` value and it is preloaded intentionally. @ https://www.tiktok.com/@hegawystores?lang=en:0
[  757016ms] [WARNING] The resource https://sf16-website-login.neutral.ttwstatic.com/obj/tiktok_web_login_static/tiktok/web/tiktok_fe_login_vmok/static/js/async/1265.abf06e8b.js was preloaded using link preload but not used within a few seconds from the window's load event. Please make sure it has an appropriate `as` value and it is preloaded intentionally. @ https://www.tiktok.com/@hegawystores?lang=en:0
[  757016ms] [WARNING] The resource https://sf16-website-login.neutral.ttwstatic.com/obj/tiktok_web_login_static/tiktok/web/tiktok_fe_login_vmok/static/js/async/5613.8d5871a3.js was preloaded using link preload but not used within a few seconds from the window's load event. Please make sure it has an appropriate `as` value and it is preloaded intentionally. @ https://www.tiktok.com/@hegawystores?lang=en:0
[  757016ms] [WARNING] The resource https://sf16-website-login.neutral.ttwstatic.com/obj/tiktok_web_login_static/tiktok/web/tiktok_fe_login_vmok/static/js/async/1775.2141490f.js was preloaded using link preload but not used within a few seconds from the window's load event. Please make sure it has an appropriate `as` value and it is preloaded intentionally. @ https://www.tiktok.com/@hegawystores?lang=en:0
[  757016ms] [WARNING] The resource https://sf16-website-login.neutral.ttwstatic.com/obj/tiktok_web_login_static/tiktok/web/tiktok_fe_login_vmok/static/js/async/argus-builder-strategy.3e97a26f.js was preloaded using link preload but not used within a few seconds from the window's load event. Please make sure it has an appropriate `as` value and it is preloaded intentionally. @ https://www.tiktok.com/@hegawystores?lang=en:0
[  757016ms] [WARNING] The resource https://sf16-website-login.neutral.ttwstatic.com/obj/tiktok_web_login_static/tiktok/web/tiktok_fe_login_vmok/static/js/async/6869.bf0826a7.js was preloaded using link preload but not used within a few seconds from the window's load event. Please make sure it has an appropriate `as` value and it is preloaded intentionally. @ https://www.tiktok.com/@hegawystores?lang=en:0
[  757016ms] [WARNING] The resource https://sf16-website-login.neutral.ttwstatic.com/obj/tiktok_web_login_static/tiktok/web/tiktok_fe_login_vmok/static/js/async/6552.fd94ddd5.js was preloaded using link preload but not used within a few seconds from the window's load event. Please make sure it has an appropriate `as` value and it is preloaded intentionally. @ https://www.tiktok.com/@hegawystores?lang=en:0
[  757016ms] [WARNING] The resource https://sf16-website-login.neutral.ttwstatic.com/obj/tiktok_web_login_static/tiktok/web/tiktok_fe_login_vmok/static/js/async/lib-axios.68812c5b.js was preloaded using link preload but not used within a few seconds from the window's load event. Please make sure it has an appropriate `as` value and it is preloaded intentionally. @ https://www.tiktok.com/@hegawystores?lang=en:0
[  760734ms] [WARNING] The resource https://sf16-website-login.neutral.ttwstatic.com/obj/tiktok_web_login_static/tiktok/web/tiktok_fe_login_vmok/static/js/async/__federation_expose_pure.7bb71833.js was preloaded using link preload but not used within a few seconds from the window's load event. Please make sure it has an appropriate `as` value and it is preloaded intentionally. @ https://www.tiktok.com/@hegawystores?lang=en:0
[  760734ms] [WARNING] The resource https://sf16-website-login.neutral.ttwstatic.com/obj/tiktok_web_login_static/tiktok/web/tiktok_fe_login_vmok/static/js/async/3911.77069edd.js was preloaded using link preload but not used within a few seconds from the window's load event. Please make sure it has an appropriate `as` value and it is preloaded intentionally. @ https://www.tiktok.com/@hegawystores?lang=en:0
[  760735ms] [WARNING] The resource https://sf16-website-login.neutral.ttwstatic.com/obj/tiktok_web_login_static/tiktok/web/tiktok_fe_login_vmok/static/js/async/1265.abf06e8b.js was preloaded using link preload but not used within a few seconds from the window's load event. Please make sure it has an appropriate `as` value and it is preloaded intentionally. @ https://www.tiktok.com/@hegawystores?lang=en:0
[  760735ms] [WARNING] The resource https://sf16-website-login.neutral.ttwstatic.com/obj/tiktok_web_login_static/tiktok/web/tiktok_fe_login_vmok/static/js/async/5613.8d5871a3.js was preloaded using link preload but not used within a few seconds from the window's load event. Please make sure it has an appropriate `as` value and it is preloaded intentionally. @ https://www.tiktok.com/@hegawystores?lang=en:0
[  760735ms] [WARNING] The resource https://sf16-website-login.neutral.ttwstatic.com/obj/tiktok_web_login_static/tiktok/web/tiktok_fe_login_vmok/static/js/async/1775.2141490f.js was preloaded using link preload but not used within a few seconds from the window's load event. Please make sure it has an appropriate `as` value and it is preloaded intentionally. @ https://www.tiktok.com/@hegawystores?lang=en:0
[  760735ms] [WARNING] The resource https://sf16-website-login.neutral.ttwstatic.com/obj/tiktok_web_login_static/tiktok/web/tiktok_fe_login_vmok/static/js/async/argus-builder-strategy.3e97a26f.js was preloaded using link preload but not used within a few seconds from the window's load event. Please make sure it has an appropriate `as` value and it is preloaded intentionally. @ https://www.tiktok.com/@hegawystores?lang=en:0
[  760735ms] [WARNING] The resource https://sf16-website-login.neutral.ttwstatic.com/obj/tiktok_web_login_static/tiktok/web/tiktok_fe_login_vmok/static/js/async/6869.bf0826a7.js was preloaded using link preload but not used within a few seconds from the window's load event. Please make sure it has an appropriate `as` value and it is preloaded intentionally. @ https://www.tiktok.com/@hegawystores?lang=en:0
[  760735ms] [WARNING] The resource https://sf16-website-login.neutral.ttwstatic.com/obj/tiktok_web_login_static/tiktok/web/tiktok_fe_login_vmok/static/js/async/6552.fd94ddd5.js was preloaded using link preload but not used within a few seconds from the window's load event. Please make sure it has an appropriate `as` value and it is preloaded intentionally. @ https://www.tiktok.com/@hegawystores?lang=en:0
[  760735ms] [WARNING] The resource https://sf16-website-login.neutral.ttwstatic.com/obj/tiktok_web_login_static/tiktok/web/tiktok_fe_login_vmok/static/js/async/lib-axios.68812c5b.js was preloaded using link preload but not used within a few seconds from the window's load event. Please make sure it has an appropriate `as` value and it is preloaded intentionally. @ https://www.tiktok.com/@hegawystores?lang=en:0
[  771427ms] [WARNING] The resource https://sf16-website-login.neutral.ttwstatic.com/obj/tiktok_web_login_static/tiktok/web/tiktok_fe_login_vmok/static/js/async/__federation_expose_pure.7bb71833.js was preloaded using link preload but not used within a few seconds from the window's load event. Please make sure it has an appropriate `as` value and it is preloaded intentionally. @ https://www.tiktok.com/@hegawystores?lang=en:0
[  771427ms] [WARNING] The resource https://sf16-website-login.neutral.ttwstatic.com/obj/tiktok_web_login_static/tiktok/web/tiktok_fe_login_vmok/static/js/async/3911.77069edd.js was preloaded using link preload but not used within a few seconds from the window's load event. Please make sure it has an appropriate `as` value and it is preloaded intentionally. @ https://www.tiktok.com/@hegawystores?lang=en:0
[  771427ms] [WARNING] The resource https://sf16-website-login.neutral.ttwstatic.com/obj/tiktok_web_login_static/tiktok/web/tiktok_fe_login_vmok/static/js/async/1265.abf06e8b.js was preloaded using link preload but not used within a few seconds from the window's load event. Please make sure it has an appropriate `as` value and it is preloaded intentionally. @ https://www.tiktok.com/@hegawystores?lang=en:0
[  771427ms] [WARNING] The resource https://sf16-website-login.neutral.ttwstatic.com/obj/tiktok_web_login_static/tiktok/web/tiktok_fe_login_vmok/static/js/async/5613.8d5871a3.js was preloaded using link preload but not used within a few seconds from the window's load event. Please make sure it has an appropriate `as` value and it is preloaded intentionally. @ https://www.tiktok.com/@hegawystores?lang=en:0
[  771427ms] [WARNING] The resource https://sf16-website-login.neutral.ttwstatic.com/obj/tiktok_web_login_static/tiktok/web/tiktok_fe_login_vmok/static/js/async/1775.2141490f.js was preloaded using link preload but not used within a few seconds from the window's load event. Please make sure it has an appropriate `as` value and it is preloaded intentionally. @ https://www.tiktok.com/@hegawystores?lang=en:0
[  771427ms] [WARNING] The resource https://sf16-website-login.neutral.ttwstatic.com/obj/tiktok_web_login_static/tiktok/web/tiktok_fe_login_vmok/static/js/async/argus-builder-strategy.3e97a26f.js was preloaded using link preload but not used within a few seconds from the window's load event. Please make sure it has an appropriate `as` value and it is preloaded intentionally. @ https://www.tiktok.com/@hegawystores?lang=en:0
[  771427ms] [WARNING] The resource https://sf16-website-login.neutral.ttwstatic.com/obj/tiktok_web_login_static/tiktok/web/tiktok_fe_login_vmok/static/js/async/6869.bf0826a7.js was preloaded using link preload but not used within a few seconds from the window's load event. Please make sure it has an appropriate `as` value and it is preloaded intentionally. @ https://www.tiktok.com/@hegawystores?lang=en:0
[  771427ms] [WARNING] The resource https://sf16-website-login.neutral.ttwstatic.com/obj/tiktok_web_login_static/tiktok/web/tiktok_fe_login_vmok/static/js/async/6552.fd94ddd5.js was preloaded using link preload but not used within a few seconds from the window's load event. Please make sure it has an appropriate `as` value and it is preloaded intentionally. @ https://www.tiktok.com/@hegawystores?lang=en:0
[  771427ms] [WARNING] The resource https://sf16-website-login.neutral.ttwstatic.com/obj/tiktok_web_login_static/tiktok/web/tiktok_fe_login_vmok/static/js/async/lib-axios.68812c5b.js was preloaded using link preload but not used within a few seconds from the window's load event. Please make sure it has an appropriate `as` value and it is preloaded intentionally. @ https://www.tiktok.com/@hegawystores?lang=en:0
[  782031ms] [WARNING] The resource https://sf16-website-login.neutral.ttwstatic.com/obj/tiktok_web_login_static/tiktok/web/tiktok_fe_login_vmok/static/js/async/__federation_expose_pure.7bb71833.js was preloaded using link preload but not used within a few seconds from the window's load event. Please make sure it has an appropriate `as` value and it is preloaded intentionally. @ https://www.tiktok.com/@hegawystores?lang=en:0
[  782031ms] [WARNING] The resource https://sf16-website-login.neutral.ttwstatic.com/obj/tiktok_web_login_static/tiktok/web/tiktok_fe_login_vmok/static/js/async/3911.77069edd.js was preloaded using link preload but not used within a few seconds from the window's load event. Please make sure it has an appropriate `as` value and it is preloaded intentionally. @ https://www.tiktok.com/@hegawystores?lang=en:0
[  782032ms] [WARNING] The resource https://sf16-website-login.neutral.ttwstatic.com/obj/tiktok_web_login_static/tiktok/web/tiktok_fe_login_vmok/static/js/async/1265.abf06e8b.js was preloaded using link preload but not used within a few seconds from the window's load event. Please make sure it has an appropriate `as` value and it is preloaded intentionally. @ https://www.tiktok.com/@hegawystores?lang=en:0
[  782032ms] [WARNING] The resource https://sf16-website-login.neutral.ttwstatic.com/obj/tiktok_web_login_static/tiktok/web/tiktok_fe_login_vmok/static/js/async/5613.8d5871a3.js was preloaded using link preload but not used within a few seconds from the window's load event. Please make sure it has an appropriate `as` value and it is preloaded intentionally. @ https://www.tiktok.com/@hegawystores?lang=en:0
[  782032ms] [WARNING] The resource https://sf16-website-login.neutral.ttwstatic.com/obj/tiktok_web_login_static/tiktok/web/tiktok_fe_login_vmok/static/js/async/1775.2141490f.js was preloaded using link preload but not used within a few seconds from the window's load event. Please make sure it has an appropriate `as` value and it is preloaded intentionally. @ https://www.tiktok.com/@hegawystores?lang=en:0
[  782032ms] [WARNING] The resource https://sf16-website-login.neutral.ttwstatic.com/obj/tiktok_web_login_static/tiktok/web/tiktok_fe_login_vmok/static/js/async/argus-builder-strategy.3e97a26f.js was preloaded using link preload but not used within a few seconds from the window's load event. Please make sure it has an appropriate `as` value and it is preloaded intentionally. @ https://www.tiktok.com/@hegawystores?lang=en:0
[  782032ms] [WARNING] The resource https://sf16-website-login.neutral.ttwstatic.com/obj/tiktok_web_login_static/tiktok/web/tiktok_fe_login_vmok/static/js/async/6869.bf0826a7.js was preloaded using link preload but not used within a few seconds from the window's load event. Please make sure it has an appropriate `as` value and it is preloaded intentionally. @ https://www.tiktok.com/@hegawystores?lang=en:0
[  782032ms] [WARNING] The resource https://sf16-website-login.neutral.ttwstatic.com/obj/tiktok_web_login_static/tiktok/web/tiktok_fe_login_vmok/static/js/async/6552.fd94ddd5.js was preloaded using link preload but not used within a few seconds from the window's load event. Please make sure it has an appropriate `as` value and it is preloaded intentionally. @ https://www.tiktok.com/@hegawystores?lang=en:0
[  782033ms] [WARNING] The resource https://sf16-website-login.neutral.ttwstatic.com/obj/tiktok_web_login_static/tiktok/web/tiktok_fe_login_vmok/static/js/async/lib-axios.68812c5b.js was preloaded using link preload but not used within a few seconds from the window's load event. Please make sure it has an appropriate `as` value and it is preloaded intentionally. @ https://www.tiktok.com/@hegawystores?lang=en:0
[  787215ms] [WARNING] The resource https://sf16-website-login.neutral.ttwstatic.com/obj/tiktok_web_login_static/tiktok/web/tiktok_fe_login_vmok/static/js/async/__federation_expose_pure.7bb71833.js was preloaded using link preload but not used within a few seconds from the window's load event. Please make sure it has an appropriate `as` value and it is preloaded intentionally. @ https://www.tiktok.com/@hegawystores?lang=en:0
[  787215ms] [WARNING] The resource https://sf16-website-login.neutral.ttwstatic.com/obj/tiktok_web_login_static/tiktok/web/tiktok_fe_login_vmok/static/js/async/3911.77069edd.js was preloaded using link preload but not used within a few seconds from the window's load event. Please make sure it has an appropriate `as` value and it is preloaded intentionally. @ https://www.tiktok.com/@hegawystores?lang=en:0
[  787215ms] [WARNING] The resource https://sf16-website-login.neutral.ttwstatic.com/obj/tiktok_web_login_static/tiktok/web/tiktok_fe_login_vmok/static/js/async/1265.abf06e8b.js was preloaded using link preload but not used within a few seconds from the window's load event. Please make sure it has an appropriate `as` value and it is preloaded intentionally. @ https://www.tiktok.com/@hegawystores?lang=en:0
[  787215ms] [WARNING] The resource https://sf16-website-login.neutral.ttwstatic.com/obj/tiktok_web_login_static/tiktok/web/tiktok_fe_login_vmok/static/js/async/5613.8d5871a3.js was preloaded using link preload but not used within a few seconds from the window's load event. Please make sure it has an appropriate `as` value and it is preloaded intentionally. @ https://www.tiktok.com/@hegawystores?lang=en:0
[  787215ms] [WARNING] The resource https://sf16-website-login.neutral.ttwstatic.com/obj/tiktok_web_login_static/tiktok/web/tiktok_fe_login_vmok/static/js/async/1775.2141490f.js was preloaded using link preload but not used within a few seconds from the window's load event. Please make sure it has an appropriate `as` value and it is preloaded intentionally. @ https://www.tiktok.com/@hegawystores?lang=en:0
[  787215ms] [WARNING] The resource https://sf16-website-login.neutral.ttwstatic.com/obj/tiktok_web_login_static/tiktok/web/tiktok_fe_login_vmok/static/js/async/argus-builder-strategy.3e97a26f.js was preloaded using link preload but not used within a few seconds from the window's load event. Please make sure it has an appropriate `as` value and it is preloaded intentionally. @ https://www.tiktok.com/@hegawystores?lang=en:0
[  787215ms] [WARNING] The resource https://sf16-website-login.neutral.ttwstatic.com/obj/tiktok_web_login_static/tiktok/web/tiktok_fe_login_vmok/static/js/async/6869.bf0826a7.js was preloaded using link preload but not used within a few seconds from the window's load event. Please make sure it has an appropriate `as` value and it is preloaded intentionally. @ https://www.tiktok.com/@hegawystores?lang=en:0
[  787215ms] [WARNING] The resource https://sf16-website-login.neutral.ttwstatic.com/obj/tiktok_web_login_static/tiktok/web/tiktok_fe_login_vmok/static/js/async/6552.fd94ddd5.js was preloaded using link preload but not used within a few seconds from the window's load event. Please make sure it has an appropriate `as` value and it is preloaded intentionally. @ https://www.tiktok.com/@hegawystores?lang=en:0
[  787215ms] [WARNING] The resource https://sf16-website-login.neutral.ttwstatic.com/obj/tiktok_web_login_static/tiktok/web/tiktok_fe_login_vmok/static/js/async/lib-axios.68812c5b.js was preloaded using link preload but not used within a few seconds from the window's load event. Please make sure it has an appropriate `as` value and it is preloaded intentionally. @ https://www.tiktok.com/@hegawystores?lang=en:0
[  793606ms] [WARNING] The resource https://sf16-website-login.neutral.ttwstatic.com/obj/tiktok_web_login_static/tiktok/web/tiktok_fe_login_vmok/static/js/async/__federation_expose_pure.7bb71833.js was preloaded using link preload but not used within a few seconds from the window's load event. Please make sure it has an appropriate `as` value and it is preloaded intentionally. @ https://www.tiktok.com/@hegawystores?lang=en:0
[  793606ms] [WARNING] The resource https://sf16-website-login.neutral.ttwstatic.com/obj/tiktok_web_login_static/tiktok/web/tiktok_fe_login_vmok/static/js/async/3911.77069edd.js was preloaded using link preload but not used within a few seconds from the window's load event. Please make sure it has an appropriate `as` value and it is preloaded intentionally. @ https://www.tiktok.com/@hegawystores?lang=en:0
[  793606ms] [WARNING] The resource https://sf16-website-login.neutral.ttwstatic.com/obj/tiktok_web_login_static/tiktok/web/tiktok_fe_login_vmok/static/js/async/1265.abf06e8b.js was preloaded using link preload but not used within a few seconds from the window's load event. Please make sure it has an appropriate `as` value and it is preloaded intentionally. @ https://www.tiktok.com/@hegawystores?lang=en:0
[  793606ms] [WARNING] The resource https://sf16-website-login.neutral.ttwstatic.com/obj/tiktok_web_login_static/tiktok/web/tiktok_fe_login_vmok/static/js/async/5613.8d5871a3.js was preloaded using link preload but not used within a few seconds from the window's load event. Please make sure it has an appropriate `as` value and it is preloaded intentionally. @ https://www.tiktok.com/@hegawystores?lang=en:0
[  793606ms] [WARNING] The resource https://sf16-website-login.neutral.ttwstatic.com/obj/tiktok_web_login_static/tiktok/web/tiktok_fe_login_vmok/static/js/async/1775.2141490f.js was preloaded using link preload but not used within a few seconds from the window's load event. Please make sure it has an appropriate `as` value and it is preloaded intentionally. @ https://www.tiktok.com/@hegawystores?lang=en:0
[  793606ms] [WARNING] The resource https://sf16-website-login.neutral.ttwstatic.com/obj/tiktok_web_login_static/tiktok/web/tiktok_fe_login_vmok/static/js/async/argus-builder-strategy.3e97a26f.js was preloaded using link preload but not used within a few seconds from the window's load event. Please make sure it has an appropriate `as` value and it is preloaded intentionally. @ https://www.tiktok.com/@hegawystores?lang=en:0
[  793606ms] [WARNING] The resource https://sf16-website-login.neutral.ttwstatic.com/obj/tiktok_web_login_static/tiktok/web/tiktok_fe_login_vmok/static/js/async/6869.bf0826a7.js was preloaded using link preload but not used within a few seconds from the window's load event. Please make sure it has an appropriate `as` value and it is preloaded intentionally. @ https://www.tiktok.com/@hegawystores?lang=en:0
[  793606ms] [WARNING] The resource https://sf16-website-login.neutral.ttwstatic.com/obj/tiktok_web_login_static/tiktok/web/tiktok_fe_login_vmok/static/js/async/6552.fd94ddd5.js was preloaded using link preload but not used within a few seconds from the window's load event. Please make sure it has an appropriate `as` value and it is preloaded intentionally. @ https://www.tiktok.com/@hegawystores?lang=en:0
[  793606ms] [WARNING] The resource https://sf16-website-login.neutral.ttwstatic.com/obj/tiktok_web_login_static/tiktok/web/tiktok_fe_login_vmok/static/js/async/lib-axios.68812c5b.js was preloaded using link preload but not used within a few seconds from the window's load event. Please make sure it has an appropriate `as` value and it is preloaded intentionally. @ https://www.tiktok.com/@hegawystores?lang=en:0
